:020000040800F2
:10000000D8760120450300080F4D0008654200081E
:100010000D4D0008212A0008A1730008000000000F
:10002000000000000000000000000000B16B0008AC
:10003000852A000800000000815B0008B56B0008FD
:100040005F0300085F0300085F0300085F03000808
:100050005F0300085F0300085F0300085F030008F8
:100060005F0300085F0300085F0300085F030008E8
:100070005F0300085F0300085F0300085F030008D8
:100080005F0300085F0300085F0300085F030008C8
:100090005F0300085F0300085F0300085F030008B8
:1000A0005F030008D16B00085F0300085F030008CE
:1000B0005F0300085F0300085F0300085F03000898
:1000C0005F0300085F0300085F0300085F03000888
:1000D0005F030008596E00085F0300085F03000813
:1000E0005F0300085F0300085F0300085F03000868
:1000F0005F0300085F0300085F0300085F03000858
:100100005F030008295C00085F0300085F03000824
:10011000D96C00085F0300085F0300085F03000854
:100120005F0300085F030008252A0008312A000841
:100130005F0300085F0300085F0300085F03000817
:100140005F0300085F0300085F030008114D00080B
:100150005F0300083D2A0008492A00085F030008E1
:100160005F0300085F0300085F0300085F030008E7
:100170005F0300085F0300085F0300080000000041
:100180005F0300085F03000800F002F800F0CAF8FF
:1001900014A696E8000CB244B344DA4501D100F04D
:1001A000C1F8BAE80F000FA696E83000A5EB0405E9
:1001B00004EB0607AAEB0704A7F101074FEA1515A0
:1001C0004FEA3414A4F10104AC4201D300F0AAF8C0
:1001D00013F0010F18BFFB1A43F0010300F001F800
:1001E000DBE71847C8BF0100F8BF01000A4410F858
:1001F000014B14F00F0508BF10F8015B240908BF7C
:1002000010F8014B6D1E05D010F8013B6D1E01F872
:10021000013BF9D1641E03D0641E01F8015BFBD1E0
:100220009142E4D370470000103A24BF78C878C1E7
:10023000FAD8520724BF30C830C144BF04680C60EC
:1002400070470000704700000023002400250026AE
:10025000103A28BF78C1FBD8520728BF30C148BF29
:100260000B6070476E2900F0C785702900F0AF82DF
:10027000662917F0E687652917F0E387672917F0E5
:10028000E087612917F0DF8703681B0A28BF41F068
:100290008001692900F08A81642900F0878175292D
:1002A00000F084816F2900F03D82782900F07B8284
:1002B000E92901F02780E42901F02480F52901F0E3
:1002C0002180EF2900F03A82F82900F07A82036851
:1002D000DB0928BF41F08001632900F0DE87732924
:1002E00000F0E387E32901F00180F32901F00680A3
:1002F000002070471FB517F08FFF9DE8030000F046
:10030000EDFC01F075FB04000020002117F066FDF4
:10031000401C60600020002117F076FDE0601FBDEA
:1003200010B510BD01F044FE1146FFF7E3FF14F0D5
:10033000E3FA02F0A5F803B4FFF7F2FF03BCAFF352
:10034000008000000948804709480047FEE7FEE7B3
:10035000FEE7FEE7FEE7FEE7FEE7FEE7FEE7FEE775
:1003600004480549054A064B70470000C16B000868
:1003700089010008D8460120D8760120D8560120EE
:10038000D856012070B5064600F088FC056806F1D5
:100390000B0020F00704B4429CBF002070BD2B4628
:1003A0006A68BAB11068A04210D304F1080188420B
:1003B0003CBF5068586007D35168101941601168FC
:1003C000091B016058601460101D70BD134652680F
:1003D000002AE7D12146284600F06CFC0028DED137
:1003E00070BD70B50446051F00F058FC0068002C75
:1003F00014BF446870BD002C18BFAC423CBF2046FF
:100400006468F8D301680A18AA4218BF456003D18E
:100410002A6805461144016028684119A1421CBFA1
:100420006C6070BD6168696021680844286070BDB7
:100430001CB50C46064B7B4469460090204600F0F4
:1004400002FF04460020694600F010FF20461CBD54
:10045000330E00007CB51D4616460C00009007D0F8
:100460004142A14202D32044401E01E04FF0FF3040
:10047000064B7B442A4669460190304600F0E3FE75
:10048000002C02D0009A002111707CBD010E0000EA
:100490000FB4044910B503AA029800F00BFF10BC7A
:1004A0005DF814FBEC0600200FB41CB50C0007AA85
:1004B000009007D04142A14202D32044401E01E0F7
:1004C0004FF0FF30074B7B4469460190069800F0DF
:1004D000BAFE0021002C01D0009A11701CBC5DF8FE
:1004E00014FB0000AD0D000070B50446856900687E
:1004F000C10601D5302600E02026C00707D070BD18
:10050000D4E9012130469047206A401C20626D1ECC
:10051000F6D570BD70B5044685690078C00707D16F
:1005200070BDD4E9012120209047206A401C206240
:100530006D1EF6D570BD09684A0501D540B27047F9
:10054000C905FCD500B2704709684A0501D5C0B29B
:100550007047C905FCD580B2704770B50C4605469A
:10056000012A05D02878800600D5EA69002302E038
:10057000012305E05B1C934202D2E05C0028F9D124
:10058000A869E618C01AA861286A18442862284693
:10059000FFF7AAFF04E0D5E9012114F8010B904709
:1005A000B442F8D32846FFF7B5FF70BD2DE9F041FE
:1005B0000646002410687529314616A510D0FFF7AD
:1005C000BAFF002802DA404213A507E031688A0723
:1005D00001D512A502E0490704D511A5012401E0C7
:1005E000FFF7B2FF00210A2206F1240709E0B0FB61
:1005F000F2FCB0FBF2F302FB1C00303078541846DA
:10060000491C0028F3D123462A463046BDE8F04174
:1006100000F099BB000000002D0000002B0000003E
:10062000200000002DE9FF5F15468A460446DFF8EA
:10063000AC80F8440027D8E900103E46CDE9001010
:1006400010E03AF816106A4602A801F015F9411CAC
:1006500007D02178890603D5E269391891420DD86F
:100660000744761C2078800602D5E069B84205DD93
:10067000AE42E6DB3AF816000028E2D1A069C01BC2
:10068000A0612046FFF730FFD8E90010CDE9001047
:10069000002017E03AF818106A4602A801F0ECF8BA
:1006A000B0F1FF3F81460BD000250DF1080B05E0AE
:1006B000D4E901211BF8050090476D1C4D45F7D387
:1006C00008F10100B0428046E4DB206A3844206231
:1006D0002046FFF71FFFBDE8FF9F0000127D0100CD
:1006E00030B4002100F1240408E002F00705D2082C
:1006F000303542EA4372DB086554491C52EA03056F
:10070000F3D10468002310A2250708D504F02004C3
:100710000C4304D0C46901230CA2641EC46130BC24
:1007200000F011BB10B5044621461068FFF70CFF1E
:1007300002462046BDE810400023D1E7D21D22F03A
:100740000701D1E90023CBE70000000030000000E2
:10075000F0B40D460188090502D5214C7C4402E025
:100760001F4C7C440E34002100F1240608E002F006
:100770000F071209E75D42EA03721B097754491C0F
:1007800052EA0307F3D102780023120704D5702D33
:1007900006D009B1022311342246F0BC00F0D3BACE
:1007A00001231034F8E770B504460D462146106861
:1007B000FFF7CAFE024629462046BDE870400023E6
:1007C000C6E7D21D22F00703D3E90023C0E7036880
:1007D000126843F0200303600823C3610023B7E7D6
:1007E000F07B01002DE9F05F894604464FF0000AD6
:1007F000DFF874B1FB44C0F820A02046E1688847C8
:10080000002874D0252806D0D4E901219047206A19
:10081000401C2062F1E700265F462046E1688847D9
:100820002028054607DB312D05D2781910F8200C59
:1008300008B10643F1E7B00701D526F00406C4F875
:100840001CA00027C4F818A02A2D09D0284617F0AC
:1008500076FA38B304EB8708303DC8F8185019E031
:1008600059F8041B204604EB87029161E168884730
:10087000012F054618D1E069002820DA26F020066D
:100880001DE0D8F8180000EB800005EB4000303880
:10089000C8F818002046E1688847054617F04FFA67
:1008A0000028EED1012F0AD02E2D08D12046E16874
:1008B00088477F1C0546022F46F02006C4DBA0694E
:1008C000002803DA404246F00106A061F00701D09B
:1008D00026F010066C2D0BD0682D09D04C2D39D088
:1008E0006A2D35D0742D35D07A2D33D016E038E00E
:1008F000E1682F4620468847B842054609D16C2F4B
:1009000026D04FF48060E1680643204688470546BC
:1009100004E06C2F1AD04FF4807006430DB3A5F19C
:100920004100192802D8203546F400664A46294677
:10093000204626604E46FFF795FC80B101280BD07B
:10094000F61D26F0070000F1080956E74020E4E70D
:100950008020D8E70020D6E706F104094DE72846B5
:1009600052E7206ABDE8F09F807B010010B5044685
:1009700003E00DF0AFFA401C09D014F8010B054953
:100980000028F6D1BDE810400A200DF0A3BA4FF0C0
:10099000FF3010BDEC0600200EB5054614460E468D
:1009A00013A000F098FF284600F095FF16A000F075
:1009B00092FF304600F08FFF15A000F08CFF002161
:1009C0008DF80B100A210DF10A008DF80A1008E0CD
:1009D00094FBF1F201FB124294FBF1F4303200F887
:1009E000012D002CF4DC00F076FF00F069FF000020
:1009F0002A2A2A20617373657274696F6E2066619A
:100A0000696C65643A2000002C2066696C652000E2
:100A10002C206C696E652000014A00F067BF000061
:100A200000000020401ECAB210F8011F8A4202D006
:100A30000029F9D10020704730B503461D781DB15B
:100A40000A4603E0AC4201D1181A30BD12F8014B3E
:100A5000002CF7D15B1CF1E710B5431E13F8014FD2
:100A6000002CFBD105E011F8014B002C03F8014BE1
:100A700003D0521EF7D20021197010BD30B50346C5
:100A80001D783DB10A4612F8014B1CB1AC42FAD1B7
:100A90005B1CF5E7181A30BD30B505460B462A46F3
:100AA00013F8014B12F8010B08B1A042F8D01CB1A9
:100AB000002802D06D1CF1E7284630BD40EA010352
:100AC00010B59B070FD1042A0DD310C808C9121FF7
:100AD0009C42F8D020BA19BA884201D9012010BD31
:100AE0004FF0FF3010BD1AB1D30703D0521C07E0FE
:100AF000002010BD10F8013B11F8014B1B1B07D162
:100B000010F8013B11F8014B1B1B01D1921EF1D1D2
:100B1000184610BD40EA0103024630B59B0710D1CC
:100B20004FF0013400E008C208C91D1B9D4315EABF
:100B3000C41FF8D013F0FF0102F8011B0DD01B0AEF
:100B4000F8E711F8013B002B02F8013B05D011F842
:100B5000013B002B02F8013BF3D130BD0022CBB2A8
:100B600010F8011B994200D1421E0029F8D110460D
:100B7000704710B5431C02E010F8011B71B18107EA
:100B8000FAD14FF0013202C88C1A8C4314EAC21118
:100B9000F9D0C01A0A0603D0C01E10BDC01A10BD7D
:100BA0000A0401D0801E10BD0902FCD0401E10BDF9
:100BB00010B5044610F0030F08BF11F0030F40F00A
:100BC00015804FF0013E121FC0F20E8051F8043B19
:100BD000A3EB0E0C2CEA030C1CEACE1C08BF40F859
:100BE000043BF0D0A1F1040102F10402521E08DB23
:100BF00011F8013B00F8013B002BF7D1114600F042
:100C0000C9FE204610BD000030B44FF0013C50F842
:100C1000042B51F8043BCCFA52F4D51A20D1FCB97C
:100C200050F8042B51F8043BCCFA52F4D51A17D1E2
:100C3000B4B950F8042B51F8043BCCFA52F4D51A4D
:100C40000ED16CB950F8042B51F8043BCCFA52F495
:100C5000D51A05D1002CDAD030BC4FF00000704717
:100C600029BAB1FA81F111F01801D1F120008440C4
:100C7000F2D1CA40CB4012F0FF0213F0FF0330BCA8
:100C8000D01A7047704770477047000010B500F0E9
:100C9000AFFE001D10BD00BF457101000048704748
:100CA00078010020004870477001002070477047AD
:100CB0007047704738B504460A4600206946AFF3CE
:100CC0000080002808BF38BD02460099204600F089
:100CD00093FE012038BD012001F03BB9F8B5AFF318
:100CE0000080054600200C460C2000BF0646A819CF
:100CF000A0420DD9324669460020AFF300800700BC
:100D000008BF01F026F90098A04218BF0546C41993
:100D1000FFF7C4FF05600746F01D20F007004619E5
:100D2000284600F00AF8B44208BFF8BDA21B3146BD
:100D30003868BDE8F84000F05FBE00210160416006
:100D400070470C2070472DE9F0470D4699469246B2
:100D5000044600F124080168880604D5E06921F002
:100D60001001216000E00120A84201DD471B00E0E6
:100D70000027A1697A1902EB0900081AA0612078FE
:100D8000C00602D42046FFF7AFFB002608E0D4E9F6
:100D900001211AF806009047206A401C761C206248
:100DA0004E45F4DB2078C0060AD52046FFF79CFBB1
:100DB00006E0D4E9012130209047206A401C2062DF
:100DC000381EA7F10107F4DC07E0D4E9012118F887
:100DD00005009047206A401C2062281EA5F10105ED
:100DE000F3DC2046FFF796FB2078000602D50220B0
:100DF000BDE8F0870120FBE711680268006A53052F
:100E000001D508700AE0D30501D5088006E0130675
:100E100003D5C217C1E9000200E008600120704755
:100E20002DE9FF4F0C461E464FF0FF378BB0D2E93D
:100E30000001DDF860800A908A46C1F30A5505B9C1
:100E40003D46002108464FF00000BAF1000F00F4C3
:100E5000400005DA00EB80004FF4400101EA500049
:100E60004FEA9059B9F1010F00DDB9460A9850EAEE
:100E70004A000ED044F61050A5F2FF3545432F141A
:100E8000B8F1000F1ED07542291E1EDDC9F1000207
:100E90001CE0B8F1010F4FF0000001D0302103E059
:100EA000F24305E02154401CB042FBDB30460022F7
:100EB000002121540B99C1F80880C1E900200FB02E
:100EC000BDE8F08FBD1B6D1CDEE74A4600DA6942C3
:100ED00006A800F0C1FF06AB93E8070003AB83E868
:100EE000070050460A9916F0C6F98DE80700A0F5EC
:100EF00000501F3800900398002D0ADD42F21F01B8
:100F00004A460844002303A90390684616F072FC81
:100F100009E0A0F500504A461F38002303A90390BA
:100F2000684616F091FC8DE807000004000C03D021
:100F30004FF0FF30410800E01046B8F1000F03D039
:100F40000022009215461EE0751E05D400F081FDBA
:100F5000303262556D1EF9D5B3460122084302D0E6
:100F600000227F1C04E02078302801D100227F1E5F
:100F7000002A099784D01DE0112D07DA00F069FDE1
:100F8000303262556D1C50EA0102F5D1084302D09F
:100F90000098C8B10EE00021681E05E0235C625C89
:100FA00063542254401E491C8142F7DBAB46A81B08
:100FB000401E0990002004F80B000B98099AC0F815
:100FC0000880C0E9002B7AE711264FF0000857E7A8
:100FD0002DE9F04F88460446D21D22F0070191B05A
:100FE000D1E90001CDE90A0116F07AFD02460B981D
:100FF000C00F01D02D2007E02068810701D52B20EC
:1010000002E0202101EAC000032A099001D0072A4A
:1010100005DB03464146204600F0DEFE0BE120786A
:10102000800601D5E06900E00620B8F1650F814631
:1010300006D0B8F1660F18D0B8F1670F70D131E063
:101040000020B9F1110F009001DB112301E009F13B
:1010500001030AAA01A90CA8FFF7E2FEDDE90C7062
:10106000002609F10105834647E001204B46009028
:101070004FF000470AAA01A90CA8FFF7D1FEDDE94D
:101080000DB00C995D46002610B909F101000D184C
:10109000B9EB050003D4C0F1FF3609F10105A5EB5A
:1010A00009002BE0B9F1010F01DA4FF0010900202E
:1010B000B9F1110F0090484601DD112300E003460D
:1010C0000AAA01A90CA8FFF7ABFEDDE90C704D469A
:1010D00000268346207800070AD4AB4500DA5D4637
:1010E00001A8012D04DD411911F8011C302907D098
:1010F0004F4502DA17F1040F04DA012082460FE0AF
:101100006D1EEEE7002F02DCED1B3E4403E0781C71
:10111000A84200DD7D1CB81B00F1010A4FF000471A
:101120002078000703D4AA4501DB4FF0FF3A0021E5
:10113000B7F1004F0DF143088DF8431024D0022081
:101140002B23002F01DA7F422D230A21021EA0F15A
:10115000010000DC5FB197FBF1FC97FBF1F201FBB2
:101160001C7C17460CF1300C08F801CDEEE7A8F115
:10117000010003702188090501D5452100E06521A2
:10118000A0F1010800F8011C09980FA9A1EB0807BC
:10119000FF1D00B10120411901EBEA70A16938443B
:1011A000081A401EA0612078C00602D42046FFF72E
:1011B0009BF9099828B1D4E901219047206A401C85
:1011C00020622078C00622D52046FFF78DF91EE068
:1011D000002E04DBB34502DD01A8805D00E0302075
:1011E000D4E901219047206A401C2062761CAAF1B4
:1011F00001005FEA000A0AD100F0FAFBC06801684A
:10120000405CD4E901219047206A401C2062281EDE
:10121000A5F10105DCDC07E0D4E9012118F8010B98
:101220009047206A401C2062381EA7F10107F3DCBA
:101230002046FFF76FF9032011B041E601694A1C0F
:1012400002610878704700B58FB0CDE90131002107
:10125000059105497944CDE9031011466846FFF729
:10126000C1FA0FB000BD0000E5FFFFFF0A6802F8F9
:10127000010B0A607047D1E900239A4202D2531C45
:101280000B601070704710B5436913B1AFF3008065
:1012900001E0FFF762F9012010BD127800F124018E
:1012A0000A7000224A700122EDE711684FF0FF3208
:1012B000E9E70000074B70B50D467B44FFF7C3FF1D
:1012C0000446284600F03AFE10B14FF0FF3070BDE2
:1012D000204670BD17CC000010B5436913B1AFF3C1
:1012E000008001E0FFF79EF9012010BD128800F197
:1012F000240182840022C2840122EDE711684FF0AC
:10130000FF32E9E72DE9F0418046D21D22F00702C5
:101310000025D2E90002F52915A614D0011E72F1AC
:10132000000106DA0023D0EB030063EB020211A6F2
:1013300008E0D8F800108B0701D50FA602E0490796
:1013400001D50EA601251146002408F1240704E06A
:1013500000F07FFB30323A55641C50EA0102F7D1AD
:101360002B46324621464046BDE8F041FFF7EBBC34
:10137000000000002D0000002B00000020000000F5
:101380002DE9FF4F06468BB00878FF2806D0491C90
:101390002D2805D000244FF0000908E000200CE0C3
:1013A0000124F8E709EB8903491C00EB430908789D
:1013B000FF28F7D114B1C9F100008146107800254B
:1013C0002C46AA4629462D2801D02B2804D1521C90
:1013D0002D2813D0002082468B461078FF280FD08E
:1013E0004FF0000C0A21521CA5FB017804FB01817F
:1013F00005FB0C11C5194BEB0104EEE70120EAE7F0
:10140000002108464FF00000BAF1000F02D000EBB7
:1014100080004008C0F38157012F01DD4FF0FF37F6
:101420000E9955EA040009EB01080BD04FF00209B0
:1014300018F5FA7F16DA4FEACA70002F706008DDDF
:10144000012007E04FEACA70C6E900B00FB0BDE85E
:10145000F08F00203060FFF725FCC0F800901821C5
:10146000084616E0B8F5FA7F18DD002F02DAF748D3
:10147000784401E0F6487844D0E90010C6E900104D
:1014800040EACA707060FFF70DFCC0F800901421AC
:1014900008460FB0BDE8F04F16F0D0BE0021084658
:1014A0004FF00000B8F10001099002DAC7F1000224
:1014B00000E03A4601DAC8F1000106A800F0CCFCD1
:1014C00006AB93E8070003AB83E8070044F23E0055
:1014D0005BEA04010090584604D144F21E012C46F8
:1014E0005D460091210C0904014306D100992404B2
:1014F00044EA15442D041039009104F07F41014362
:1015000006D10099240244EA15642D02083900919D
:1015100004F07041014306D10099240144EA157496
:101520002D01091F009104F04041014306D10099AB
:10153000A40044EA9574AD00891E009104F00041B6
:10154000084304D100986D196441401E00904FF08B
:1015500001033A466846B8F1000FCDE9014503A9F9
:1015600002DD16F086F901E016F059F9BAF1000F24
:1015700004460D4601D084F00044002108464FF097
:101580000000099940F2FF77484010F00C0F07D196
:1015900024F00040284303D0C4F30A50B84212D1CB
:1015A000FFF780FBC0F80090C4F30A50B8420AD19C
:1015B000A8487844D0E90010C6E9001004F00041C2
:1015C0000843706042E7C6E900543FE72DE9FF4F4A
:1015D0001F464FF0000A4FF0FF38454691B0D7E95B
:1015E0000146CDF83CA000F003FAC0680168405CF9
:1015F0001090B96912986D1C8847396A81468847EE
:101600000028F6D1B9F1FF3F0AD0002E24F4D064AF
:1016100011DDB9F12B0F08D0B9F12D0F0BD102E07C
:10162000404615B013E744F48064B96912986D1C04
:101630008847761E8146600504A901D52D2000E06B
:101640002B20002E01F1010B0DF130088DF8100058
:101650003FDDB9F1690F08D0B9F1490F05D0B9F1F3
:101660006E0F02D0B9F14E0F1CD13B4601A8009578
:1016700080E85002DDE912126FF0020016F049FE18
:10168000C11CCED10EE0B96912986D1C8847814605
:101690001398761E44F4007405600F98401C002EC9
:1016A0000F9016DDB9F1300FEDD0B9F1780F02D0FF
:1016B000B9F1580F0DD10F9801280AD13B46CDE959
:1016C0000054DDE91212001F029616F020FEC11C24
:1016D000A7D1109989453ED144F0800406E01399C2
:1016E000681CAAF1010A44F400740860B9696D1C11
:1016F0001298761E884730288146F0D02BE010994A
:10170000894505D1200603D4761E44F0800418E0F4
:10171000484616F014FB08B3761E0DF123029345DC
:10172000A9F1300044F4007406D20BF8010B200636
:1017300007D5AAF1010003E0200602D40AF1010056
:101740008246A00502D51399681C0860B9691298F1
:101750006D1C88478146002ED1DC53E0002E51DD00
:10176000B9F1650F02D0B9F1450F4BD1A00549D5AC
:10177000B9696D1C1298761E24F440748847002EB7
:1017800081460CDD2B2804D0B9F12D0F07D144F48C
:101790008074B96912986D1C8847761E8146E005F1
:1017A00001D52D2100E02B2108F8011BCDF8008088
:1017B00021E0761E0DF13901884544F400740CD205
:1017C000A9F1300010F0FF0088F8000002D1009964
:1017D000884509D908F1010806E0E00501D51E4851
:1017E00001E042F20F708246B96912986D1C884779
:1017F000814613980560002E04DD484616F09FFAD6
:101800000028D6D1F96912988847FF2053468BF8F3
:10181000000088F8000000200A900B9004AA0CA990
:101820000AA8FFF7ADFDA00502D46FF00100F8E6AD
:1018300014F0240F12D0E0071CD13868DDE90A1239
:10184000031D3B600068C0E9001213E070AD0100A9
:1018500062AD010026AC0100F1D8FFFF0AA968467D
:1018600016F05AFAE00705D13868009A011D396070
:10187000006802602846D4E62DE9F04116460C4681
:101880000546FFF703FA036893F80101012807D022
:10189000FF2C12D8185D80B101202C70BDE8F081BA
:1018A000D3F807013246214603F20713C71828462A
:1018B000BC46BDE8F041002360474FF0FF30EDE744
:1018C00010B5002000F03EFBFEF72AFDBDE81040F9
:1018D000012005F00ABE10B5044602E0641C00F0C9
:1018E0007BF820780028F9D110BD00002DE9F041E7
:1018F00015460E46040002D12C6804B90BA42046FC
:10190000FFF7BCF80444207870B1274631463846CA
:10191000FFF792F80444207810B1002004F8010B7E
:1019200038462C60BDE8F0810027F9E70000000090
:1019300010B5203AC0F00B80B1E81850A0E818505C
:10194000B1E81850A0E81850203ABFF4F5AF5FEAAC
:10195000027C24BFB1E81850A0E8185044BF18C951
:1019600018C0BDE810405FEA827C24BF51F8043BF8
:1019700040F8043B08BF7047D20728BF31F8023B4C
:1019800048BF11F8012B28BF20F8023B48BF00F8E0
:10199000012B70474FF000020429C0F0128010F0B4
:1019A000030C00F0DF82CCF1040CBCF1020F18BF75
:1019B00000F8012BA8BF20F8022BA1EB0C0100F0CE
:1019C000D1BA5FEAC17C24BF00F8012B00F8012BDB
:1019D00048BF00F8012B704708B569468DF8000034
:1019E0000320ABBE08BD0000004870477001002016
:1019F0000048704790010020034640688C4600284C
:101A000018BF88423CBF03464068F8D318681844A2
:101A1000884207D00CF1030020F00700001D411A96
:101A2000521A0146081D0A60FEF7DBBCB2F1200322
:101A30000AD5C2F1200301FA02F120FA03F341EAC8
:101A4000030100FA02F0704700FA03F14FF00000C2
:101A5000704730B5B0F10A0271F100034FEA900E01
:101A60004EEA817EB0EB0E0061EB91014FEA101E51
:101A70004EEA017E10EB0E0041EB11114FEA102EE1
:101A80004EEA016E10EB0E0041EB11214FEA104EB1
:101A90004EEA014E10EB0E0041EB1141401841F1AE
:101AA00000014FEAD00040EA41704FEAD1014FEA0D
:101AB000810444EA907410EB800544EB01046D1935
:101AC00044EB0404521BA3414FF0000348BF0A3209
:101AD00000D530BD401C41F1000130BD2DE9F04F73
:101AE00004460D46D21D22F0070089B0D0E90097C8
:101AF0004846394615F0F4FF0246F80F01D02D2371
:101B000007E02068810701D52B2302E0202101EAAC
:101B1000C0038DF820300BB1012000E00020032A23
:101B2000824601D0072A04DB2946204600F054F9FA
:101B30003FE12078800601D40D2500E0E569C7F378
:101B40000A560D2D49DA00214FEA175B08464FF07F
:101B50000000002F00F4400007DA00EB80004FF493
:101B6000400100EBD07001EA60008115012901DD20
:101B70004FF0FF3100224FEA850CBCF1180F06D35D
:101B80001346ACF118004FF08052C24003E04FF40E
:101B9000801323FA0CF30CF10C0CBCF1200F04D3CE
:101BA000ACF1200C09FA0CF001E007FA0CF0002966
:101BB0004FF0004801DD18B90FE00ED140450CD3BD
:101BC00019EB02095F4121B9404502D19F4329EA3F
:101BD0000209BBEB175F00D0761C2088000502D5F8
:101BE0007B48784402E07A487844193808AA3023C0
:101BF00002F80A30037C0AF10101002E0AF1020A00
:101C000053546A4602DC4FF0300101E04FF03101DD
:101C10004FF001088DF8001002D0A6F2FF3603E065
:101C200059EA470100D06B4E002D02DC21780907EC
:101C300004D54FF002082E218DF80110C446002172
:101C40000BE0C7F303433F01C35C491C6D1E02F860
:101C50000830052908F1010801DA002DF1DC002126
:101C60000CE000EB1973491C1B786D1E082902F863
:101C700008304FEA091908F1010801DA002DF0DCFB
:101C800021688B0602D516E0A8F10108E04505DDC4
:101C900002EB080313F8013C302BF5D0B8F1000F2C
:101CA00009DD02EB080313F8013C2E2B03D10907D1
:101CB00001D4A8F10108002D05DD3E2102F808102D
:101CC0006D1E08F10108407C002E02F8080008F1A2
:101CD000010804DA2D20764202F8080002E02B20E9
:101CE00002F808000A214FF47A70864208F10108D0
:101CF0000BDB96FBF0F3303302F8083096FBF0F381
:101D000008F1010800FB136601E0642E0CDB64207F
:101D100096FBF0F3303302F8083096FBF0F308F14D
:101D2000010800FB136601E00A2E06DB96FBF1F0CA
:101D3000303002F8080008F1010896FBF1F001FBD1
:101D40001060303002F80800A16908F1010808EBC2
:101D5000050202EB0A00081AA0612078C00602D42E
:101D60002046FEF7C1FB216A08AE01EB0A002062A3
:101D700004E0D4E9012116F8010B9047BAF1010AF9
:101D8000F7D22078C00602D52046FEF7ADFB6E469E
:101D900009E016F8010B3E280FD0D4E90121904745
:101DA000206A401C2062B8F10108F2D22046FEF7FA
:101DB000B1FB09B00320BDE8F08F206A28442062FF
:101DC00003E0D4E90121302090476D1EEBD3F8E702
:101DD000B667010002FCFFFF2DE9F0411F460446F3
:101DE00003260168072A01F4006004DB08B116A588
:101DF00005E016A503E008B115A500E015A521F042
:101E000010002060A069C01EA0610FB1401EA0613B
:101E10002046FEF769FB4FB1D4E9012138469047CF
:101E2000206A401C2062C01C206206E0206AFAE79B
:101E3000D4E9012115F8010B9047761EF8D220460F
:101E4000FEF768FBBDE8F0814E414E006E616E000A
:101E5000494E4600696E66002DE9F04781461646F8
:101E60008AB0354878440DC88DE80D003248784472
:101E7000801C03AC0DC884E80D0041F69B3008447B
:101E8000372190FBF1F290FBF1F5A5F1800501FB04
:101E900012041B3C02D56442012000E00020DFF860
:101EA00098A080460027FA44AAF1BE0A0EE0E00797
:101EB0000AD03246684607EB470101230AEB81014D
:101EC00015F0C2FC8DE8070064107F1C002CEED1D9
:101ED000194F7F44AE3F19E0E80715D007EB041017
:101EE0000DF1180A90E80E008AE80E00C068F04272
:101EF00001D1981908903246012306A903A815F0CC
:101F0000A3FC03AB83E807006D10641C002DE3D134
:101F10004FF0010332466946B8F1000F03A802D022
:101F200015F068FC01E015F08FFCC9E90001C9F863
:101F300008200AB0BDE8F087C4650100007B00F00E
:101F40008000704710B500F0A9FABDE8104000F01D
:101F5000A0BA10B500F0BAFABDE8104000F099BA86
:101F60004FF0000200B5134694469646203922BF32
:101F7000A0E80C50A0E80C50B1F12001BFF4F7AF7D
:101F8000090728BFA0E80C5048BF0CC05DF804EB5F
:101F9000890028BF40F8042B08BF704748BF20F8CD
:101FA000022B11F0804F18BF00F8012B70477047CB
:101FB0007546FFF719FDAE4605006946534620F009
:101FC0000700854618B020B5FEF7CAF9BDE82040E5
:101FD0004FF000064FF000074FF000084FF0000BE5
:101FE000AC46ACE8C009ACE8C009ACE8C009ACE854
:101FF000C00921F007018D46704710B5FEF752FE6B
:10200000006810BD10B50446FEF74CFE046010BD1C
:102010003A2800D2303820F02002412A01D3A2F120
:102020003700884201D34FF0FF3070472DE9FF4F52
:102030001F464FF03C0987B04FF00042DDE9141015
:1020400001F10108DDF858A002EA40500390002099
:1020500005908346054604460490B969461E0898D3
:102060008847AAF1010A0290BAF1000F3BDD0298FD
:102070002E2815D01021FFF7CBFF00282EDB4FF0C4
:10208000010B0599014317D0B9F1000F0BDB4A464C
:10209000C117FFF7CBFC05430C43A9F1040905E088
:1020A000012004900BE008B145F0010501200590E6
:1020B000049820B9361D02E0049800B1361FB969B2
:1020C000089808F101088847BBF1000FAAF1010A3E
:1020D0000290C9D00999C1F80080C5E7029870281C
:1020E00008D0502806D0F96908988847BBF1000F3E
:1020F00014D04FE0002002900120BBF1000F0490AB
:1021000009D0B969089808F101088847AAF10109BE
:10211000B9F1000F07DCF969089888476FF00100F2
:102120000BB0BDE8F08F2B2804D02D280CD14FF038
:10213000FF300490B969089808F101088847A9F1AF
:102140000109B9F1000FE6DD411CE4D00A21FFF7D7
:102150005FFF0028DFDB029908F1010801EB810134
:1021600000EB41000290B969089888470A21FFF7FF
:102170004FFF099AA9F10109B9F1000FC2F80080D7
:1021800001DD0028E7DAF969089888470499029880
:1021900000FB016655EA040004D004F04041090048
:1021A00002D006E0039898E0A40044EA9574AD00DC
:1021B000B61E04F00041080002D16D196441761E7C
:1021C000159810F0240F03D04FF00B095C4803E082
:1021D0004FF028096FF07D008246564507DAAAEBDA
:1021E00006018944B9F1410F01DD4FF04109012099
:1021F0000021A9F10102FFF719FC024628400B4615
:102200002140084301D0012100E00021501E02912D
:1022100043F1FF3128402140084301D0012000E074
:1022200000200299834651EA0B014FD00021084655
:102230004FF00000039900F4400039B100EB80003A
:102240004FF4400100EBD07001EA600080150128D6
:1022500002DD4FF0FF3000E013D0401C36D0029872
:1022600060B3BBF1000F0CD14A4601200021FFF7FB
:10227000DDFB28402140084301D0012000E0002080
:10228000E0B101204A460021FFF7D0FB0346401988
:102290000A4661412D1A8C4111D3B9F1400F09DD75
:1022A000159810F0240F02D0AAF1340603E0AAF129
:1022B000170600E0761C00254FF0004406E05B1E88
:1022C00042F1FF3220EA030521EA0204CAF10100CB
:1022D000B04206DA1B4903980843019000200090A1
:1022E0000EE0039AC4F3D321E80A0A43164940EAF0
:1022F00044500A433146CDE90002684615F015FD09
:10230000159810F0240F0BD01598C00715D1386818
:10231000DDE90012031D3B600068C0E900120CE01B
:1023200002A8694615F0F8FC1598C00705D1386871
:10233000029A011D3960006802604046F0E6000024
:1023400002FCFFFF0000F07F0000F03F2DE9FF4F8F
:1023500092461D4685B04FF00041DDE9124BDDE9A4
:1023600014727F1E01EA4B50414940F0FF4940EA98
:102370000108002122F020004928049102D04E28B3
:1023800028D04CE03BA0012607C88DE80700A969CA
:102390000698641C88477F1E014606D41DF8060077
:1023A00018B121F0200181420BD0E96906988847D5
:1023B000032E34D0082E32D06FF0010009B0BDE8F2
:1023C000F08F761C032E01D0082EE0D1601CCAF8D5
:1023D0000000DCE7A9690698641C88477F1E2AD4A0
:1023E00020F02000412826D1A9690698641C88475E
:1023F0007F1E20D420F020004E281CD1A969069809
:10240000641C88477F1E48F4002849F48009CAF8F4
:10241000004001D4282806D0E969069888475FEA79
:10242000CB7012D022E0A9690698641C88477F1EF1
:1024300001D4002803DAE96906988847BCE729280F
:10244000F1D1641CCAF80040E9E71BF0240F07D063
:1024500028680499031D2B600068C0E9001805E096
:102460002868021D2A600068C0F800902046A5E791
:102470000000F07F494E46494E4954590000000083
:1024800010B50446AFF300802046BDE81040FDF7CC
:1024900052BF002801D005F028B8704710B50021C0
:1024A00002A000F03BF8012010BD00005349474155
:1024B0004252543A2041626E6F726D616C207465B5
:1024C000726D696E6174696F6E00000010B501284D
:1024D00005D0002103A000F021F8012010BD09A1C2
:1024E000F8E7000053494752544D454D3A204F7587
:1024F00074206F662068656170206D656D6F7279FC
:10250000000000003A2048656170206D656D6F72B3
:102510007920636F727275707465640070B50546DA
:102520000C460A2000E06D1CFFF756FA35B12878FA
:102530000028F8D102E0641CFFF74EFA14B12078AD
:102540000028F8D1BDE870400A20FFF745BA53EAE9
:10255000020C00F069802DE9F04B4FF00006002BD3
:102560001FBFB3FA83F503FA05F424FA05F65E40BB
:1025700012BF1643B2FA82F502FA05F4C5F120053E
:102580001EBF22FA05FC44EA0C04203556EA044C2E
:102590004FEA144418BF641C4FF000084FF00009C4
:1025A000904271EB030C39D3002919BFB1FA81F7BE
:1025B00001FA07F6B0FA80F700FA07F6C7F120072C
:1025C0001EBF20FA07FC46EA0C062037B6FBF4FCD7
:1025D000A7EB0507103F07F01F0BCBF120062CFAE5
:1025E00006F60CFA0BFB44BFB3460026202FA4BF0F
:1025F0005E464FF0000B5BEA060C08BF4FF0010B84
:1026000019EB0B0948EB0608ABFB027C06FB02CC7E
:102610000BFB03CCC01B71EB0C01C1E70B46024660
:1026200041464846BDE8F08B13B5084318BF4FF04C
:10263000FF300146AFF30080BDE81C407047032A1D
:1026400040F2308010F0030C00F0158011F8013BCF
:10265000BCF1020F624498BF11F801CB00F8013BB6
:1026600038BF11F8013BA2F1040298BF00F801CB7A
:1026700038BF00F8013B11F003033FF459A9083AB1
:10268000C0F0088051F8043B083A51F804CBA0E8A8
:102690000810F5E7121D5CBF51F8043B40F8043BFD
:1026A000AFF30080D20724BF11F8013B11F801CB32
:1026B00048BF11F8012B24BF00F8013B00F801CB03
:1026C00048BF00F8012B704702F0FF0343EA0322E2
:1026D00042EA0242FFF760B92DE9F04385B0904627
:1026E0000D46814600F1F007002601AC464519D29F
:1026F000204629461022FFF7A2FF2846494601F04E
:10270000B3FD0020102805D0395C2A5C51402954C3
:102710000130F7E7384621461022FFF790FF1036C8
:102720001035E3E705B0BDE8F083B0B502EB00106B
:102730000022042A08BFB0BD0023042B05D0C45CCE
:10274000CD5C6C40CC540133F7E7043104300132E6
:10275000EFE70000B0B5AD4901F144053CCD80E89C
:102760003C004A6D02618A6D4261CA6D096E8261E8
:10277000C161B0BD80B5A54801F0C2FA043818BFE8
:10278000012080BD81B001208DF80300054800685C
:10279000000744BF00208DF803009DF8030001B03E
:1027A000704700BF100C02402DE9F0438BB0B8B168
:1027B000DFF858921546024699F83400012814D1E2
:1027C0000C460021C9F838102819D9F85C30984215
:1027D0000FD9D9F8380040F00070C9F8380004E08B
:1027E0008A48816B41F00061816301200BB0BDE834
:1027F000F083032040F22A3689F83400D9F80030FB
:10280000D9F84000D962DF6B3E436F02DE63804E31
:102810008160C0E91361324E0168C6630E6826F01C
:10282000C0060E6003F18001BB0800F02BFB88B1ED
:10283000D9F80000C16B21F49571C16376498163B9
:10284000D9F8380040F08040C9F83800012089F8F4
:102850003400CBE7714801214FF0000801600220ED
:1028600005916946CDF8108003909020D9F8446016
:10287000CDE901704FF0FF300090D9F8000003F06F
:10288000C1F9012E18BF6402022D0AD3822003F081
:1028900008F81220079006A902F020FF284612210E
:1028A00009E0812002F0FDFF1120079006A902F047
:1028B00015FF2846112102F0C6FF0146002000291D
:1028C00094D0D9F80020544B9363D9F838201143A1
:1028D000C9F83810012189F83410C9F8300084E7AC
:1028E000D9600008F0B587B088B1484F044697F822
:1028F0003400012810D1002015460A44B863FB6D4E
:102900009A420DD9B86B40F00070B86304E03F48BC
:10291000816B41F0006181630126304607B0F0BD54
:1029200003223B4B87F834203E68FA6BD7F844C04B
:10293000F062C2E913303748D06340F21A22F06BDC
:102940001043BCF1010FF06318BF4902022D0FD3F1
:10295000A02038634FF48060019102F08BFF1920B2
:10296000029001A9304603F043FA304619210EE0E7
:10297000902038634FF48060019102F07BFF1820B3
:10298000029001A9304603F033FA3046182102F0D4
:102990005AFF30B13968204A01268A63B96B08436F
:1029A0001EE01E48012640226D020660F86B396861
:1029B00082600268136866F38713136001F1800276
:1029C000AB08214600F05EFA80B1386840F21A2266
:1029D000C16B9143C16310498163B86B40F0804083
:1029E000B863002087F83460386396E79020069635
:1029F0000026CDE902504FF0FF30CDE9046601908A
:102A0000386801A903F0FEF887E700BFF48B0020C7
:102A1000856000081D610008FF0540008C85254287
:102A2000FEE70000014800F0FBB800BF5086002020
:102A3000014800F0F5B800BF90850020014800F083
:102A4000EFB800BFF0850020014800F0E9B800BFF2
:102A5000B0860020026840F2FF3122EA010102F054
:102A6000F802103A5F2A88BF043181651823B2FB4F
:102A7000F3F202A39A5CC26508467047000610167E
:102A800000061016704772B6FEE70000B0B5264883
:102A90000021FA4A4CF25034C1612449936A0D680E
:102AA000ED0306D5956AED1AA54284BF0320B0BD9B
:102AB000F5E70A68D2071CBF01220A600A6812F013
:102AC000F20F04BF0020B0BD0A68D20605D5C26966
:102AD00042F01002C26110220A600A68920605D50F
:102AE000C26942F00802C26120220A600A685206E6
:102AF00005D5C26942F00402C26140220A600A6838
:102B0000120605D5C26942F00202C26180220A6043
:102B10000A68920705D5C26942F02002C26102200C
:102B200008600120B0BD00BF500100200C3C0240F5
:102B300070B5F94A936A816D90F83540022C21D125
:102B40000468056C266826F016062660666926F07D
:102B5000800666610DB9856C1DB1256825F00805F4
:102B60002560256825F0010525602568ED070DD055
:102B7000956AED1A062DF8D320214165032180F8CE
:102B800035100CE080214165012108E0C26D3F2332
:102B900003FA02F28A60012180F835100021002238
:102BA00080F83420084670BD90F83510022908D10D
:102BB000052180F835100068016821F0010102F05C
:102BC00008BE802141650120704738B370B50446C6
:102BD00090F8350002281FD020680026016821F0F7
:102BE000010101602121066046608660C6600661C1
:102BF00041612046FFF72EFF054604F13C001821F5
:102C0000FFF7AEF9E06D3F2101FA00F0A8606665BC
:102C100084F8346084F83560BDE870407047000087
:102C2000F8B504460020554A08210090D4E9166002
:102C300055683768814039420CD0226813685B07B9
:102C400008D5136823F004031360B160616D41F08F
:102C50000101616501218140394208D02268526931
:102C6000120604D5B160616D41F002016165042175
:102C70008140394208D022681268920704D5B160B9
:102C8000616D41F004016165102101FA00F23A42E0
:102C900018D021680B681B0714D5B2600B680A684E
:102CA0005B0306D4D20506D40A6822F008020A6043
:102CB00001E0110301D4216C00E0A16C11B12046A8
:102CC0008847E06D202101FA00F23A4234D02168B1
:102CD0000B68DB0630D5B26094F835300A68052BF6
:102CE00016D122F016020A604A6922F080024A6177
:102CF000226C0AB9A26C1AB10A6822F008020A60B2
:102D00003F2101FA00F0B06002F017FE216D2FE0C4
:102D10000868520308D4C0050AD4086820F01000DF
:102D2000086002F00AFE03E0000301D4616C00E0D9
:102D3000E16B09B120468847606DF0B1606DC00756
:102D400015D005214FF4165084F83510B5FBF0F07E
:102D500021680A6822F001020A60009A0132824268
:102D6000009202D80A68D207F7D102F0E6FDE16CC2
:102D700019B12046BDE8F8400847F8BD040000201E
:102D80002DE9F04104466448826AACB1022184F81E
:102D90003510002184F8341021680B6823F00103FA
:102DA0000B600B68DB070AD0836A9B1A052BF8D9E6
:102DB0000325202603205BE00120BDE8F0810868A0
:102DC00004F1040C2E4A9CE8E81100EA020ED4E952
:102DD000072043EA0E032B4333433B4343EA0803F4
:102DE0001A43636A104340EA0C02042B03D1D4E96E
:102DF0000B05284302430A60042B486920F00700B2
:102E000040EA030228D1D4E90A733A4323B3BCF55C
:102E1000005F08D0BCF1000F14D1022F15D0012F94
:102E20000AD0002F10E0032F16D8012540260120DC
:102E3000DFE807F01E0B1E02A3F1C070B0FA80F0AD
:102E4000400904E0032F03D306D1C3F3006018B197
:102E50000125402601200BE020464A61FFF7FAFDDC
:102E6000E16D3F220026012502FA01F18160002078
:102E7000666584F83550BDE8F08100BFD0010020C0
:102E80003F8010F0F0B590F83440012C36D001248A
:102E9000856D80F8344090F83540012C2BD1022408
:102EA00080F835400024446504688668D0F840C046
:102EB000C06D2768402E27F48027276063600B468B
:102EC00008BF1346A36008BF0A463F21E26001FA2B
:102ED00000F0BCF1000FA860206840F016002060F0
:102EE00003D0206840F008002060206840F0010016
:102EF00020600020F0BD002180F834100220F0BDD9
:102F00000549013028BF4FF0FF308A6A8B6A9B1A4F
:102F10008342FBD3704700BFD00100202DE9F84366
:102F2000DFF89081044698F81800012804BF0220B9
:102F3000BDE8F8830120894688F81800FFF7A6FD50
:102F400000286FD14FF0FF30394FC9F800002068DA
:102F5000012813D1386920F440703861386940F095
:102F60000400386120693969000280B2084302F028
:102F700020FC396921F0040139612DE0A068C1000D
:102F800005468E1CE1680844854221D2386920F448
:102F9000407038612069C1B2000203294FF44071CA
:102FA00038BF81B2386908433861386920F0780049
:102FB0003861386930433861386902F0FAFB3969A1
:102FC00021F07A01396128B9A06808360135D9E7BE
:102FD000002001E0C9F80050396889050FD539682B
:102FE00021F400713960396841F400613960396851
:102FF00021F400613960396841F400713960396841
:1030000049050FD5396821F480613960396841F488
:1030100080513960396821F480513960396841F450
:1030200080613960002188F81810BDE8F88300BF7E
:10303000003C02400F2101600A494A8882604A78B8
:10304000CC2A01D1CC2203E04A78AA2A18BF552203
:1030500002610A6802F0E0020276097801F00C01D0
:1030600041617047143C0240F8B5124E0546307E6F
:10307000012804BF0220F8BD012014463076FFF776
:1030800005FD98B90C4F386820F4407038603868F6
:1030900040F400703860386840F0010038602C60FF
:1030A000FFF7F4FC396821F0010139600021317625
:1030B000F8BD00BF50010020103C02402DE9F04F48
:1030C000954980462E484FF0000B4FF0010C4FF011
:1030D0000F094FF0030E00230025A1F57E7A102D75
:1030E00008BFBDE8F08F0CFA05F616EA080242D0D8
:1030F00025F0030103F00C075AF8011009FA07F74D
:1031000039421CD1844C4FEA950ED4F800C02CEA09
:103110000201216061689143616080498C460968C1
:103120009143CCF800104FF0010CA1689143A160CD
:103130005AF82E10B9434AF82E104FF0030E0268C9
:103140000EFA0BF16FF0030404EA55078A430744B3
:10315000026003F01C023C6A09FA02F224EA02024D
:103160003A62C2688A43C2604268B243426082687F
:1031700022EA010181600BF1020B04330135AEE755
:10318000000002402DE9FE4F614A08244FF0010A79
:103190004FF0000B4FF0000890425E4A08BF072432
:1031A0008305024443EA9222072A38BF144600945A
:1031B0000022B8F1100F08BFBDE8FE8F0F680AFAB1
:1031C00008F917EA090700F09D80D1F804C003232D
:1031D000019203FA0BF60CF0030EF243AEF1010676
:1031E000012E13D88668D1F80CA00AFA0BF4164009
:1031F0004FF0010A34438460CCF30014466804FAAB
:1032000008F426EA09063443446005E0BEF1030FE2
:1032100002D14FF0030E21E0C4688E68144006FA14
:103220000BF63443BEF1020FC46017D1019B03F0CB
:103230001C040F2303FA04FC6FF0030303EA580590
:1032400005442E6A26EA0C0C0E6906FA04F444EAD8
:103250000C042C62D1F804C00CF0030E05680EFAC1
:103260000BF415402C4304601CF4403F019A49D0F4
:10327000002328F003060293294B1C6844F4804481
:103280001C601C680F2304F48044029402F00C04B8
:1032900003FA04F5204B9C461E44029B214B9E469C
:1032A000F358AB43009D05FA04F4234346F80E306F
:1032B000DCF808304D6843EA0704EE0258BF23EA01
:1032C0000704164BCCF80840AE029E461B6843EA42
:1032D000070458BF23EA0704CEF80040AE03DCF829
:1032E000043043EA070458BF23EA0704CCF804403B
:1032F000ED03DCF8003043EA070458BF23EA070473
:10330000CCF8004004320BF1020B08F1010850E741
:10331000001C02400000FEBF003C01400C3C01408C
:103320004438024008FCFFFF10B511494FF47A728F
:103330004968B1FBF2F14A1E0021B1EB126F13D1C3
:103340000C4BF0245A600C4A147099600721012438
:103350000F28196009D84FF0FF300F2100F010F846
:1033600006480472002400E00124204610BD00BF7E
:103370000400002010E000E023ED00E0D001002078
:1033800010B5104A00F00F030F4C043B02442344D5
:10339000002848BF03F10C0220684FF0FF34C0F34F
:1033A0000220C31E80F0070038BF0023042828BF76
:1033B000042004FA00F021EA000098400001107097
:1033C00010BD00BF00E400E00CED00E010B50146C8
:1033D0004148D0F8E04471B194F89C02032825D10B
:1033E000D4F8B80282690AB30020C4F8D402204697
:1033F000BDE810401047D4F89402032816D1B4F861
:103400006021D4F85801904211D9D4F86411831A7C
:10341000D4F8C802C4F8583193421144C4F8641176
:1034200088BF1A46BDE8104003F0F4BD10BD94F803
:103430009C02032808D1D4F8B802016921B1002008
:10344000C4F8D402204688472046BDE8104003F067
:1034500089BD00BF81B0204A00231168009300F0AD
:103460000F0340B203EBC303002802EB830202F513
:10347000157348BF02F1140318785A784001012AE5
:1034800014D101F510610A58B2F1FF3F21DC7346F7
:1034900002F03DF99E46009B01330093009B93424E
:1034A00017D80B58B3F1FF3FF5DD12E001F530619D
:1034B0000A58B2F1FF3F0CDC734602F028F99E4631
:1034C000009B01330093009B934202D80B58002BC2
:1034D000F6D401B0704700BF108700202DE9F84FE7
:1034E000DFF87C35012493F89C24D3F8E0A48AF813
:1034F000AA2202F01F070AF2AA2893F89DB4022F0D
:103500008AF8ABB293F89E9493F89F5449EA052E3B
:10351000AAF8ACE293F9A0C493F8A1645FFA8CF125
:1035200041EA0620AAF8AE02B3F8A234AAF8B032F3
:10353000CAF89832CAF8944202F060040FD0012F02
:1035400021D097BBCCB3402C01D0202C28D1DAF865
:10355000D4020AEB8000D0F8B80282680EE0002C9A
:1035600047D0402C01D0202C1AD10020CAF8D40218
:10357000DAF8B8028268002A00F0588250464146C4
:10358000BDE8F84F10471CB1402C01D0202C07D1CA
:103590009AF89C020138022898BFBCF1010F44D967
:1035A0005046BDE8F84F03F0C5BCDAF8C80202F097
:1035B0008001BDE8F84F03F041BDBBF1090FEFD822
:1035C000DFE80BF00671057D0589BC05D2DFE7E772
:1035D0009AF89C0201380228E2D8022BE0D1DAF8EE
:1035E000A40203225146002808BF012241F80C2FF3
:1035F000ADE1BBF1000F2DD0BBF1010F40D0BBF10D
:10360000030FCDD19AF89C0203283ED1BEF1000FE2
:1036100040F01D81480600F01A81002B40F0178110
:10362000DAF8C80203F00AFD11E1DAF8B80282689C
:10363000002A00F0FB8100204146CAF8D40250461F
:103640009047BAF8B012002940F0F081002800F04D
:10365000FE80EBE19AF89C02032800F0B580022876
:103660007FF49EAF48067FF49BAF0AF5AA71BCF1C8
:10367000000F48BF0AF11401002001F80E0F66E1A7
:103680009AF89C02032800F0C38002287FF488AFD8
:1036900048063FF485AFDAF8C80203F0CFFCDAF849
:1036A000C802802185E79AF89C02013802283FF67B
:1036B00077AFBEF1010F40F0B981002008E0BEF104
:1036C000020F00F0C280BEF1010F7FF469AF01204C
:1036D000CAF8A402BBE000287FF462AF002B7FF49D
:1036E0005FAFBEF17F0F3FF65BAF9AF89C020328F5
:1036F0003FF456AFDAF8C8028AF89E9290F8941414
:10370000012913D080F811900168D1F8002822F423
:10371000FE62C1F80028002280F8942409F07F009E
:10372000D1F8002842EA0010C1F8000802F000F8C1
:10373000B9F1000F40F0EA80012011E10020ADF85E
:103740000200681E062800F26B81DFE810F0070017
:103750008D00960069016901A300AF00DAF8B41288
:103760009AF810000A6847E1012B7FF419AF9AF824
:103770009C02411E02296FD20020514641F8080FD9
:103780006FE0B84CB9F1020F84F80090BFF408AFB5
:103790009AF89C02032800F09780022840F0B88035
:1037A000B9F1000F53D0DAF8B802CAF80490002833
:1037B00000F0D3800268504649469047002800F048
:1037C000CC8001F0B2FFA1E001F00F00BCF1FF3F9F
:1037D00000EB80000AEB8000D4BF90F8230090F843
:1037E000630100283FF4DCAE01F07F00BCF1FF3F35
:1037F00041F0800100EB80000AEB800202F114002E
:10380000C8BF02F5AA70802940F08A8000219BE0A1
:10381000BEF1000F40F00A81480600F01D81DAF881
:10382000C8120CF00F020879824200F2158102EBF7
:10383000C200BCF1FF3F01EB800040F3A9800023F0
:1038400080F8553200F51570A5E08AF8A062504660
:10385000BDE8F84F03F086BB03287FF4A1AE0AF160
:1038600004015046012274E09AF81010DAF8B80208
:10387000002900F07980C16A77E0B9F1050F00F204
:10388000CF80DFE809F003A3A7ABAFB3DAF8B40247
:103890004268AEE09AF81000002840F0C180DAF8E3
:1038A000B802416B0DF102008847A8E09AF81000B9
:1038B000002840F0B580DAF8B802016B0DF1020083
:1038C00088470146072055E0B9F1000F54D0DAF8D7
:1038D00004004845BBD0DAF8B8124A68C1B2504675
:1038E0009047DAF8B80221780028CAF80410AED060
:1038F0000268504690470028A9D001F016FFDAF878
:10390000B8029AF80410426850469047022027E017
:1039100001F00BFFDAF8B8024946426850462FE63C
:103920000CF07F02DAF8C812BCF1000F02EBC20201
:1039300001EB820101F2562248BF01F11602117813
:1039400000293FF463AF0121817300F10E0150465D
:103950000222BDE8F84F03F0FBBA01F0E9FE0320B4
:103960008AF89C02BDE8F88F816A0DF10200884751
:1039700001460220487043E00220CAF8049000216A
:103980008AF89C02DAF8B8024268504690475EE72F
:1039900001234375143000230270837091F894342E
:1039A000012B59D00B68447852011A44012C3FD1A5
:1039B000D2F8003923F40013C2F80039007900F07E
:1039C000FE00022845D102F510603EE0DAF8B402AC
:1039D00082680EE0DAF8B402C2680AE0DAF8B402EB
:1039E000026906E0DAF8B402426902E0DAF8B402E9
:1039F0008269AAB19AF810000DF1020190470146C0
:103A0000BAF8B02282B1BDF8020048B1904238BF86
:103A100002465046ADF8022003F09AFABDE8F88F4E
:103A200001F083FEBDE8F88F01F082FEBDE8F88F5B
:103A3000D2F8003B23F40013C2F8003B007900F0F9
:103A4000FE00022805D102F53060026842F0805283
:103A50000260002081F8940401F06AFE85E500BF51
:103A600010870020E806002010B5174991F84C2077
:103A7000012A04BF022010BD91F84D20012A14D163
:103A8000022281F84D208A6C8B6A5468E40710D1B9
:103A90008C6AE41A032CF8D35468E407F5D10120AA
:103AA000022281F84D000A650AE004200865012021
:103AB00006E0926801234A6581F84D3002600020DB
:103AC000002281F84C2010BDD00100200068406821
:103AD000C0F30353C0F342320A70C0F3034203EB56
:103AE000830302EB4302C0F30113CA7000F00F021C
:103AF00043EA830302EB43028A70020AC0F3032005
:103B0000D20648BF0A30487070470068826A4A602F
:103B100002696FF3DF328A600068C0F30213C0F3FA
:103B20008052CA7000F00F0203EB830302EB4302E2
:103B3000C0F302338A70C0F3032203EB830302EB6A
:103B400043024A70C0F30342C0F3015040EA8000D0
:103B500002EB4000087070472DE9F041027F0446F7
:103B60000220012A57D0607701204D782077E8069F
:103B700042BF05F0EF0000F10A054D702068CA222F
:103B8000426253224262204691F800808F78CE78BC
:103B900001F0F8FF08B1012038E009200921092EC1
:103BA00088BF31460A22B1FBF2F1092D01EB8103F6
:103BB000A6EB430343EA01114FF0090388BF2B46EC
:103BC000C9B2B3FBF2F303EB8306A5EB460545EA66
:103BD0000313DBB21B02092F88BF384643EA0141B9
:103BE000B0FBF2F0362210FB027242EA001000F045
:103BF0003F000844216840EA48304860204601F010
:103C0000E3FF0146012009B9607700200021FF226F
:103C1000217721684A62BDE8F08100002DE9F84370
:103C20000D46017F04460220012965D060770120FE
:103C3000207720688168490659BF4FF0000885F851
:103C40000380E9784FEA8158CA21416253214162D9
:103C500020462F786E7895F8029001F093FF08B116
:103C6000012044E009200921092F88BF39460A2292
:103C7000B1FBF2F1092E01EB8103A7EB430343EA09
:103C800001114FF0090388BF3346B3FBF2F303EB96
:103C90008307A6EB470646EA0313DBB21B02B9F122
:103CA000090F88BF484643EA0141B0FBF2F000EB40
:103CB0008002A9EB420242EA0010C0B208440F4958
:103CC00040EA0800084021680860886820F48020E5
:103CD0008860D5E9030210438A6810438860204653
:103CE00001F072FF0146012009B960770020002130
:103CF000FF22217721684A62BDE8F8837F7F7F0039
:103D0000B0B586B004460568006D4FF4806105913A
:103D1000002100040491402101900D2003910290A4
:103D200001A901F0DBFC28460D2101F08CFD18B142
:103D300001F01CFE002003E020684069C0F343202E
:103D400006B0B0BDF8B5044600680268C1684669AF
:103D500015074FEA826351D001F4907706F001060F
:103D6000BF194FD0D70705D0CF0503D5676C47F0F3
:103D700001076764570704D51EB1676C47F0020757
:103D80006764920704D51EB1626C42F0040262645B
:103D9000002D07D501F02002921903D0626C42F089
:103DA00008026264626C002A58D0002B05D589068F
:103DB00003D5204602F0C1FF20684069616C00F025
:103DC000400001F00801401802BF00206064F8BD07
:103DD000204602F08BFF2068406940063ED501F086
:103DE000C6FCFCD1E06BC8B354490165FEF7DCFEAC
:103DF000A0B3E06B016DBDE8F8400847002B01D58A
:103E00008B062CD4236B012B03D1D30601D5CB0613
:103E10002AD4130601D50B060BD452061ED549062B
:103E20001CD5C16821F04001C160202084F8410008
:103E3000F8BD94F84110212910D1A168B1F5805F37
:103E400002D12169002970D0216A4A1C22620978B6
:103E50004160E18C0139E184090454D0F8BD204669
:103E6000BDE8F84002F069BF0021009101680091AF
:103E7000416800910099406940061AD4E08DA18DF7
:103E8000E28D002AEAD08142E8D001F017FC20F44C
:103E9000907041E80302002AF7D101F02EFCFCD11A
:103EA000202084F842000020206301F0F1FBFCD1C7
:103EB00038E0E06BA18D0268526893B263B38B4225
:103EC0002AD2E285C069B0F5807F18D001F0F6FBF8
:103ED00020F4807041E80302002AF7D101F00DFCC4
:103EE000FCD101F044FCFCD1202084F842000020E9
:103EF000206301F0CDFBFCD1E06BFEF719FE022040
:103F00006063E08DF8BDC16821F08001C160C168C7
:103F100041F04001C160F8BD99429FD1C069B0F540
:103F2000807F9BD102206063F8BD216A31F8022BAB
:103F30006FF35F22216242608BE700BFE56C0008EF
:103F40002DE9F04F87B000285BD0044690F841007F
:103F50008E4E8F4F002800F083802420BC463746C9
:103F600049F20C6584F841002668D4E90201E2694F
:103F7000F36823F40053F360336923F44053194387
:103F800031612169F36808436169AB430843184311
:103F90000A231043F0607069A16920F4407008435F
:103FA00026F480617061A7F5704081427F4808BFA8
:103FB0000D2340685CF8281CD9407DA301F007015F
:103FC000595C6368C8401921A0FB0101B2F5004F9C
:103FD00019D15A00DB0FFEF7BAFA774B6421B0FB18
:103FE000F1F203F1805302FB0300322303EBC00024
:103FF000B0FBF1F04FF4F87101EA400100F0070066
:1040000014E001202AE09A009B0FFEF7A0FA642139
:10401000694BB0FBF1F202FB0300322303EB00100B
:10402000B0FBF1F000F0F00100F00F0001EB021125
:1040300008442021B060306920F4904030617069FC
:1040400020F02A007061F06840F40050F060002019
:10405000606484F8411084F84210606301F03ABC57
:104060000025142184F8405002A8FDF779FF20684C
:10407000484988422DD0484988427FF46EAF0020DD
:104080000190396941F400213961396901F4002155
:10409000019101990190396841F001013960396855
:1040A00001F001010191082106910321CDE90401EC
:1040B0000220CDE90210019802A93046FFF762F80C
:1040C00034200121FFF75CF937484FF4801101607B
:1040D00043E70195B246786940F01000786178694D
:1040E00000F01000019001980195386840F001003F
:1040F0003860386800F00100019007200690032026
:10410000CDE90450022003904FF4C0600290019862
:1041100002A93046FFF736F8204E21484FF00069DB
:104120004FF4806814218346C6E9000906F11400A3
:10413000C6E90255C6F81080FDF712FF3046FEF7BB
:104140001FFE00BBB463E663164E002040210BF156
:104150007802C6E9021006F114001421C6E900290C
:10416000C6F81080FDF7FCFE3046FEF709FE50B998
:1041700025200021B463A663FFF702F90A48202135
:1041800056460160E9E6FEF77EFC00BF00000240F3
:104190003038024000100140004C004050860020A2
:1041A00040640240B086002004E100E004000020EA
:1041B00000000000010203049CFFFF0F2DE9F04105
:1041C000044690F8420020281CBF0220BDE8F08180
:1041D000A1B11D4600202223606484F84230206390
:1041E0001F48A285866AE285A068B0F5805F01D18C
:1041F000206930B14FF000080F4604E00120BDE80F
:10420000F08100278846E08D08B32046202101F088
:104210005CFCF0B95FB1A068B0F5805F0FD008B961
:10422000206960B12068406800F07F0009E02068E4
:10423000002740686FF35F2028F8020B03E0206836
:10424000406807F8010BE08D0138E085DBE70020CE
:1042500000E00320202184F84210BDE8F08100BF77
:10426000D0010020FEE700002DE9F04F8DB00A4696
:1042700001460E200B910192FEF757FADFF8CCB100
:104280000D2002900B9E707B717AB2787479F3786E
:10429000717371787070B07A7472B272B070B079F4
:1042A0007171B17BB073F079B1713146F070F07A11
:1042B000F071F07BF373F072002004280DD000221F
:1042C000042A07D011F822301BF8033001F82230FD
:1042D0000132F5E701310130EFE702980B99019ABD
:1042E000C6B23046FEF721FA002E00F0AC80002066
:1042F000042800F0A4800B991B270C9011F92020B2
:104300000C46114607EAD210089280EA42024800A1
:1043100040B21346099207EAD01080EA42015000E9
:1043200040B20A9107EAD01080EA41050C98059541
:1043300004EB800494F9022094F90180069494F926
:10434000034082EA08005600604076B2584007EA0F
:10435000D81307EAD61683EA480E07EAD21380EA92
:104360000E00484083EA420186EA41034FEA4806CC
:10437000049176B25840079307EAD61680EA050CF6
:1043800086EA4E094FEA4E0676B207EAD61686EA64
:1043900049054E0076B28CEA050007EAD61686EA91
:1043A000430180EA010607EAD4100B46039180EA34
:1043B0004401600040B207EAD01080EA410A480098
:1043C00040B207EAD010DDE90BC780EA4A00464058
:1043D0000CF82760DDF820C0059F82EA0C066640D5
:1043E00086EA0E06DDF810E086EA0E0686EA090681
:1043F0007E4086EA0A066E405E40069B46405E703E
:1044000088EA0C067140099E4A4061407240039E52
:1044100081EA0E0182EA09027A4082EA0A026A40CF
:1044200072404240DA700A9A5140079A51407940EE
:1044300069407140484098700C98013058E70298E4
:10444000013802901EE70DB0BDE8F08FC892010858
:104450002DE9F0470022202A0BD08B5C8C18835466
:104460008318043265785D70A5789D70E478DC70FF
:10447000F1E7DFF88CE04FF0080800220FF2840C1F
:10448000D02A08BFBDE8F087851808F007012B7F08
:104490006C7FAF7F95F81FA0042912D0C9B91EF810
:1044A00004104FEAD8041EF803301CF8044084EAD4
:1044B00001091EF80A101EF807409A464B460F469F
:1044C00007E01EF80AA01EF807701EF804401EF848
:1044D0000330815CEE78043208F101085940AB7872
:1044E00085F820106978614085F8211083EA07017A
:1044F00085F8221086EA0A0185F82310C0E700BF7C
:10450000D09301088D01020408102040801B360062
:104510002DE9F04FC7B0DFF8E84641F2346141F2CF
:10452000346B201DFDF71CFD41F231614FF001306D
:10453000FF226050DFF8CC060A2184F80C110FF23C
:10454000CC6114302060DFF8C006C4F81001C4F854
:10455000080141F2305020440190FCF729FB41F260
:10456000280141F23069012041F2326A0DF11A0549
:104570004FF00008214404F80900009141F22C3169
:104580002144029141F2303121440591002800F08C
:10459000348314F80A00002800F0F48020462946ED
:1045A0008DF81A8011F03CF848B305469DF81A00C2
:1045B00028B3DFF86C6641F23360275C01F0E7F95D
:1045C000DFF8601650222046002F08BF32220492E6
:1045D00011F063F901F0DBF92A20002F08BF1E203B
:1045E000039094F8200180B104EB8000D0F80C0116
:1045F000F0B1D0F80480B8F1000F08D118E02046DF
:104600000FF2946111F07EF9BAE0DDF804804046C3
:10461000FCF7AFFA0499081A470820462FB1DFF8D3
:10462000081611F022F9013FF7E7414611F06AF947
:10463000DFF8F015049A204611F02FF9DFF8EC1599
:1046400001F03CFA4FF000094FF000089DF81A0005
:10465000814578D209EBC90005EB800B5F4617F85E
:104660000D0FC0076CD1DA461AF80C0F022806D1DC
:10467000049A20460FF21C6111F00FF95EE0DBF89E
:104680000020002A5CD020460FF2EC5111F016F900
:10469000DBF804804046FCF76CFA06460398864235
:1046A000A8BF0646B8F1000F0FD0012E0DDB206821
:1046B00058B1016849B1D1F808C0BCF1000F04D06D
:1046C000B2B241464FF47A73E04741F23360205C66
:1046D000F8B10398A8462546DFF84C45861B2EB155
:1046E0002846214611F0C1F8013EF8E75BF8080FB3
:1046F0002C4640B120460FF2885111F0B6F8DBF895
:10470000001001F0DBF99AF80000DFF81465454667
:1047100003E09AF80000DFF808654FF00008012870
:1047200004D120460FF25C5111F09FF838788007D1
:1047300004D520460FF2505111F097F801F027F9F7
:1047400009F1010982E701F022F9DFF8D814049A8F
:10475000204611F0A2F8DFF8D41401F0AFF941F2CD
:10476000346B14F80B00002820460CBF0FF2D44124
:104770000FF2BC4111F079F841F2306941F2326A2E
:104780000DF11A0501F06AF814F80B00E0B38DF88A
:104790001880204606A910F05EFF002840F07081C6
:1047A00041F23160205C40B19DF8180029468DF837
:1047B0001B808DF81A0000F068FF9DF818003F2854
:1047C00000F03F81642800F04681682800F03981BC
:1047D000732800F04781712800F03781A0F1610152
:1047E0008DF81B80C9B21A2938BF20388DF81A00FD
:1047F0002946204610F060FF002840F041819DF8D6
:104800001820DFF8C41439E141F2281100200025F6
:10481000675CA4F80401FE2800F2BA802068002832
:1048200000F0B1800168002900F0AD80CE68002E54
:1048300000F0A98006A901224FF0FF33B0470028FD
:1048400040F0A1809DF81800082824D01B282ED005
:104850007F2820D00D2800F016810A2800F013814F
:10486000A0F120015E293ED8B4F804110DF11A021E
:104870005054481CA4F8040141F23160205C90B30C
:10488000206880B3016871B38E6866B306A90122FF
:104890006423B04727E000F078FF24D00138DFF828
:1048A0002C14A4F80401204610F0DFFF1BE0206860
:1048B000C8B10168B9B1CE68AEB10DF21B110122C9
:1048C0000A23B04778B99DF81B015B280BD12068FB
:1048D00048B1016839B1CE682EB10DF58D71012254
:1048E0000A23B04710B1B4F8040194E79DF81A11F7
:1048F00078B2422910D04129F5D1012807DAF2E730
:104900000138DFF8C813A4F8040101F0D7F800F06B
:104910003CFFF5D1013F1DE041F22811665C711E9C
:1049200081420ADD00F031FF13D00138DFF89C131B
:10493000A4F8040101F0C2F8F4E7D4D100F025FF97
:1049400019D00138DFF88413A4F8040101F0B6F897
:10495000F4E7013778B20DF11A0604EB002000F5F8
:1049600094713046FCF7D6F8FCF703F9A4F804017B
:104970002046314698E7002000253746A4F8040178
:104980008DF81A00AFE70DF11A054FF0000877E037
:104990000DF11A06355402984FF40171FDF7E0FA53
:1049A000CB493046FCF738F8354601464FF0000851
:1049B00041F22C36A059A9B1072813DC059F3F22EC
:1049C00007EB8010FCF7F4F8A059C14907EB801001
:1049D00080F83F80A0590130A0510020FCF71CF85E
:1049E0000146E7E7059E00284AD000F0CAFE71287C
:1049F0002BD03046B7A10522FCF760F828B330462B
:104A0000B6A10522FCF75AF8F8B100F0BAFE682802
:104A100017D000F0B6FE3F2813D0B24900F0BBFF1C
:104A200078B1B14930460622FCF748F828B141F286
:104A300030302558AD4885427CD1B34901F03EF86D
:104A4000C1E0204610F06AFF1AE09E4900F01DFE0A
:104A500004F8098014E000F083FE9648A154964AB9
:104A6000974909E014F80B00934A80F001010028EF
:104A7000904804F80B10914908BF024601F033F842
:104A800014F8090082E5B4F804010DF11A0664492E
:104A9000355401F013F800F078FE3FF47CAF9DF838
:104AA0001A0000283FF477AF41F22810275CDFB1ED
:104AB00004EB07200DF11A0628303146FCF7A4F864
:104AC00000283FF468AF102F0FD300250026B5F55E
:104AD000706F1DD0611901F5947001F50A71FCF732
:104AE00019F805F58075F2E7002704F594760DF1C5
:104AF0001A01FF2206EB0720FCF75AF841F22812B0
:104B0000A15C481C06EB0121A05481F8FF500BE08A
:104B100000980DF11A01FF22FCF74AF841F2271024
:104B2000265441F22810205C41F229110DF11A0699
:104B3000605430E700F025FE64282ED06C4900F068
:104B40002AFF50B300F01DFE73282DD0694930466E
:104B50000722FBF7B3FF38B3674900F01CFFA8B387
:104B6000664900F018FFE0B3A5F161008DF81980E7
:104B70008DF81850C0B2192898BF15F47F4004BFB3
:104B8000A5F120008DF8180006A9204610F094FD2C
:104B9000C8B95B492046324613E000F0E1FD4548C4
:104BA000A154454A464909E014F80B00424A80F0F6
:104BB000010100283F4804F80B10404908BF024695
:104BC000204610F07BFE0DF11A0559E70DF11A058C
:104BD00094F8200100283FF453AF204610F02AFE3D
:104BE000F6E7204610F026FE00280DF11A057FF4A6
:104BF00047AF444900F049FD42E747B0BDE8F08FB8
:104C00003C6000203C020020BC8E010853544D3310
:104C1000324634787820494150204D656E75000049
:104C20006B9A01085EB001081CA2010813960108E6
:104C3000456E7465722073656C656374696F6E3A56
:104C400020000000456E7465722073656C656374A6
:104C5000696F6E20286F722027682720666F722088
:104C600068656C702C2027712720746F207175691E
:104C700074293A200000000020205B25735D20008D
:104C80002D200000203E3E00202864697361626C84
:104C9000656429002D0000004E6F206D656E752043
:104CA0006974656D7320617661696C61626C652EF3
:104CB00000000000D1B1010890B101080599010878
:104CC0003D99010843AE0108839601080C9601083E
:104CD00010960108717569740000000065786974A8
:104CE00000000000BDB90108C4B90108636C73007D
:104CF00006B30108E5B40108F5B50108D3B8010809
:104D0000AB960108DAAE010894B10108FEE7FEE7B0
:104D10002DE9F04F87B0DFF80CA9DAF80090D9F848
:104D20001400C00740F0618400F0BFFC014200F0B5
:104D30005C84D9F80808C0F30D20CAF8D40400F048
:104D4000B4FC0840800705D5D9F8140000F0020033
:104D5000C9F8140000F0A9FC09F5006B0840C00672
:104D600048463FD5D9F8180020F01000C9F81800BF
:104D7000D9F82050C5F3434005F00F0406281AD097
:104D8000022848462AD147F6F07015EA0006484640
:104D900024D004EBC40035090AEB800748462A46B4
:104DA000D7F8601202F0BFFAD7F8600200EB1610D5
:104DB000C7F8600207E00AF29C414846082202F068
:104DC000B2FAC5F30A1504EBC4000AEB8000D0F870
:104DD00068122944C0F86812DAF80000816941F0CD
:104DE0001001816141698269CDF808B01140090361
:104DF00040F1D280D0F81818D0F81C080AF51D78B8
:104E00004FF430674FF0000B0840040C002C00F00A
:104E1000BF80E00700F0B180DAF8000039188A6836
:104E2000D0F8143803EA0206F20751D009EB070262
:104E300001239360036C8A689AF80650012D21D1F2
:104E400015072BD4950641D412F0280F40D1D94D27
:104E5000AB4201D9120426D4D8F8002009696FF3B7
:104E6000DF41511AB7F5306F48F80C1C29D1DAF838
:104E70006422002A00F08880DAF860020844CAF848
:104E800060021EE0CB4D05F58075AB420ED11004DB
:104E900009D4900644BF2020886012E0C5488342B0
:104EA00016D9100414D54FF4004010E0B7F5306F58
:104EB00007D1DAF8641221B90AF29C42002102F00B
:104EC00027F95FFA8BF0FEF781FA01E02020886075
:104ED00030071DD509EB07000821B64B8160DAF8D1
:104EE000001078180A6C81689A420FD9090444BFEF
:104EF0004FF400418160FEF7F1FA9AF806000128AC
:104F000006D1DAF8000000F02AFE01E0FEF7E6FA2A
:104F1000F00642BF09EB070010218160B0071FD5E2
:104F2000D9F81400000604D50299486840F480605E
:104F3000486018F81D0C01280ED1002008F81D0C3F
:104F400000F002FD08D090F89C22032A04D14A6A9E
:104F500012B15FFA8BF1904709EB070002218160E3
:104F6000B00642BF09EB070020218160B00442BFB8
:104F700009EB07004FF40051816008F12408203745
:104F800064080BF1010B41E70AF29C42012196E70C
:104F9000DAF80000DDF808B000F05CFC490340F1ED
:104FA0004481D0F81818D0F81C08084083B209F5DD
:104FB000106004900020CDE90590002B00F03381B3
:104FC000D80700F02981DAF80000D0F81018069C04
:104FD000D0F8342804F00F076501FA40D201D2B2AC
:104FE000114300EB4412D2F8082901EA02095FEAF2
:104FF000C97100F084800124DBF8342004FA07F141
:1050000022EA0101CBF83410049929448C609AF803
:10501000061001290BD1069E1C4606EBC6010AEBC1
:105020008101D1E907231A4423460A62BEB10698DA
:10503000DAF8E06400061AD096F89C0203285ED1E4
:10504000D6F8B8024269002A59D000201C46C6F89A
:10505000D4020698C1B23046904723464FE0DAF8B2
:10506000241011B900F07BFD2346DAF8E064D6F88D
:10507000940202283DD1318CB0691C46884209D97E
:10508000421A706AB2610144D6F8C802716202F035
:1050900029F826E010D1716981420DD3D6F8980223
:1050A000814209D2D6F8C8020021002202F01AF883
:1050B0000020C6F8980214E096F89C02032808D154
:1050C000D6F8B802C16821B10020C6F8D402304633
:1050D0008847D6F8C802802101F0B0FF0520C6F845
:1050E000940206F5327000210022006801F092FF60
:1050F000234696F8A00210B1002086F8A0025FEACD
:10510000097003D504980821284481605FEAC960CA
:1051100003D504981021284481605FEA4960039711
:1051200003D504984021284481605FEA897020D526
:10513000DDE905061C46314602F0D6F806EBC6004E
:105140000AEB800010F8171F01290DD10021017012
:1051500000F0FAFB08D090F89C22032A04D10A6AD6
:1051600012B10699C9B290470498234602212844F7
:1051700081605FEA09604FD5069800EBC0000AEB3A
:105180008008444654F8240F274657F8042F9042CD
:1051900042D3D346DAF8009058F81CAF811A019335
:1051A000514538BF8A4605EB090108F1040501F5B0
:1051B00010661AE00A30544F9BF80630D8F800A069
:1051C000801A29680093504538BF824606981FFA16
:1051D0008AF3C2B2484602F0C0F8286850442860FA
:1051E000386800EB0A0220683A60B3690AF10301EB
:1051F0009BB2B3EB910F28BF9042DDD8DA46DDE9D0
:10520000013B904208D8039901208840D9F834180E
:1052100021EA0000C9F834080698DDF814905B080C
:1052200001300690C9E6DAF8000000F013FBB1F196
:10523000FF3F1BDCDBF8041021F00101CBF8041068
:105240009AF8CC14012903D100218AF8CC1409E082
:10525000DAF8E01491F89C22042A04BF91F89D2208
:1052600081F89C22416901F00041416100F0F2FAAD
:10527000090522D5DBF80810C9071AD0DAF8E014BE
:1052800091F89C22042A1CBF91F89C2281F89D224F
:10529000042281F89C22D0F8001E41F00101C0F8E0
:1052A000001E9AF80B1021B1DF490A6842F006028D
:1052B0000A60416901F40061416100F0CBFAC90460
:1052C00056D5D9F8041821F00101C9F804181021A5
:1052D00002F00AF89AF80410D44B09F530604FF642
:1052E0007F3291B1A0F500740139A260C45824F452
:1052F0000014C4508260046824F40014046004683C
:1053000044F0006404602030EBE7DBF81C0040F060
:105310000110CBF81C009AF80F0040B1DBF88400B4
:1053200040F00B00CBF884000BF1440008E0DBF800
:10533000140042F22B010843CBF814000BF11000CB
:1053400001680AF29C4241F00B010160DBF80000A9
:1053500020F4FE60CBF80000DAF800009AF806109E
:1053600001F0D6FEDAF80000416901F48051416194
:1053700000F070FA890440F18680D0F8001940F2FC
:10538000FF72ABA39143C0F80019D0F8041841F4A0
:105390008071C0F80418D0F8082802F006019207BE
:1053A000595C8AF8071002D44FF4105231E0A24A37
:1053B000A24BA34C52681344A34202D24FF4705242
:1053C00027E0A04BA04C1344A34202D24FF46052FA
:1053D0001FE09E4B9E4C1344A34202D24FF4505206
:1053E00017E09C4B9C4C1344A34202D24FF4405212
:1053F0000FE09A4B9A4C1344A34202D24FF430521E
:1054000007E0984B984C1344A34280F0F1804FF48E
:105410002052C36823F47053C360C3681A43C26048
:1054200019B1022940F0FC800121DAF8E05401248E
:10543000002085F89C422974C5F8A402686085F8AC
:10544000A002C5F89402D5F8B80220B1426812B1A2
:10545000284600219047D5F8C802002101F08CFDB4
:10546000D5F8C8024026802185F86341A5F860611F
:1054700001F082FDDAF800002E8485F823404169AE
:1054800001F40051416100F0E5F9090712D5DAF89D
:10549000E01491F89C22032A08D1D1F8B8222AB14D
:1054A000D2691AB108469047DAF80000416901F064
:1054B0000801416100F0CEF9090619D5D9F81800A4
:1054C0000AF27B24012520F08000C9F818009AF820
:1054D000040085420AD22178012904D1E8B2FDF7FF
:1054E000B9FF9AF8040024340135F2E7DAF8000035
:1054F00000F0B0F9C90222D59AF804000AF13B0481
:1055000009F5126501260127874212D229686278BF
:10551000012A0AD1B1F1FF3F07DC47F08000267075
:10552000C0B2FDF797FF9AF8040020352434013704
:10553000EAE7DAF80000416901F48011416100F006
:1055400089F9890231D5DAF8D4349AF804400AF599
:105550001F7109F532624FF0010C0126A64220D2DC
:1055600017680D78012D12D1B7F1FF3F0FDC83EAE8
:105570001745ED070BD1D9F8185045F08005C9F84B
:10558000185001F801CCD9F814502D0603D520325B
:1055900024310136E2E7DBF8041041F40071CBF866
:1055A0000410416901F40011416100F053F9490010
:1055B00003D5416901F08041416100F04BF9490791
:1055C00013D5446861070DD5DAF8E024012182F88B
:1055D0009C12D2F8B8322BB111795B68104698470B
:1055E000DAF8000041682143416007B0BDE8F08F60
:1055F0001E4B1F4C1344A342FFF4D6AE1D4B1E4C52
:105600001344A34202D24FF4005202E71B4B1C4C3E
:1056100013444FF4C052A34238BF4FF4E052F8E6AF
:10562000FDF731FA1087002010ED00E000FEFFFFCB
:10563000000F020F0F0F020004000020405327FF4D
:1056400000350C00401E1BFF40420F0000DC0BFF2A
:10565000804F1200808CF9FE20D6130060B6E5FE64
:1056600060E3160000D3CEFE40771B00C05BB3FEA4
:10567000C091210000CA91FE20753800E05459FE07
:10568000E09C4100314610F03DB9204610F03AB997
:10569000206850E8030F216820F0100041E8030261
:1056A000002A7047484610F02DB9D9F81400D9F8EF
:1056B000181070470904816120467047206850E83F
:1056C000030F21687047206800F0EEBB2846314682
:1056D000224606F08FBE284621463047284600F075
:1056E00087BB4DF808ED0C460EF04AFA00285DF82D
:1056F00008EB7047202110F0E5BB206850E8050F4B
:10570000216820F0010041E80502002A7047425854
:1057100042F000624250425842F08042425042F20F
:10572000107270473946FAF7B3BE504601F002BC1A
:10573000504601F017BC504610F0E4B8384600233C
:105740002246FDF791BC384603212246FAF7ACBE4B
:10575000044611F025BC20464FF0FF310EF0BAB8D8
:1057600041F23362A05C80F001010028704720689C
:1057700050E8050F216820F0400041E80502002AAA
:10578000704741F23030205A7047B4F804010028C5
:105790007047D9F824000028704758460FF037BFEB
:1057A000584610F08BB80095FAF77EBE0094FAF7D1
:1057B0007BBE40F480303861FDF768B9296C41F058
:1057C00080512964296C01F080510991099909904F
:1057D00070470160002070474FF480712046FAF74F
:1057E00063BE4FF48060DAF800407047606A218D34
:1057F0008161204611F0FEBCA0F1800530462B46A9
:10580000FAF752BED9F814008DF8224000287047EC
:105810000122642328475A460294CDE900055846E0
:105820000BF01FB840464FF480714847284610F0EF
:1058300069B840F0200161297047204600F0D8BACD
:10584000294610F05FB841F2883200F047BB2022B1
:10585000FCF7F5BE416982691140704720460FF0A0
:10586000D6BE207D00F07F00207570474FF4807118
:10587000FAF71ABE0590002004904020039070476C
:10588000A0F13101C9B208297047284610F0DEB8EE
:1058900028464146384704F130010123012606F02D
:1058A00029BAC9F830004FF480600694CDE9098028
:1058B0004020D9F8005008907047204629460FF044
:1058C000CABE2046FAF7F0BD435C1A444254120A9D
:1058D0000131704707B0BDE8F08F08900898CDF807
:1058E0002090286B70472A46FCF7A9BE4FF48071C0
:1058F0003046FAF7D9BDD9F8680000214A4600269B
:10590000C3690E980068CDE90007704740460FF064
:10591000F9BF2846FBF72DB928460FF0AFBE284641
:10592000FAF7C2BD204611F065BC20460BF033B833
:1059300094F91400B0F1FF3F7047002084F8340060
:10594000012084F835007047DAF8E004D0F8D4126A
:1059500000EB8101D1F8B8120029704701EBC015A6
:1059600030464FF480712B46FAF79EBDA16B084379
:10597000A0637047A0F108073846FBF745B98DF8DA
:10598000EB01204649468DF8EC810FF06EBF2046B2
:1059900031460FF06ABF30460522FBF78FB80390FF
:1059A00048460AF0BBBDC0F17F022846FBF754B859
:1059B000846B40F23A51206881632046FEF7A0B91B
:1059C000DAF810000028704740F23A518163012054
:1059D000002184F83400216370473046FAF764BD33
:1059E00047F8580F0020C7E90305C7E901210497CC
:1059F0007047A06E81691498B0FBF1F202FB1101AF
:105A0000002970472846FBF7FFB82046FBF7FCB893
:105A100058460FF02ABF21460FF074BF303899F86E
:105A20000110C0B2884270474FF4FA514068B0FB91
:105A3000F1F041F288314843704700202E2185F86B
:105A40007F002846FBF78AB80020BDE8F081584661
:105A50000FF058BFDAF8240000287047202238469B
:105A6000FCF7EDBD04F13C052C1805EB8000406807
:105A7000247A70474FF4807138470D5D165D6E4093
:105A80001E40754005550134704701F07F02C90979
:105A9000C27713224A43002170470297CDE900B034
:105AA00020460CF04BBC40460FF0DFBE28464FF4BA
:105AB0008071704703213246FAF7F6BC20460FF09A
:105AC000D4BEDBF800000028704732462B4601F0B8
:105AD0008FB920EAE071C043C00F2160B0BD2046FD
:105AE00029462A46504720460FF0E8BE20460AF0D5
:105AF000FDBE002206F04EBE7F22FBF759B84FF4E0
:105B00007A70FDF7FDB94FF4FA7306F06FBBD9F860
:105B1000140000287047012207F13401284606F0DE
:105B200039BE294630460FF0A9BDFF22896AFCF72D
:105B3000CBBD0121053884F83410002101282163F0
:105B400070470021C0E90221C0E9006305610390AC
:105B5000704700210AF0E2BC09B0BDE8F08F0AF2FC
:105B60009C42012101F0D4BA9DF872029DF8731293
:105B70009DF871327047DAF80000002100F047B953
:105B800070470000F0B50168CA68520619D4CA68A7
:105B90008C4B01264FF0040C42F08002CA600022B8
:105BA0009C6ACF68F54345EA9715ED070AD19D6ACF
:105BB0002D1BB5F57A7FF4D980F81DC0012200268F
:105BC000EFE70022D0B2F0BD10B50168CA6822F03C
:105BD0008002CA608A6892060FD4094ACA60794A6C
:105BE000936ACC68A40608D4946AE41AB4F57A7F60
:105BF000F7D904214177012010BD002010BD00BF5E
:105C00005F7F0100B0B591E83C004262836245EAE3
:105C100004030A6949691A431143C26A22F0F70270
:105C20001143C162B0BD0000B0B5654C2068256B62
:105C3000416B090401D5290768D4416BC9054BD4D0
:105C4000416B490402D5290700F18280416B40F283
:105C50003A22114259D0416B890703D5A16B41F01B
:105C60000201A163416B090703D5A16B41F0080153
:105C7000A163416B890603D5A16B41F02001A163AB
:105C8000416BC90603D5A16B41F01001A163416BC3
:105C9000890503D5A16B41F00801A16340F23A7177
:105CA00040F23A328163C16B9143C16300F0FCF86A
:105CB000FFF75CFE280758D4280626D515F0300FCC
:105CC00069D0E06B40490165FCF76EFFE8B1E06B1D
:105CD000BDE8B04000F029BA4FF480714CF23A327E
:105CE0008163C16B9143C163C16A21F00101C1624B
:105CF000290718D4290608D5A90604D500F0D4F838
:105D000008B1FFF733FEA8073AD0B0BDE06A00281B
:105D1000FBD0A16A0022202A15D02368D3F8803056
:105D20008B500432F7E715F0220F04D000F0BCF8D6
:105D300008B1FFF71BFE2068FFF746FEA90727D032
:105D4000EF49C862B0BD11442038C4E90A10B0BDA3
:105D5000616A0029D9D0226A0023D518202B0AD0E5
:105D60002D680433C0F88050F7E7012084F8340030
:105D700000202063B0BDA1F12000C4E90850B0BDEF
:105D80002068C16A21F00801C162012084F8340052
:105D9000DB490863B0BDA8070BD0206C0B49016537
:105DA000FCF702FF0028B0D0206CBDE8B04000F046
:105DB000A9B900200121A06384F83410D9E700BFFD
:105DC000F48B0020D00100202B6100080561000841
:105DD000B0B51143049A446847F6FF65194311436F
:105DE000059AAC431143069A114321434160B0BD6B
:105DF00070B591E83C0040F6FF76234382602B4368
:105E0000C2680969B24319431143C16070BD10B53E
:105E100086B004464FF48060FFF72CFD3720CDE9B3
:105E2000011001A9FFF709FD2046372141F2883210
:105E300006B0BDE8104000F051B810B586B0044679
:105E40004FF48060FFF716FD1020CDE9011001A985
:105E5000FFF7F3FC2046102141F2883206B0BDE87E
:105E6000104000F03BB8000010B586B0044600209A
:105E7000CDE90300CDE901004FF48060059001A950
:105E8000FFF7DBFC7548FFF7CFFDC043013006D2BA
:105E9000616B0906FAD5C520A063002001E04FF030
:105EA000004006B010BD00BF10B586B004464FF4E8
:105EB000806040210590002003910C210490CDE9E1
:105EC000010101A9FFF7B9FC034A20460C2106B0E5
:105ED000BDE8104000F002B800E1F50510B503463A
:105EE0005E484FF4FA544068B0FBF4F05043013080
:105EF000013804BF4FF0004010BD5A6B12F0450F3F
:105F0000F6D012F40062F3D1586B400742BF042070
:105F1000986310BD586BC0071EBF0120986310BD69
:105F2000C52098631869C0B288421CBF012010BD0B
:105F300058692F49084204BF002010BD002854D4DE
:105F4000410044BF402010BD810044BF802010BDEF
:105F5000C10044BF4FF4807010BD010144BF4FF435
:105F6000007010BD410144BF4FF4806010BDC101FD
:105F700044BF4FF4006010BD010244BF4FF4805095
:105F800010BD410244BF4FF4005010BD810244BF18
:105F90004FF4804010BDC10244BF4FF4004010BD1B
:105FA000410344BF4FF4003010BD810344BF4FF4A0
:105FB000802010BDC10344BF4FF4002010BD010478
:105FC00044BF4FF4801010BD410444BF4FF4001093
:105FD00010BD810444BF4FF4800010BD00074FF492
:105FE000000058BF4FF4803010BD4FF0007010BD5E
:105FF00008E0FFFD19494FF4FA524968B1FBF2F18C
:1060000041F288325143C943013110D2426B12F040
:10601000450FF9D012F40062F6D1416B490709D45B
:10602000416BC90708D1C5218163002106E04FF00B
:10603000004103E0042100E001218163084670472C
:1060400010B5064C01202070FCF794FB18B920789D
:1060500000F0FE002070207810BD00BF040000207A
:1060600070B5274C47F22F56A56AA06A401BB04274
:1060700084BF4FF0FF3070BDFCF77CFB0028F4D1EB
:10608000002070BD10B5846B406D022821D0D4E98A
:106090000F01496D406D012918BF012819D12068F1
:1060A0000C498163C16B21F49D71C163A06B40F009
:1060B0008040A0632046FDF723FE0538012803D861
:1060C000FFF701FBFFF752FC012084F834000020A9
:1060D000206310BDFF05400010B5846B206B822843
:1060E00004D1FFF7F0FA08B1FFF740FC2068C16A5D
:1060F00021F00801C162FFF767FC0149C86210BDC9
:10610000D001002010B5FFF753FCFFF712FD03D8B4
:10611000FFF7D9FAFFF72AFCA06B10BD806B00686F
:10612000C16B41F48071C163704710B5FFF740FC4B
:10613000FFF7FFFC03D8FFF7C6FAFFF717FCA06BC9
:1061400010BD00002DE9F04F9BB0FCF71BFB0128B0
:1061500040F00C81DFF8D0A7DAF800009AF834108C
:10616000002940F0A180A54F00258AF81C50B842B4
:1061700040F09A80A24810954FF00C094FF00308A8
:106180000226416941F400614161416901F4006105
:10619000109110991095016841F0040101600168A7
:1061A00001F00401109110991095016841F0080167
:1061B0000160006800F0080010901098CDF8509031
:1061C000CDE9125811964FF4F850109010AC07F525
:1061D0005C402146FCF7D6FFCDE913894FF0040956
:1061E00007F560402146CDE91165CDF84090FCF7F8
:1061F000C9FFDFF838474FF400104FF40001814F1A
:106200004FF440364FF0006B4FF480622063C4E9D6
:1062100002554FF480402025C4E90A814FF4805193
:10622000C4E90869C4E9007BC4E906052046C4E95D
:106230000421FCF7A5FD002840F03A83C4F838A0FB
:10624000CAF84040DFF8E8464FF40000402107F16B
:106250004802E0624FF40010C4E90869C4F82880DD
:10626000C4E9002B20630020C4E902104FF48060D1
:1062700020614FF4805060614FF48040C4E906050E
:106280002046FCF77DFD002840F0128331200121DB
:10629000C4F838A0CAF83C40FDF772F85A484FF4E9
:1062A00000310160DAF80000032147F6FF630025A2
:1062B00001278AF8341042689A4376324260534A82
:1062C0001560016002201760FCF71AFE1695DAF8D7
:1062D0000000FFF7C9FD002841D1FFF782FACDE9A0
:1062E000135040201290082011904FF4D570109058
:1062F00010A9FFF7A2FADFF8B408FFF795FB6FEAE1
:1063000000094846013019D2616B11F0450FF9D0F0
:1063100011F40061F6D1606B40070BD4606BC007CD
:106320000AD1606B400644BF4020A0630120CAF838
:1063300048000FE0042000E00120A0630020CAF81C
:106340004800DAF80000FFF78FFD40B9DAF848009E
:10635000012811D1FFF70FFC70B14FF080508AF87F
:106360003470DAF838100843CAF83800DFF83C080F
:1063700000781BB0BDE8F08F254E4FF6FE7B4FF046
:10638000290810AC00200021169A5A452DD861BB6F
:10639000FFF7F1FB0028E2D14FF48060DAF80050FB
:1063A0002146CDE9106814900020139040201290EF
:1063B000FFF794F948460130CFD2696B11F0450FD1
:1063C000F9D011F40061F6D1686B10F004004FF0C1
:1063D000040008BFC520A863BFD1DAF800004069F7
:1063E000169901311691C10FCEE716994FF6FF723B
:1063F00091420FD34FF08070B1E700BF002C0140F5
:10640000303802405864024004E100E0A080254298
:10641000000010C1C0F38070DAF80040CAF84400F0
:106420002068800700F08F804FF48060C0211490B6
:106430000020129102211390CDE9100110A9FFF75D
:10644000FCF92046FFF7D6FD00287ED1DAF800409F
:106450006069CAF87400A069CAF87800E069CAF8EF
:106460007C00206ADAF84410CAF88000032003296F
:106470006FD1A169090DCAF84C10DAE91921930FFF
:106480008DF83430C2F383638DF83330C2F3016387
:106490008DF83230130C8DF83130130A8DF830300E
:1064A0008DF82F200A0DADF83820C1F303428DF886
:1064B0002C20C1F3C0328DF82B20C1F380328DF82F
:1064C0002A20C1F340328DF82920C1F300328DF823
:1064D0002820002201288DF8272071D0002840F0C4
:1064E000F58040F6FC7001230AF1540500EA8101B1
:1064F000DAF86C0041EA90711691C0F3C2618DF830
:106500002410C0F302618DF82310C0F342518DF8BE
:106510002210C0F382418DF82110C0F3C2318DF8F2
:10652000201016999DF8202002F007020131023256
:1065300091409DF82C2002F00F0203FA02F2530A58
:106540004B430EC54FE04FF0806001218AF83410B4
:1065500007E74FF480614022149100211292CDE9A7
:106560001010139110A9FFF768F919F1010924D24D
:10657000606B10F0450FF8D010F40060F5D1606B3F
:10658000400700F1B180606BC00740F0AF80206928
:10659000C0B2032840F0BF80C520A063606910F43A
:1065A000604F00F05081410400F1558100044FF428
:1065B000805058BF4FF48030C7E74FF00040C4E729
:1065C000DAF86C0001F03F014FF40072030C43EA6B
:1065D000014116914FF48061169B01EB8321CAE9BA
:1065E0001512CAF85C104FF40071CAF86010C0F3BD
:1065F00080318DF81F10C0F3C61100F07F008DF8B8
:106600001E108DF81D00DAF87000C10FC0F30042B3
:106610008DF81C10C0F341718DF81B10C0F382611E
:106620008DF81A10C0F383518DF81910C0F3405142
:106630008DF8181000218DF817108DF81620C0F372
:10664000C0328DF81520C0F380328DF81420C0F3CD
:1066500040328DF81320C0F300328DF81220C0F3C1
:1066600081228DF81120C0F30122C0B240088DF8BC
:1066700010204FF480628DF80F0001208DF80E007D
:10668000CDE913124021DAF8500012910004109065
:106690000720119010A9FFF7D0F820460721FFF737
:1066A000D2F800287FF451AF9AE87F008DE870009F
:1066B000FFF78EFBDAF800004FF40071FFF7BDFB27
:1066C000B8B1DAF800109B4A8A63A8E09948A06341
:1066D000DAF8380040F08050CAF8380001208AF813
:1066E00034004FF0805030E7042000E00120A06328
:1066F0002BE70020CAF83800CAF8300001208AF8D9
:10670000340003208AF83400DAF84400032804D166
:106710004FF080515DE0012017E7DAF80000416991
:10672000890154D4D44D0021AF6ACDE90E1108215E
:10673000FFF783FB014600284BD1DAF85010DAF856
:1067400000000904FFF763FB0146002841D1012046
:1067500000261590022014961390302012900820E5
:1067600011904FF0FF301090DAF8000010A9FFF7F9
:1067700049FAFFF736F81696CDE9196040201890CF
:106780003320179016A9FFF758F820463321FFF75A
:106790005AF80146E8B9DAF8000000220EAB416B66
:1067A00011F02A0F40F08680416B890203D4416BBF
:1067B000890405D47EE0D0F8801043F8221001321D
:1067C000A96AC91B01314FF00041E8D101E04FF443
:1067D0000061DAF83800574C0843CAF83800DAF894
:1067E000380030B1DAF80000012584638AF83450AB
:1067F0000DE09AE80F00DAE905564FF40067CDE99D
:1068000000750296FFF7E4FADAF8000000254FF46D
:106810000071FFF712FB58B1DAF800108C63DAF858
:1068200038100843CAF8380001208AF834009DE582
:106830000120002D8AF834007FF498ADFFF700FCAA
:10684000DA49087092E5DAF84410DAF800400329D2
:1068500004D103200DE64FF4005076E6010CCAF88F
:1068600050104FF48061149100211391C0211291B6
:10687000092111914FF6FF718843109010A9FEF77E
:10688000DCFF2046FFF7B6FB00287FF45EAEDAF8A7
:1068900000406069CAF86400A069CAF86800E0694D
:1068A000CAF86C00206ACAF87000DAF84400E0E523
:1068B000FCF7E9F8416B090711D4416B89050ED447
:1068C000416B89070ED4416B89060DD440F23A51D1
:1068D00081630E99490509D44FF0806179E7082159
:1068E000816376E70221FBE72021F9E7DAF850100F
:1068F0000904FFF78CFA014600287FF46AAFFEF71F
:1069000070FF1490002013904020129002201090ED
:106910000620119010A9FEF790FF20460621FEF7F1
:1069200092FF014655E700BFF48B002090850020C0
:10693000F0850020FF05400010B588B008469B494F
:106940000978C9070BD103280BD81446DFE800F0FB
:1069500018020B116846FBF7FDFE06980EE00320B7
:106960000EE004200CE06846FBF7F4FE0798208058
:1069700005E06846FBF7EEFE0798400A206000201D
:1069800008B010BD2DE9F84F1E4614468A46FFF7A1
:1069900067FB00283FD45FEA8A7036D0CC4F47F2BD
:1069A000305547F22F594FF0000BB34536D0002039
:1069B000214601224FF00108F8627048FBF7F4FE0F
:1069C00090BBB86A0134F96A19B9B96A091AA942BF
:1069D000F9D3F86A30B30020A0463446F862BE6AA4
:1069E000B86A801B484503D8FBF7C4FE0028F7D1DE
:1069F000624950464FF40072FBF721FE26460BF128
:106A0000010B0AF5007A4446CFE75046214632464C
:106A1000FBF7CAFE80B10120BDE8F88F4FF00008F7
:106A2000B34601E04FF00008BBEB060018BF0120A1
:106A300040EA0800BDE8F88FA54C002047F230512D
:106A4000E062A06AE26A1AB9A26A121A8A42F9D30B
:106A5000E06A0028DFD0002047F22F56E062A56AE6
:106A6000A06A401BB042D6D8FBF784FE0146002046
:106A70000029F5D1DEE700BFD0010020FFF7E0BA22
:106A80002DE9F84FF34C00201F4615468846206339
:106A9000FFF7E6FA002845D45FEA88703CD00095FD
:106AA00047F2305547F22F5A4FF0000BBB453CD010
:106AB000B946324F002041464FF4007220633846F9
:106AC000FBF7BDFD3846009F012201263946FBF742
:106AD00009FF68BB0137A06A08F50072B846216B50
:106AE00019B9A16A091AA942F9D3206B4F4608B314
:106AF00000203E4691462063A76AA06AC01B50450D
:106B000003D8FBF737FE0028F7D1CDF800800BF152
:106B1000010B3746C846C9E7404629463A46FBF7C7
:106B2000E1FE78B10120BDE8F88F0026BB4602E007
:106B30004F4600E00026BBEB070018BF01203043A2
:106B4000BDE8F88FA06A47F23051226B1AB9A26AE9
:106B5000121A8A42F9D3206B0028E3D0002047F2B2
:106B60002F562063A56AA06A401BB042DAD8FBF713
:106B700001FE014600200029F5D1E1E7D8D200202E
:106B8000B8B5B44CA56AA46AEC432344074C6468C6
:106B9000C4F3CB3463430093006883680B405B1AF3
:106BA000B3FA83F35B099342F7D1B8BD0400002028
:106BB00070470000A748816A01318162704700BFB9
:106BC0000248016841F470010160704788ED00E0FF
:106BD0002DE9F0413C4C2068C5680669B10707D52E
:106BE000A90705D56FF002010161002121778169B4
:106BF000710707D5690705D56FF004010161002110
:106C000021778169310707D5290705D56FF008017C
:106C1000016100212177C169F10607D5E90605D593
:106C20006FF01001016100212177C169F10731D0B6
:106C3000E9072FD06FF0010101612449884229D171
:106C4000844841890131418188B24FF4FA61B0FB37
:106C5000F1F202FB1100C1087C290FD881B2B1F515
:106C6000FA7F28BFA0F5FA7081B21A48F929C06BE3
:106C700006D8016871B14FF0010805E01548C06BF6
:106C8000416839B14FF00008124F07F13C008847C6
:106C900087F84580300605D5280603D520686FF0B3
:106CA00080010161700605D5680603D520686FF084
:106CB00040010161B00605D5A80603D520686FF034
:106CC00020010161BDE8F081D08C0020000001406E
:106CD000D00100203C0200200148FDF733B800BF7E
:106CE000608D0020806B0021C1857047016851E8EC
:106CF000031F026821F4907142E80313002BF5D1C1
:106D0000016851E8051F026821F0010142E80513FE
:106D1000002BF5D1016B012909D1016851E8031F4E
:106D2000026821F0100142E80313002BF5D1202165
:106D300080F8421000210163704790F84210222928
:106D40004DD181B083680246B3F5805F08D152F817
:106D5000281F52F8183C002B42D003685B6809E0FA
:106D600052F8281F13B90369002BF6D003685B683B
:106D700003F07F030B70116801311160C18D01397F
:106D8000C18509042AD10168CA6822F02002CA60BC
:106D9000CA6822F48072CA604A6922F001024A611C
:106DA000202180F8421000214163026B012A15D195
:106DB0000163016851E8031F026821F0100142E8F5
:106DC0000313002BF5D100680168C90606D5002120
:106DD00000910168009140680090009801B07047F0
:106DE000026852686FF35F2221F8022B8162C5E7C7
:106DF0002DE9FC410568174F80465E1C2868084055
:106E0000884223D0002EF9D0B86A841A03209C420D
:106E10001AD8CBB1E8684007F0D54029EED08029D8
:106E2000ECD028680007E9D5002401942868019077
:106E30006868019001984046FFF758FF082088F8DD
:106E40004040C8F844000120BDE8FC810020BDE8B6
:106E5000FC8100BFD0010020B0B5344CE0680028B0
:106E60005ED0016800295BD00A6ADAB10821904738
:106E70000146E06891B1002852D0016800294FD046
:106E80004A6A3AB108219047E068002848D0016872
:106E9000002945D00A6B2AB19047E06800283FD00E
:106EA0000168E9B30A6A22B30121904708B3E06898
:106EB00028B1016819B1096B09B1884700E00020C9
:106EC00041F2100140F6FE75635A1A466FF3DF3245
:106ED000AA4209D803F4004501336FF3DF332B4492
:106EE0006352A118087404E003F4004000F6FF7038
:106EF0006052E068A0B1016891B10A6A82B11021C4
:106F0000904768B1E06828B1016819B14A6A0AB1CE
:106F10001021904741F21000215A41F400412152C2
:106F20000348BDE8B040FCF70DBF00BF1C4A00207D
:106F3000188D002010B50446D0F8C802802100F05A
:106F40007DF8D4F8C8020021BDE8104000F076B802
:106F500002234162C0F89432C0E90522D0F8C80289
:106F600000F0C0B804210022C0F894120021D0F82B
:106F7000C80200F0B7B8000001F00F0249B2B1F149
:106F8000FF3F02EBC20100EB8101C3BF002381F888
:106F9000553201F515710123DCBF4B751431B0B5C5
:106FA00040234C780A708B6000230B7104B14A8334
:106FB00090F8941401292AD003685101012CD3F8C8
:106FC0001C580FD10124194494402C43C3F81C4889
:106FD000D1F800391B0417D401F510610B6843EA9E
:106FE00082520EE04FF48034194404FA02F22A432C
:106FF000C3F81C28D1F8002B120405D401F5306128
:107000000A68034B1A430A60002180F89414B0BD4B
:10701000408000100B460021C0E998328279C0F808
:107020006812A0F8541200F51571012A04BFC0F8C7
:1070300070320122006800F097B8000010B50446D5
:10704000007901F00F02824201D9082042E048B2E3
:10705000B0F1FF3F09DD01EBC100002104EB80002E
:1070600080F8551200F5157107E002EBC20001210E
:1070700004EB8000417500F1140194F89434012070
:107080000A708870012B01D1102023E084F8940449
:107090002068497853010344012919BF03F5306181
:1070A000D3F8003B03F51061D3F80039002B04D46A
:1070B0001AB10B6823F080430B600B6843F4001394
:1070C0000B6022B9A17904F29C4200F021F8002063
:1070D00084F89404024921FA00F0C0B210BD00BF48
:1070E0000003010310B50B464FF48074014621F8EC
:1070F000144F0024C1E9033211F80E2C4C61012A0F
:1071000004BF036301220068BDE8104000F02CB802
:1071100010B5036C134CA34203D3D0F8003B002BF3
:107120001ED40023C0F8103B0129D0F8103B43F4D3
:107130000023C0F8103BD0F8103B43F01803C0F810
:10714000103BD0F8103B43F0C043C0F8103B07D1D0
:10715000C0F8142BD0F8001B41F08021C0F8001BB0
:1071600010BD00BF0B30544FF8B54B780C78012B95
:1071700028D100EB4413D3F810690D6903F51063AF
:10718000002D43D06FF31206002C1E611E696FF3B1
:10719000DC461E618F6856D0EE19013EB6FBF7FC47
:1071A000504F1E6907EACC473E431E610E79012EFF
:1071B00054D11E6926F0C0461E614FF0C04606EA53
:1071C0004C7648E000EB4413D3F8105B6FF31205E4
:1071D000C3F8105BD3F8105B6FF3DC45C3F8105BAA
:1071E00003F530638D680E69E4B1F6B17419013CA2
:1071F000B4FBF5F6B4B26C433A4D0C626FF3DF4466
:1072000005EAC6451E6935431D6115E06FF3DC468E
:107210001E611D6945F400251D6100251E696FF37F
:10722000120620E006B10D610D621C696FF3DF45A7
:107230002C431C614FF400241D692C43012A1C615E
:1072400017D1CA6813E0BD4291BF4FF400260F6109
:107250004FF400263D461F693E431E612E461F69BE
:107260006FF3DF463E43012A1E6115D1CA6902B1A0
:107270005A61097901290AD1D0F80808C0054FF0F0
:10728000805058BF4FF000501968084318601868C4
:1072900040F004401860F8BD1E6846F004461E60C9
:1072A0000E79012E11D1D0F80868F6054FF08056FE
:1072B00058BF4FF000561F683E431E60ABB2C9680E
:1072C0000092224600F049F8F8BD002DE3D004F00A
:1072D0000F01012202FA01F1D0F834281143C0F85D
:1072E0003418F8BD0000F81F81B000220092009A07
:1072F00001320092009AB2F1706F12D80269B2F1B5
:10730000FF3FF4DC890100222031009201610099E5
:10731000013100910099B1F1706F02D801698906BD
:10732000F5D401B07047B0B593084FF4805423B141
:107330000559013B41F8045BF9E712F003020BD059
:107340004FF48053C058002320FA03F40833013A65
:1073500001F8014B1404F7D1B0BD10B5029C04B183
:1073600010BD0333120300F580509B08002BF7D0AB
:1073700051F8044B013B1450F8E710B501F580714A
:10738000082241F22103C1F3C014490044EA400439
:10739000000448BF5C40013A2046F4D1A0B210BDC1
:1073A000FEE700001CB5184CD4E90B0188420ED151
:1073B0000190D4E90D10E36B01AA98470146002023
:1073C000019A002908BF0A46C4E90B021AB1411C00
:1073D000E162616B085C1CBDF8B50B4DD5E9174641
:1073E000864209D2871BFFF7DDFF20FA07F1B04084
:1073F0000443C7F1080002E024FA00F1301AC5E99D
:1074000017102046F8BD00BFFC030020B0B50C46A5
:10741000054642B1284600F016F800F07F01C20987
:1074200041EAC414F5E72046B0BD10B5002403209E
:10743000FFF7D2FF014600F0030040EA8400441C3D
:107440004907F4D410BD10B50446D0E900018842C4
:1074500004D1204600F00AF828B12068411C2160C0
:10746000A168085C10BD002010BD00001CB50446DA
:10747000D0E90001814201910FD1D4E902102369C2
:1074800001AA98470021019A002818BF1046C4E9B4
:107490000010002818BF01201CBD02A008A127224F
:1074A000F9F77AFA6C656E203D3D2073656C662DA8
:1074B0003E63616368655F626567696E0000000036
:1074C0002E2E2F5574696C732F6870617463685F1A
:1074D0006C6974652E630000421E002021B1535C6C
:1074E000013943EA0020F9E7704770472DE9F04F72
:1074F000ADF55B7D80B115460A4669B165B10446BC
:10750000006830B1066826B145A920460023B0477F
:1075100048B16FF0010501E04FF0FF3528460DF549
:107520005B7DBDE8F08F206890B182693AB145A9D2
:107530002046904706462068102E0CDC40B1426879
:107540006FF00605002AE9D045A920469047E5E7F7
:107550006FF00605E2E7002800F09B808768002FA7
:1075600000F0938045A901AA20461023B8471028AF
:1075700040F08980300701D02068DFE7DFF838A1CC
:10758000FEF768FA0AD0036843B1A6F110080AF1C1
:1075900020064AA130464246984740B1206818B1BB
:1075A00042686FF00805CDE76FF00805B6E70DF10A
:1075B0001409294600964846FCF74AFF01ABDFF85C
:1075C000D4BE00270FCB41AD0FC50025B84543D928
:1075D000A8EB0703B3F5805F28BF4FF48053206802
:1075E00048B186683EB1204645A95A46B04706468E
:1075F000002801DC40E00126484659463246FBF7A8
:107600006BF8374447450AD106EB0B0010F8010C24
:10761000A8B1112813D2361A4746D7D04746FEF7ED
:1076200019FA40D0D0F804C0BCF1000F37D0009850
:1076300029465A463346E04770BB3544C6E7FEF755
:1076400009FA03D0816809B100988847206880B1A1
:1076500042686FF0070575E7FEF7FCF903D0816813
:1076600009B100988847206800283FF457AF426866
:1076700068E76FF0070551E7FEF7ECF903D0816882
:1076800009B100988847206818B142686FF0030577
:1076900058E76FF0030541E7FEF7DCF903D0816896
:1076A00009B100988847206818B142686FF0090551
:1076B00048E76FF0090531E7045F00206170706CE6
:1076C00069636174696F6E002DE9FE4F0446002006
:1076D000002CCDE901005FD00D4600295CD0206868
:1076E00000285BD06868002858D0A16864A01646BE
:1076F000F8F7CEFE2068002857D00368002B54D03E
:1077000002AA204631469847074600284ED1AA686B
:10771000029967A0F8F7BCFE686800284FD003689C
:10772000002B4CD0029A284631469847064600283E
:1077300046D16F48F9F71AF9DFF8B8A1DFF8B89128
:1077400000260DF104084FF0000B0298B0424FD90B
:10775000821BB2F5805F28BF4FF480522068E8B3E7
:107760004768DFB3204651464346B847D0BB019B2C
:10777000DBB36868A0B3476897B3284659465246BA
:10778000B84700285ED1019F029A48463E443146E0
:10779000F8F77EFEBB44D8E7644800E06248F9F79A
:1077A000E5F8FF2040B2BDE8FE8F01275D48FDF7F8
:1077B000B9FF092F62D8B8B25149085CF2E7012637
:1077C00057483146F8F764FE206818B1816809B15E
:1077D00020468847092E51D8B0B2EDE7012702E0D4
:1077E000012730E007464D482EE04648F9F7BEF83D
:1077F0004548F9F7BBF86868A8B1816899B128468F
:107800008847054680B94148F9F7B0F8206860B369
:10781000816851B320468847044638BB3C48F9F795
:10782000A5F80020BEE701253B482946F8F730FEC1
:10783000206818B1816809B120468847092D1DD8F4
:10784000A8B2B9E707462D48FDF76CFF686818B184
:10785000816809B12846884720680028A9D0816836
:107860000029A6D020468847A3E7012429482146BD
:10787000F8F70EFE092C01D8A0B29DE7F62091E79B
:10788000626F6F746C6F616465725F646F776E6C4A
:107890006F61643A206F70656E696E6720736F75F3
:1078A000726365205B25735D2E2E2E0D0A0000008D
:1078B000626F6F746C6F616465725F646F776E6C1A
:1078C0006F61643A20746F74616C5F73697A653DAF
:1078D000256C752C206F70656E696E6720746172FF
:1078E000676574205B25735D2E2E2E0D0A00000047
:1078F000E99C010880070020E0990108F59701083C
:107900003C850108519F0108839D0108C19C010825
:10791000DA9F010897970108C6970108699701083F
:107920005298010824980108B89F01087E9F010819
:1079300070B50546F9F71DF9042801D2002070BD85
:107940002E181D490446351FFEF75CF868B31BA1CD
:10795000FEF758F848B31B49FEF754F838B31AA19C
:10796000FEF750F818B3062CE8D3B51F1849FEF7F8
:1079700049F8F0B11749FEF745F8D0B1082CDDD32E
:10798000A6F10804E349FEF740F870B1E249FEF7BA
:107990003CF850B11049FEF738F820B10F49FEF716
:1079A00034F80028CAD1042070BD012070BD032026
:1079B00070BD022070BD00BF2FB901082E42494E94
:1079C00000000000C1B601082E5349470000000026
:1079D00078B6010889B1010824B90108C8B10108C5
:1079E000B0B504464FF0FF3020630020E070204621
:1079F0000EF02CF808B10420B0BDB4F832024AF6FB
:107A0000552188421CBF0320B0BD94F83400E928FA
:107A100005D0EB2816D194F83600902812D104F145
:107A20006A00006800BF084D20F07F40A84207D0E0
:107A300004F18600006800BF05F14C51884201D175
:107A40000020B0BD0220B0BD4641540002781AB1FA
:107A500001308A42FAD100E0002108467047000058
:107A6000F0B51E4A00230025141D052B12D054F832
:107A7000046C5EB10768BE4209D186682768B742C8
:107A800005D146696768B74201D10CE00125103481
:107A90000133EAE71222002D18BF0022881E18BF0A
:107AA0001046C0B2F0BD09B11020FAE702EB031096
:107AB0008089A0F58070B0FA80F040090001F0E7FD
:107AC00010B5064A00210023502B08BF10BDD45822
:107AD000844208BFD1501033F6E700BF6404002091
:107AE00080B2520A0431B2FBF0F00A6822B190422F
:107AF00004D3801A0831F8E7002070474968084429
:107B0000704782690239023A91422FBF0020C26A4F
:107B1000408901FB002070472DE9F04FEFB082460D
:107B20000020774930228DF8BB0102A8FAF787FDC3
:107B30007449FDF700FE744E7448012206F13404C6
:107B4000214604F027FE60B17149054650460DF00C
:107B50008CFE0DF1BB06FDF7E4FF5046FDF792FDEC
:107B600082E0EB49504601940DF0CCFE0EF04EF948
:107B70007478E94FEB4D4FF0000B0DF1BB064FF061
:107B80000008A34525D23846F8F7F3FF08281CD390
:107B900038442946A0F108094846F9F735F820B1DC
:107BA000E1494846F9F730F878B90120F34A4FF433
:107BB0008071009750FA88F3FDF70FFF5046FDF7EC
:107BC00061FDD44808F10108447880370BF1010BBE
:107BD000D7E75FEA086040D05FFA88F5CF495046A2
:107BE0002A460DF06BFE50460DF011FD0DF2BB174D
:107BF000504639460DF02FFD9DF8BB01FDF719FEEB
:107C000029D0FDF73DFEF3D8A0F13004E6B2AE4234
:107C1000EED8C048C04D4FF0000B4FF0000990F86F
:107C20000180D84523D0FDF774FE08280FD32844DF
:107C3000BC49FDF79FFE20B1BB493846F8F7E4FF89
:107C400028B909F101095FFA89F0B04210D08035F6
:107C50000BF1010BE5E7B24900E03449FDF76BFD9C
:107C600001990020FDF745FF6FB0BDE8F08FA346F6
:107C7000A9495FFA8BF00DF1BB06AC4AFDF76EFE29
:107C80005046FDF7FFFC0DF13B06244A80212B46B0
:107C9000FDF7A3FEA649FDF74EFD21499D48224A66
:107CA000002340F8581F1F49C360C0E9012117494C
:107CB000016102AA3146FFF719FC054601280FDBD6
:107CC000A149FDF738FD0DF1BB06A04A4FF48071C4
:107CD0002B46FDF782FE5046FDF7D4FC9C4D08E094
:107CE000984950460DF0C1FD69420DF1BB05FDF705
:107CF00013FE019C5046FDF7A3FD00202146B1E78D
:107D000044840108AFAC0108D0010020B404002075
:107D100015A10108EDBB01080EB20108E2BB010884
:107D2000108B0108D9BC0108048B0108D3A40108F9
:107D30002DE9F04FEFB004460020704930228DF855
:107D4000BB0102A8FAF77BFC6D49FDF79EFC0CF025
:107D5000A1F930B16B4920466FB0BDE8F04F0DF08E
:107D6000D1BD6949FDF791FC0EA80CF0EDF918B1F1
:107D70006649FDF78AFC82E06549FDF786FC0EA89E
:107D80000DF0EAFF6348644EDFF898B14FF0000849
:107D90000DF1BB054FF0000990F801A0D04523D2AA
:107DA0003046F8F7E6FE08281AD330445946FDF766
:107DB000E1FD20B15C493846F8F726FF80B9012083
:107DC0006E4A4FF48071009650FA89F3FDF7A7FDD3
:107DD0002046FDF735FD4F4809F1010990F801A053
:107DE000803608F10108D9E75FEA096040D05FFA00
:107DF00089F84A49204642460DF060FDFDF72EFD08
:107E00000DF2BB15FDF759FD9DF8BB01FDF711FD06
:107E10002CD0FDF735FDF5D8A0F13006F7B2474577
:107E2000F0D83C483C4D4FF0000A4FF0000890F865
:107E30000190D14526D0FDF76CFD082812D32844C7
:107E40003849A0F1080B5846F8F7DEFE20B1364954
:107E50005846F8F7D9FE28B908F101085FFA88F00A
:107E6000B84210D080350AF1010AE2E72C4900E05F
:107E700038A120460DF046FD0EA808F037FD6FB082
:107E8000BDE8F08FB24624495FFA8AF00DF1BB06D7
:107E9000264AFDF763FD2046FDF7F4FB2449FDF774
:107EA000F4FB2448244A254B254E0021C0E90063F9
:107EB000C0E902210EA9016102AA2946FFF716FBBB
:107EC000054601280FDB2049FDF7DFFB0DF1BB065E
:107ED0001E4A4FF480712B46FDF77FFD2046FDF7CB
:107EE000D1FB1B4D07E01749FDF7E8FD69420DF195
:107EF000BB05FDF711FD20462946BBE74484010878
:107F000037AD010803A401082CAC010883A40108C3
:107F1000639D0108D0010020582F00205EA10108B8
:107F2000A9AE0108EDBB01080EB2010837BB01087C
:107F30008BAC01083C020020D5BC01080C8E010866
:107F4000248E0108F5A00108E7A6010809BC010874
:107F500071AE01084E6F202E62696E2E616573202E
:107F600066696C657320666F756E64206F6E205352
:107F7000504920466C61736821000000D8BB01089D
:107F80002DE9F04FADF2D47D06460020DFF87014E5
:107F90008DF8130230460DF0B5FCDFF86874DFF899
:107FA0006804012207F13405294604F0F3FB70B19F
:107FB000DFF85814044630460DF057FC0DF2131547
:107FC0002146FDF7A9FC3046FDF73AFC34E1DFF825
:107FD00040143046029503960DF094FC0DF016FF08
:107FE00097F80190DFF82C74DFF86454DFF86444EC
:107FF0004FF0000B0DF213164FF00008CB4528D2BE
:108000003846F8F7B6FD08281FD338442946A0F1B2
:10801000080A5046F8F7F8FD20B150462146F8F717
:10802000F3FD90B90120DFF8A42E4FF48071009782
:1080300050FA88F3FDF7D1FC0398FDF723FBDFF836
:10804000C40308F1010890F8019080370BF1010B8F
:10805000D4E75FEA086048D0039C5FFA88F80FF223
:10806000B8314246FDF73FFDFDF7F8FB0DF213274F
:10807000204639460DF0EFFA9DF81302FDF7D9FBC3
:108080002FD0FDF7FDFBF3D8A0F13006F5B2454542
:10809000EED8DFF87003DFF87C43DFF8B4934FF0DD
:1080A000000A4FF0000890F801B0D34521D02046D7
:1080B000F8F75FFD082810D320444946FDF75AFC25
:1080C00028B1DFF890133846F8F79EFD28B908F17B
:1080D00001085FFA88F0A8420CD080340AF1010A46
:1080E000E3E7DFF868132046A0E0DFF8F013039819
:1080F0009CE0B246DFF81C135FFA8AF00DF213150C
:10810000DFF8542301EBC014FDF7D0FC2346F8F749
:10811000CBF9039F294638460DF0F4FB0DF193058A
:10812000DFF8382380212346FDF7F9FB0DF1130416
:1081300029467F222046F8F73BFDC54900268DF8E9
:108140009260F8F7A9FCDFF8BC8238B90DF113058D
:10815000C0492846F8F7A0FC002871D006702046D8
:10816000F8F707FDBE492150204406710DF21314A3
:10817000BD4A0DF11303FDF72FFB3846FDF74BFC0D
:10818000BAA138460DF0BEFBBE494046BE4ABF4BC1
:1081900040F8581F0021C1609B49C0E901320DF130
:1081A0009302002301610DF27C5104F097FF10B19E
:1081B0006FF001062EE0D8F8580048B382695AB132
:1081C00008F1580B0DF27C51584690470446D8F8F8
:1081D0005800102C3CDCD8B142686FF00606CAB1DA
:1081E00008F158000DF27C519047012E12DBAA498C
:1081F00038460DF087FB0DF21314A8A24FF48071DE
:108200003346FDF75EFB3846FDF705FCAAA40BE0FC
:108210006FF00606B04938460DF027FB0DF2131437
:10822000714220460DF02AFA384621460DF06AFBCD
:1082300002990020FDF75DFC0DF2D47DBDE8F08FC2
:10824000FDF767FB874928440B22FAF7F8F98DE719
:10825000002800F0BF8085681DB30DF27C5185AA0F
:1082600058461023A847102816D1D8F858002107DF
:10827000B1D1D0B105685DB1C9A90DF1130258465D
:108280000423A847A0B1DFF87C81D8F8580060B17A
:1082900042686FF00206A2E7D8F85800002800F004
:1082A000998042686FF0030699E76FF00206B1E724
:1082B0000DF509787649A4F1100A4046FCF7C8F894
:1082C00085ABDFF8D09100260FCBC5AC0FC4C9AF8A
:1082D0000024A24551D94B48AAEB0403B3F5805FB3
:1082E00028BF4FF48053806D50B1856845B1584622
:1082F0000DF27C514A46A8470546002801DC59E0AA
:108300000125404649462A46FAF7E6F92C445445E9
:108310000AD105EB090010F8010CC0B1112816D2E2
:108320002D1A5446D5D054463648806D50B1D0F8F9
:108330000CC0BCF1000F05D0584639464A462B46C2
:10834000E04700E00120A84247D12E44C1E72D4874
:10835000806D70B1426862B1C9A9584690472948FA
:10836000806D30B142686FF00706039FDFF894809C
:1083700035E7039F6FF007064CE72248806DB8B1E0
:10838000C2692AB1C9A9584690471E48806D78B184
:1083900042686AB1C9A9584690471A48806D38B1F9
:1083A0004268039FDFF85C80002A7FF419AF1CE766
:1083B000039F1AE71348806D58B142684AB1C9A9B2
:1083C000584690470F48806D18B142686FF0030619
:1083D000CBE7039F6FF003061CE70A48806D58B196
:1083E00042684AB1C9A9584690470648806D18B1FD
:1083F00042686FF00406B8E7039F6FF0040609E7D0
:10840000AFAC0108D0010020B404002015A1010880
:10841000639D0108582F00200D0A53656C65637435
:108420002066696C6520746F20646563727970746E
:108430002028312D256429206F7220276127207480
:108440006F2061626F72743A20000000A9AE0108CB
:10845000EDBB01080EB2010837BB0108E2BB010801
:108460002E62696E78BE010875BB01085374617293
:1084700074696E672064656372797074696F6E2EBB
:108480002E2E0000108B0108D9BC0108048B0108B6
:1084900044840108001D002066A70108446563723A
:1084A00079707465642073697A653A202564206266
:1084B00079746573000000004F75747075742066E0
:1084C000696C6520736176656420746F2053442065
:1084D000636172642E000000F5A00108D3A40108B6
:1084E00010B5A2B004460BF0D5FD30B122492046AC
:1084F00022B0BDE810400DF005BA01A80BF024FE33
:1085000018B11E49FDF7C1F833E01D4C00201DA134
:108510008DF88700FDF7B9F827A1FDF7CFFAFDF731
:108520009DF90DF1870120460DF095F89DF8870023
:1085300000F0DF0059280CD111482C490DF0E2F968
:1085400001ACFDF7D3FA20460AF0EEFE18B128A1DF
:1085500009E0254907E001A80BF026FB2B492A4A30
:10856000002808BF114606480DF0CCF901A808F014
:10857000BDF922B010BD00BF45A40108E2A5010865
:108580003C6000205741524E494E473A205468699A
:10859000732077696C6C2064656C65746520414C50
:1085A0004C2066696C657320696E205350492046E3
:1085B0006C61736821000000507265737320277925
:1085C0002720746F20636F6E6669726D2C20616E58
:1085D00079206F74686572206B657920746F2061F3
:1085E000626F72743A200000A9AE01089CAD0108C8
:1085F0004572726F723A20466F726D6174206661C7
:10860000696C65642100000089A70108A1A4010824
:108610002DE9F043C3B004460BF03CFD30B13949BD
:10862000204643B0BDE8F0430DF06CB902A80BF052
:108630008BFD18B13449FDF728F85FE000208DF874
:108640000B0102A80DF088FBDFF8C08098F801004C
:1086500000284CD03B4DDFF8F090554F33A101245A
:108660000DF18B06FDF71EF898F80120601E904270
:1086700009D2304680213A462346FDF794F88035EA
:1086800001343146EEE7304C30A1FDF72CFAFDF70E
:10869000E5F80DF20B15FDF710F99DF80B01FDF74C
:1086A000C8F822D0FDF7ECF8F5D8303898F801106A
:1086B000C0B28842EFD823490DF18B052FA201EB00
:1086C000C0108021A0F1800428462346F7F7ECFE75
:1086D0001D48FDF7B5F802A821460BF0E5FB2CA1DB
:1086E0002A4A002808BF114602E0234900E008A1F9
:1086F00015480DF007F902A808F0F8F843B0BDE8F6
:10870000F08300BF45A40108E2A50108D0010020C4
:108710004E6F20696D6167657320666F756E6420AA
:10872000746F2064656C65746521000053656C6529
:10873000637420696D61676520746F2064656C6582
:1087400074653A00582F00203C6000200D0A456EE9
:108750007465722073656C656374696F6E2028316F
:108760002D256429206F722027612720746F2061D6
:10877000626F72743A200000A9AE01080D44656C66
:108780006574696E673A202573000000CBA6010866
:108790004572726F723A204661696C656420746F2D
:1087A0002064656C65746520696D616765210000F2
:1087B000D8BB01082DE9F04FF3B081466D481F90FA
:1087C0006CA0D0E90112C068CDE92012229017AC4C
:1087D00020212046F9F7C4FB6AA1FCF763FF734F21
:1087E00053AE3046394603F065FD204631460DF064
:1087F00077FE0DF5867B3946584603F05BFD53AF97
:108800000BF12001FDF72AF90F240DF17C08394600
:10881000202200942BAD4346284606F0BBFE07AF4E
:10882000294638460DF05CFE0DF18C0A009439465D
:1088300017AA4346504606F093FE0DF1EC08594640
:108840002022404605F0F4FA33AC20212046F9F707
:1088500087FBFC2000BF0746002F1ED4F80801212B
:1088600018F8005020460DF02CFE20460DF0B6F909
:1088700030462146FCF7EBFF3046514605F0C6FA7C
:1088800007F007002146324625FA00F000F0010308
:10889000204605F016FB013FDEE733AC2BA920464E
:1088A00005F0B4FA0DF11C0B214620220BF120003B
:1088B000F9F7C5FE3E49DFF8FC804846C0479DF801
:1088C0005D009DF85F209DF85E109DF85C300DF511
:1088D000A67A8DE80700384A50468021F7F7E4FD74
:1088E00048465146C0479DF81D009DF81C309DF834
:1088F0001E109DF81F209DF85A509DF85B409DF872
:1089000058609DF859708DE8C7002CA25046802110
:10891000CDE90554F7F7C8FD48465146C0471FA8A2
:1089200017AA594603F020FB68B137490446484668
:108930000CF09BFF04F1080008289ABF344951F855
:108940002010324900E029A1FCF7ACFE9DF81C0084
:10895000C0438DF81C001FA807A917AA03F004FB49
:1089600007302D492B4808BF0146FCF79BFE73B02A
:10897000BDE8F08F48656C6C6F2C2045643235354E
:108980003139210052756E6E696E6720456432354B
:108990003531392062756666657220766572696662
:1089A0007920746573742E2E2E000000388701081C
:1089B000CBA701080559010841AC01085369676E4E
:1089C00061747572653A2025303258253032582549
:1089D000303258253032582E2E2E25303258253040
:1089E00032582530325825303258000042756666BC
:1089F000657220766572696679207465737420509B
:108A000041535345442100003BA001087DBA0108B1
:108A1000948401085AA201081EA20108F0B5C5B04D
:108A200004461748D0E900128068CDE901121549C3
:108A30000390FCF72AFEF74F134DFDF76CF860B179
:108A400012490646FDF73AF805AD3146FCF764FFDA
:108A50002046FCF7F5FE45B0F0BD0D480D490E4A25
:108A6000FCF7BEFF01A9204600F05CF8A7F1240145
:108A70000020002245B0BDE8F04003F08BBE00BFEF
:108A800074840108AFAC0108B404002015A10108EA
:108A9000108B0108D9BC0108048B010870B5A4B083
:108AA00004461748D0E900128068CDE90012154944
:108AB0000290FCF7EAFD0BF0EDFA30B112492046C6
:108AC00024B0BDE870400CF01DBF1049FCF7DDFD7F
:108AD00004AD28460BF038FB18B10D49FCF7D5FD65
:108AE0000CE00C480C4A0D4B0D4EFDF72AF8694678
:108AF000204600F017F8284607F0F8FE24B070BDB5
:108B00008484010837AD010803A401082CAC0108D6
:108B100083A401083C020020D5BC01080C8E01088A
:108B2000248E01082DE9F04FADF2FC5D8346002054
:108B30008846B1A18DF80700FCF789FFD8F804102A
:108B4000D8F80C000DF0B4F8DFF8C89299F80100DD
:108B500000284AD0B049B14CC14FDFF8E059012696
:108B6000FCF775FF99F80120701E90420AD2384632
:108B70004FF480712A463346FCF718FE80340136E4
:108B80003946EDE7A6A1FCF70BFEFCF706FE0DF15A
:108B90000705584629460CF05EFD9DF80700FCF7D6
:108BA00048FE1BD0FCF76CFEF3D8FCF737FFF0D87B
:108BB0009A49AB4EAB4A01EBC0104FF48071FCF701
:108BC0001BFE5846FCF75EFDD8F808301878E0B177
:108BD000A548A64A8021FCF7E6FD1DE09F49FCF769
:108BE00036FF0DF2FC5DBDE8F08F9D4DD8F80030EA
:108BF000B74A4FF48071FCF792FE584629460DF2B1
:108C0000FC5DBDE8F04F0CF07DBE97482946FCF7AF
:108C100073FF002180F87F10954D93497F222846ED
:108C2000F7F7C6FFFCF709FF28B1291A914A8031EE
:108C3000F7F73AFC05E08E4DFCF76BFE8D49FCF72B
:108C4000B2FE874D8C4A884B4FF48071FCF767FE6B
:108C50008A4C58462946A047894A854B2846FCF746
:108C600005FE58462946A04786A15846A047D8F891
:108C70000C505DB1286838B104682CB17C4A53A906
:108C800028460023A04748B1052400E007248D4969
:108C9000FCF7BEFE8C4850F82410A0E7286800B30B
:108CA000846844B153A943AA28464023A0470646F6
:108CB000286808B905E00126426812B153A9284680
:108CC0009047002E0FD4402E0BD1286838B104688D
:108CD0002CB1654AE9A928460023A04728B10624FB
:108CE000D5E70224D3E70324D1E7286880B182695D
:108CF00072B1E9A9284690470646002809DC286891
:108D000020B1426812B1E9A9284690470424BEE781
:108D10000126674932A84022F9F791FC4FF0000A7A
:108D200002AC4FF000094E4546D9A6EB0903B3F556
:108D3000007F28BF4FF40073286848B187683FB1AF
:108D40005F4A2846E9A9B8470746002801DCD6E76C
:108D50000127BAF1000F0BD0CAF18008584904EB83
:108D60000A00B84507D93A46F9F769FCBA4421E048
:108D70004FF0000806E04246F9F761FC214632A8B0
:108D80000DF0C4F908F18000B8420CD947450ED95E
:108D90004B48A7EB080A02AC524600EB08012046FC
:108DA000F9F74DFC06E0464941448046E7E74FF0BD
:108DB000000A02ACB944B6E732A802A932460DF067
:108DC00037FB286820B1426812B1E9A928469047CC
:108DD00032A822AD29460DF05CFB364943A82A464D
:108DE000402303F0D6F820B13349FCF730FE334975
:108DF000F5E601244BE700BF5363616E6E696E6751
:108E000020666F72202E62696E2066696C65732E13
:108E10002E2E0D00D00100206DAF0108582F00202C
:108E20000D0A53656C656374206669726D776172B3
:108E3000652066696C6520746F2076657269667955
:108E40002028312D256429206F7220276127207466
:108E50006F2061626F72743A20000000A9AE0108B1
:108E60000018002037BB010880170020E8BB01086C
:108E700000190020C1B6010845BB010805590108C9
:108E800053BB01085374617274696E672045643284
:108E900035353139207369676E6174757265207676
:108EA0006572696669636174696F6E2E2E2E0000AB
:108EB000D094010818870108D4A2010853AE010814
:108EC000D844012013A0010894840108D8BB0108EC
:108ED00052A6010880B505A10CF014FD0B49D1F88C
:108EE0001401D1F81811BDE880400847537461722D
:108EF000742070726F6772616D2065786563757438
:108F0000696F6E2E2E2E2E2E2E0A00000C000020D1
:108F10002DE9F04FADF5137D804600208E498F4C32
:108F20008DF84B024046A0478DA14046A047984986
:108F30004046A047974F98480122012407F1340684
:108F4000314603F027FC58B194490546FCF7ABFDC8
:108F50000DF24B16FCF7E5FD4046FCF793FB69E08C
:108F60008F49404602960CF0CDFC0CF04FFF97F86D
:108F700001B08C4FAB4E4FF000090DF24B154FF086
:108F8000000AD94518D2384605F05CF980B154FA88
:108F90008AF328464FF4807132460097F7F784FA37
:108FA0004046FCF74DFC7B480AF1010A90F801B0FD
:108FB000803709F10109E4E75FEA0A6033D05FFA1C
:108FC0008AF47949404622460CF078FC40460CF081
:108FD0001EFB0DF24B25404629460CF03CFB9DF84C
:108FE0004B02FCF726FC1CD0FCF74AFCF3D8A0F19E
:108FF0003007FEB2A642EED866486A4D4FF0000A2E
:10900000002490F80190D14518D0284605F01AF9AF
:1090100018B10134E0B2B04211D080350AF1010A32
:10902000F1E7624900E076A1FCF770FC02990020AC
:10903000FCF75FFD0DF5137DBDE8F08FBA46594989
:109040005FFA8AF00DF24B16594AFCF787FC40464E
:10905000FCF718FB0DF1CB06564A80212B46FCF796
:10906000BCFC0DF14B0931467F224846F7F7A0FDC5
:109070005149002648468DF8CA60F7F70DFD454F67
:1090800038B90DF14B054D492846F7F705FD002885
:109090005CD006704846F7F76CFD49494844092200
:1090A000F9F7CDFA484800263B4CCDE9096600683F
:1090B0000E90464800680F9045480068109045485B
:1090C00000681190444800680B90444800680C9078
:1090D000434800680D9020200890424807900C20DB
:1090E00006900BA80590102004900EA8039003ADE5
:1090F0004046294605F0C2F83B483D490DF1CB02F8
:10910000CDE9009547F8580F38483B46C7E9036456
:10911000C7E901104046394605F090F9029C90B12C
:1091200000F10D010DF24B150D299ABF324A52F88C
:109130002130304B0090FCF7B9FC304AF7F7B4F916
:109140004046FCF77DFB0020214671E7FCF7E1FB80
:109150001C4928440B22A3E774BE010805590108E5
:109160003D3D3D3D3D3D204669726D776172652014
:109170005061636B6167652050617273652028538D
:1091800044204361726429203D3D3D3D3D3D00004A
:10919000AFAC0108D0010020B404002015A10108E3
:1091A0000BAE0108582F00209DA10108A9AE0108AF
:1091B00037BB0108E2BB010824B90108C8B10108A6
:1091C00084BE010878BE01080078FF1F0478FF1FE5
:1091D0000878FF1F0C78FF1F107AFF1F147AFF1FFB
:1091E000187AFF1FC6850108108B0108D9BC010839
:1091F000048B01087DBA0108B8840108ACA90108F4
:109200004E6F202E6961702E62696E2066696C65F2
:109210007320666F756E64206F6E20534420636107
:1092200072642100D8BB01082DE9F04FADF5337D04
:10923000044600208A498B4D8DF8CB022046A84772
:1092400089A12046A84795492046A8470AF022FF51
:1092500038B1934920460DF5337DBDE8F04F0CF051
:1092600051BB9049FCF711FA0BA80AF06DFF08B149
:109270008D4964E08D49FCF708FA0BA80CF06CFDF1
:109280008B488C4EDFF808AC00254FF0010B0DF237
:10929000CB174FF0000890F801904D4518D230469A
:1092A00004F0D0FF88B15BFA88F338464FF4807140
:1092B00052460096F7F7F8F8204639460CF022FBA4
:1092C0007B4808F1010890F8019080360135E4E709
:1092D0005FEA086032D05FFA88F877492046424654
:1092E0000CF0ECFAFCF7BAFA0DF2CB25FCF7E5FA34
:1092F0009DF8CB02FCF79DFA1ED0FCF7C1FAF5D819
:10930000A0F13007FEB24645F0D86948DFF8A4A1C5
:109310004FF00008002590F80190C14516D0504646
:1093200004F090FF18B10135E8B2B0420FD00AF155
:10933000800A08F10108F0E7604900E075A12046C5
:109340000CF0E0FA0DF5337DBDE8F08FB8465949D1
:109350005FFA88F00DF2CB16594AFCF7FFFA204667
:10936000FCF790F90DF24B1756A280212B46384698
:10937000F7F79AF80DF1CB0639467F223046F7F71A
:1093800017FC5149002730468DF84A71F7F784FBE6
:1093900038B90DF1CB054D492846F7F77DFB00287C
:1093A00058D007703046F7F7E4FB494930440922AA
:1093B000F9F745F948480027CDE9097700682E906C
:1093C000464800682F90464800683090454800683D
:1093D0003190454800682B90444800682C904448E0
:1093E00000682D9020200890424807900C2006909D
:1093F0002BA80590102004902EA8039003AD2046C2
:10940000294604F03BFF3C493C483D4A3D4BC1E9FD
:109410000032C1E902070BA80DF24B120B4608619E
:109420002046CDE9006505F009F800288AD000F152
:109430000D010DF2CB150D299ABF344A52F8213097
:10944000314B0090FCF732FB314AF7F72DF82046FC
:10945000294675E7FCF75DFA1E4928440B22A7E769
:1094600074BE0108055901083D3D3D3D3D3D204686
:1094700069726D77617265205061636B6167652009
:109480005061727365202853504920466C6173689F
:1094900029203D3D3D3D3D3D0000000037AD010828
:1094A00003A401082CAC010883A401080BAE010839
:1094B000D0010020582F00209DA10108A9AE01086D
:1094C00037BB01082F25730024B90108C8B1010872
:1094D00084BE010878BE01080078FF1F0478FF1FD2
:1094E0000878FF1F0C78FF1F107AFF1F147AFF1FE8
:1094F000187AFF1FC68501083C020020D5BC010870
:109500000C8E0108248E01087DBA0108B884010878
:10951000ACA901084E6F202E6961702E62696E2021
:1095200066696C657320666F756E64206F6E20537C
:10953000504920466C61736821000000D8BB0108C7
:10954000F0B5C5B004461748D0E900128068CDE9EF
:10955000011215490390FCF798F8144F144DFCF7CD
:10956000DAFA60B113490646FCF7A8FA05AD3146B0
:10957000FCF7D2F92046FCF763F945B0F0BD0E4880
:109580000E490F4AFCF72CFA01A9204600F05EF8BC
:10959000A7F124010020002245B0BDE8F04003F00F
:1095A000F9B800BF74840108AFAC0108D0010020F5
:1095B000B404002015A10108108B0108D9BC0108D2
:1095C000048B010870B5A4B004461748D0E9001216
:1095D0008068CDE9001215490290FCF756F80AF0B0
:1095E00059FD30B11249204624B0BDE870400CF05E
:1095F00089B91049FCF749F804AD28460AF0A4FDE2
:1096000018B10D49FCF741F80CE00C480C4A0D4B21
:109610000D4EFCF796FA6946204600F017F82846EA
:1096200007F064F924B070BD8484010837AD0108E7
:1096300003A401082CAC010883A401083C0200200B
:10964000D5BC01080C8E0108248E01082DE9F04FCD
:10965000BFB08A4600240FF2007183468DF8234084
:109660000CF050F9DAF80C60DFF80C9789F802403A
:109670005EB1706848B103683BB1DAF8042029A9EB
:1096800030469847002800F08580DFF8FC06DFF8B8
:10969000FC160CF037F999F80210002970D0DFF8A9
:1096A000E446DFF83467DFF8107D0FF2E46101254E
:1096B000FCF7CDF999F80220681E90420AD2304694
:1096C0004FF480713A462B46FCF770F88034013530
:1096D0003146EDE70FF2CC61FCF762F8FCF75DF87C
:1096E0000DF12305584629460BF0B5FF9DF82300E0
:1096F000FCF79FF800F0D180FCF7C2F8F2D83038C0
:1097000099F80210C0B28842ECD8DFF87816DFF87A
:10971000C856DFF8C82601EBC0104FF48071A0F1E5
:10972000800828464346F6F7BFFE5846FCF788F8FF
:109730000FF2AC61FCF78BF9DAF80410DAF80C00E0
:109740000CF0B6FA99F80100002800F0AE80DFF8BE
:10975000B816DFF8344CDFF8606C0127FCF777F9B6
:1097600099F80120781E90425AD228464FF4807111
:1097700032463B46FCF71AF8803401372946EDE7BC
:10978000DAF80030DFF85066DFF80C273046FCF7D7
:109790006DF884E009AFD046B81F07903EAD99F848
:1097A00002107068132900F28780002800F086807C
:1097B0008468C246002C00F087803DA83A462B46BC
:1097C0000090304629A9A047002879D19DF8F400DF
:1097D0000028E4D13846F7F7CCF90628DFD30799FB
:1097E00001EB000ADFF894155046F7F70DFA30B197
:1097F000DFF88C155046F7F707FA0028CFD199F813
:109800000240DFF8800539467F2200EBC410F7F7ED
:10981000CFF9611C89F80210002180F87F10BEE7A3
:10982000DFF8E815FBF7BCFFFBF7B7FF0DF12305E9
:10983000584629460BF00FFF9DF82300FBF7F9FF70
:109840002BD0FCF71DF8F3D8FCF7E8F8F0D8DFF8D8
:10985000381BDFF88465DFF8842501EBC0104FF476
:109860008071FBF7C9FF5846FBF70CFFDAF80830A8
:10987000187888B3DFF89C65DFF894058021CDF86F
:1098800000803246F6F710FEDAF80830DFF8880577
:1098900080213246FBF787FF2EE0DFF83865584617
:1098A000FBF7F0FE3FB0BDE8F08FDAF80030DFF8EC
:1098B0002865DFF8E02569E7C24602E0C246ECE62B
:1098C000706800283FF4E7AE4268002A3FF4E3AE38
:1098D00029A930469047DEE6DFF834054146FCF71B
:1098E0000BF9002429467F2280F87F40DFF8280505
:1098F000F7F75EF980F87F40DFF82055DFF818159C
:109900007F222846F7F754F9FCF797F868B1411B16
:1099100001F112027F2A15D8DFF80825DFF800359B
:10992000C1F18001F6F7C0FD14E0DFF8F054FBF759
:10993000F0FFDFF8EC14FCF736F8F7F71AF9DFF868
:10994000E81405E0DFF8D454FBF7E3FFDFF8D014A8
:10995000FCF729F8DFF88064DFF8D024DFF8B034B2
:10996000DFF8CC74DAF80C504FF480713046B84709
:10997000DFF8604858463146A047DFF8B824DFF8E2
:1099800098343046FCF776F858463146A047DFF861
:10999000A824DFF888343046FCF76CF85846314686
:1099A000A047DFF898145846A047A5B1002089F8D1
:1099B0000400C9E90600C9E90805286848B1046837
:1099C0003CB1DFF87C14DFF8482428460023A04788
:1099D00088B1FF2500E0F525DFF8A814FCF718F89A
:1099E00068B20B300B288EBFDFF89C64DFF89C1444
:1099F00051F8206053E7FBF7CCFE15D0016899B110
:109A00000C6864B1DFF83C14DFF80C240023A04795
:109A10000146D9F8240049B130B1016821B14A6842
:109A200012B1DFF81C149047FE25D5E700B301689A
:109A3000F1B10D686DB1DFF81014DFF8E0230423F5
:109A40000424A8470146D9F8240099B180B10168DF
:109A500071B14A683AB1DFF8E8139047FBF799FE15
:109A600006D0016821B14A6812B1DFF8D8139047D7
:109A7000FD25B1E7DFF8D41309942C91DFF8D0135A
:109A80002B91DFF8D013CDE929013DA909AA04F0F3
:109A9000ADFBD0B19DF8F70000F0C001402914D112
:109AA0000999042911D19DF8F41068290DD19DF868
:109AB000F510492909D100F00701C0F3C2000429BB
:109AC00009913E9098BF042830D9F725FBF761FE35
:109AD00017D00168A9B14A6832B1D9499047FBF75C
:109AE00058FE0ED0016861B14A6832B1D54990473D
:109AF000FBF74FFE05D0016819B14A680AB1D24997
:109B000090470020C9F8240028067FF465AFDA49A1
:109B1000FBF79DFFDAF80030D84A3046FBF7A6FE87
:109B20005846FBF7AFFDD64ABC4B2FE69DF8F670C2
:109B30003DA909AA04F05AFB0028C6D009993DADF9
:109B40002846FDF7C9FC04903EAA294604F04EFBC6
:109B50000028BAD03E993DA8FDF7BEFC012F00F0C9
:109B6000B280002F40F0BE80DDE92950CDE90C50D5
:109B70004FF4005000210122CDE90900BA4800F558
:109B800000500B9009A80791FDF740FC05900020BC
:109B900001900598002800F0CC8009ADB34F00215A
:109BA00001222846B84702902846FDF74CFC04469F
:109BB00000F01F0100F020022846B84780466006EA
:109BC000069448BFC8F10008284600210122B84782
:109BD00007460798C019039073D2039807998142EA
:109BE0001BD2D7B1DDE90940051B07D109A8FDF754
:109BF0003DFC002865D0DDE90940051B0B980119E3
:109C0000BD4228BF3D462C9B29A82A4698470028DC
:109C100057D060197F1B0990E3E70598029F013830
:109C200005900198404401900790DFB30698DDF855
:109C300028807F280AD80998B8EB000809D109A81C
:109C4000FDF714FCDDE90901A1EB0008B8F1000FF4
:109C500037D0B84528BFB8462B9C29A80799824A17
:109C60004346A04768B306987F280FD809980B99F8
:109C70007D4A434601443BB111F8014B1578013B45
:109C80002C4402F8014BF6E7404409902C9B76499E
:109C900029A842469847A0B10798A7EB0807404477
:109CA0000790C2E7DDE901100144019103990844DE
:109CB0000790059800283FF46CAF029800287FF4C5
:109CC00068AFF82502E7042009903EA909AA0CF024
:109CD000C9FE38B10998042804D13E98B0B3B0F554
:109CE000805F01D9F925F1E65B49002501224FF497
:109CF0008044DFF86CC1D9F82470C1E91352574A87
:109D0000C1E90B4401F13404C1E9105013188A640D
:109D100001F15400142184E88810F8F721F9514822
:109D2000C9E90655C9F8205089F80450CDE92950F1
:109D30001CE70A980025002808BF6FF00705049863
:109D40000799814218BF6FF00705BFE648484949A7
:109D50009122F6F721FE00BF5363616E6E696E6754
:109D600020666F72202E68646966662066696C657D
:109D7000732E2E2E0D000000D001002078B60108B1
:109D800089B10108907B00203C600020ADA701084C
:109D9000466F756E64202E68646966662066696C1D
:109DA00065733A000D0A53656C656374202E686410
:109DB0006966662066696C652028312D2564292036
:109DC0006F722027612720746F2061626F72743A6E
:109DD00020000000A9AE0108001A002037BB0108CE
:109DE0005363616E6E696E6720666F72202E6269C2
:109DF0006E206669726D776172652066696C657345
:109E00002E2E2E0D000000006DAF0108C4A1010828
:109E100080190020E8BB0108001B0020801B0020E7
:109E20000BB301082DB901082FB9010866BB010861
:109E3000A9040008AABB010875BB0108C7AC01084A
:109E4000002D0020288E00208090002015E20008C0
:109E50009DE10008EDE10008FC030020D8F400209B
:109E6000656A0108E5660108D89200200D740008B3
:109E700045A90108C9B2010817A70108BBAE01082E
:109E8000CDBB01083FA101087DBA01080C8501087E
:109E9000D8BB010852A6010835A601082DE9F04FEC
:109EA00097B0A2A183460BF02DFD0DF14C090025C2
:109EB0004C46042D07D02046F9F7D6FD05F10105E3
:109EC00058B90434F5E700200FAE102816D059F821
:109ED000001009BA31500430F7E706469EA1FBF79F
:109EE00097FD009607ACA6A220212B46FBF7E9FCC4
:109EF0005846FBF790FD17B0BDE8F08FA5A1FBF722
:109F0000A6FDAA4CAA4D0027102F08D0F35D2046CD
:109F100003212A46F6F7C8FA02340137F4E7A349C9
:109F20000024584681F820400BF0ECFCA1A1FBF77F
:109F30008EFDA34FDFF88C824FF0200A00253819E0
:109F4000102D12D0735D04214246F6F7ADFAE11CE4
:109F5000681C0F2D06D010F0030203D1043407F85B
:109F600001A000E00C460546E9E70026944906708A
:109F7000FBF76DFD9449FBF76AFD944C07AD042E89
:109F80000CD059F826000136202122463346009095
:109F9000FBF7C5FC5846FBF753FCF0E78C49DFF8AC
:109FA00034825846C0478C495846C0478B4A10688F
:109FB0000490516805919368CDE900108848894A5A
:109FC000282100F121040693FBF77BFC8649FBF76F
:109FD0001FFD58462146CDF80CB0C047DFF80CB243
:109FE000734C4FF0000A0DF110090BF1540637467F
:109FF000BAF10C0F07D019F80A30FBF7A4FB0237AF
:10A000000AF1010AF4E7DDF80C90794900248BF895
:10A010006C4048460BF029FC48463146C0476C4925
:10A020004846C04773494846C04773494846C047F9
:10A0300072486A4A102C04D0111909582951043465
:10A04000F8E767485A4C002600F1490A5746102E97
:10A0500005D0AB5DFBF777FB02370136F7E76048C9
:10A0600000246749C34680F8694048460BF0FDFB71
:10A07000484651460BF046FC624FDFF848814FF0EE
:10A08000200A00263819102E12D0AB5D042142465A
:10A09000F6F70AFAE11C701C0F2E06D010F003022E
:10A0A00003D1043407F801A000E00C460646E9E7B6
:10A0B0000021017053494846D84745494846D8478A
:10A0C00051494846D8474548504D3E4F4FF0100B38
:10A0D0000FF23C194FF0000AA0F50076BAF1200FFC
:10A0E0003FF409AF0BEB0A13284640214A46F6F726
:10A0F000DBF96C1D4FF00008B8F1100F0AD016F80C
:10A100000830204604213A46F6F7CEF9033408F128
:10A110000108F1E70020294685F8350003980BF087
:10A12000F1FB10360AF1010AD8E700BF47656E65FA
:10A13000726174696E67203132382D6269742064EF
:10A140006576696365206B65792066726F6D205254
:10A150004E472E2E2E0000004572726F723A20522A
:10A160004E472067656E65726174696F6E20666127
:10A17000696C656420617420737465702000000050
:10A1800025642C206572726F7220636F64653A20BB
:10A1900025640000446576696365204B6579202855
:10A1A0003132382D626974293A000000801C002089
:10A1B0004FB20108466F726D61747465643A0000B5
:10A1C000401C002018A2010847AF0108BAB20108DC
:10A1D00074BE010805590108BBAF0108107AFF1FC2
:10A1E0001203002054B20108A8A001083C0200207C
:10A1F0009AA001089CAF010851AB0108F0FDFFFFD8
:10A200000FA20108001C002033AB0108C01C002075
:10A21000253033583A2000002DE9F04FA3B0834693
:10A22000002053498DF88B00FBF711FCDFF844A1A7
:10A23000DFF8448101220AF134094046494602F020
:10A24000A9FA58B14D490546FBF7E2FB0DF10B06A3
:10A25000FBF767FC5846FBF715FA74E04849FBF733
:10A26000F6FB0BF0D3FD9AF8010000286ED04549AB
:10A27000FBF7EDFB444C504D01270DF10B069AF80E
:10A280000120781E90420BD2304680212A463B4660
:10A29000FBF78CFA5846FBF7F5F980340137EEE707
:10A2A0003A49FBF77DFAFBF778FA0DF18B05584632
:10A2B00029460BF0D0F99DF88B00FBF7BAFA3AD09B
:10A2C000FBF7DEFAF3D830389AF80110C0B28842B2
:10A2D000EDD82D490DF10B062E4A01EBC01080215F
:10A2E000FBF78AFA5846FBF7CDF92B49FBF7AFFB92
:10A2F0002B4C2A4E29467F2204F18807C6F8148089
:10A300003846F6F755FC27483A46C4F808010020BD
:10A3100084F80701244800F120013046FDF7D4F904
:10A32000F8B122490546FBF773FB69420DF10B05B5
:10A33000FBF7F2FA19E0164958460BF0E3FA002051
:10A340004946FBF7D6FB23B0BDE8F08F1BA1FBF716
:10A350007EFB00204946002223B0BDE8F04F02F00A
:10A3600019BA1349FBF773FB124D58462946E4E727
:10A37000AFAC0108D0010020B404002015A10108F1
:10A38000409D010883AF0108582F00209DA10108BE
:10A39000A9AE010828BB01080EAD0108305C002001
:10A3A0000C00002000000208045F0020D0A001087B
:10A3B0003EA7010871AE0108D8BB01084E6F2062AC
:10A3C000696E206F72206165732066696C65732009
:10A3D000666F756E64206F6E2053442063617264F3
:10A3E000210000002DE9F04F8DB000240FF2205124
:10A3F0000190CDF81740CDE904440BF083FADFF863
:10A400004C05DFF84C15DFF84CA5DFF8B8950026B1
:10A4100000698AF81844AAF81A44CAF80844CAF825
:10A420000C44CAF8144418240861002002903043F8
:10A4300040F03382002000268AF81904CAF810047C
:10A44000304340F02782FBF762FB00F08881C5684B
:10A45000002D00F0848109F1140B0DF1330101226C
:10A4600041F288335846A84710B14FF0000877E012
:10A470009DF83310012911D061290AD0042943D055
:10A48000182945D0412904D0022953D14FF48068BE
:10A4900006E04FF000084FF6FE705FE04FF08008D6
:10A4A000D9F814008AF80010002800F05881C56817
:10A4B000002D00F0548148F004070AF102015846CB
:10A4C00041F288333A46A8470028CED19AF80310C3
:10A4D0009AF8020081F0FF01884240F0408148F084
:10A4E00005000AF104061AF807701AF8000006EBD6
:10A4F000080503900020AE4280B280F0248116F857
:10A50000011BFCF73AFFF6E74FF00008002025E0BA
:10A51000FBF7FDFA14D0C56895B158460DF133012B
:10A52000012241F28833A847B0FA80F09DF8331039
:10A53000400907E04FF6FE704FF0000801300DE0D3
:10A5400000201821A1F11802B2FA82F2520910EA91
:10A550000208A8F1010018BF4FF002088AF80010A5
:10A5600080B24FF6FE71884217D0002840F0F78085
:10A570000020B8F1000FCAF80C0424D0B8F1020F83
:10A5800032D1FBF7C4FA1CD08568D5B106200DF195
:10A5900021018DF82100584611E0FBF733F910D066
:10A5A00085683DB158460DF12201FBF731F9FBF703
:10A5B000AEFA06D0856825B158460DF12201FBF7A9
:10A5C00027F90226F0E0FBF7A2FA09D085683DB131
:10A5D0000620012264238DF82000584608A9A847C8
:10A5E00001208AF81904DEE0DAF810049AF8021063
:10A5F000C2B291422CD1D0B39AF81B04002848D0A3
:10A60000DFF84803406A68B145685DB1DFF83C0394
:10A61000DAF808140AF1040243462030A84700285B
:10A6200000F0FC80FBF7EEF810D085683DB158468D
:10A630000DF12201FBF7ECF8FBF769FA06D085680B
:10A6400025B158460DF12201FBF7E2F8042671E02E
:10A65000FBF75DFA00F0A7808568002D00F0A3806D
:10A6600015200DF11F018DF81F00584699E09AF84A
:10A670000410002900F09B800020F1B13F281CD875
:10A680003E289CBFC84A11540AEB000149790130A9
:10A69000F3E7DAF808044044CAF80804FBF737FA8D
:10A6A00009D085683DB106200DF11B018DF81B0016
:10A6B0005846FBF7ADF800263CE03F2802D8BA4ADE
:10A6C000002111545044411D00200A5C202A06D06C
:10A6D0000F2804D80DF123031A540130F5E70027A1
:10A6E0000DF123010F54084610F8011B49B107EB87
:10A6F000870201EB420230390A2938BFA2F1300744
:10A70000F2E793480069874264D9FBF77BF810D0E1
:10A7100085683DB158460DF12201FBF779F8FBF74A
:10A72000F6F906D0856825B158460DF12201FBF7F0
:10A730006FF8052601208AF81A04DAF810040130AF
:10A74000CAF8100430E0039941EA07250021FCF71C
:10A7500014FE0021FCF711FE85423FF409AF9AF880
:10A760001A14DAF80C0411B10130CAF80C040628E6
:10A770000BD3FBF747F816D0856865B109F11400D3
:10A780000DF12201FBF744F802E043208DF822008E
:10A79000FBF7BDF907D085682DB109F114000DF163
:10A7A0002201FBF735F800269AF8190448E6FBF772
:10A7B000AEF90AD0856845B106200DF11D010122D0
:10A7C00064238DF81D005846A84740F20110AAF8EE
:10A7D0001804E8E75D48CAF81474406A38B10368A1
:10A7E0002BB15A4800213A462030984748B3FBF72E
:10A7F00009F810D085683DB158460DF12201FBF7EC
:10A8000007F8FBF784F906D0856825B158460DF1A5
:10A810002201FAF7FDFF04260297C5E7DAF80804DB
:10A820004044CAF80804FBF772F93FF444AF856866
:10A83000002D3FF440AF06208DF81C00584607A9B4
:10A8400037E701208AF81B04FBF761F911D085680E
:10A850009DB106200DF11E01012264238DF81E001A
:10A860005846A84743208DF82200FBF750F907D13E
:10A870000DE043208DF8220009E043218DF82210DD
:10A88000856825B158460DF12201FAF7C1FF00266F
:10A8900002974FE79AF81804C9E59AF81B04019D3E
:10A8A00050B12A48406A20B1816811B12748203050
:10A8B000884700208AF81B04052E1FD826A1DFE850
:10A8C00006F0031D1F1D21226420F8F719FB3349F0
:10A8D000FAF7ACFF3249FAF7A9FF3249324A284663
:10A8E0000AF0ECFF04AC029920460AF0C7FE2FA143
:10A8F000284622460AF0E2FF304904E0304902E0EF
:10A90000244900E02449FAF791FF0DB0BDE8F08F2B
:10A9100057616974696E6720666F7220746865207C
:10A9200066696C6520746F2062652073656E7420A3
:10A930002E2E2E20287072657373202761272074B5
:10A940006F2061626F72742900000000045F0020B4
:10A95000D0010020747700200A0A54686520696DD0
:10A960006167652073697A65206973206869676823
:10A970006572207468616E2074686520616C6C6F0C
:10A98000776564207370616365206D656D6F7279A2
:10A990002100000096AE01088EA3010889A60108D7
:10A9A0006FAB0108F29A01084007002053697A65ED
:10A9B0003A2025732042797465730A007CAB010844
:10A9C00076A501083C0200202DE9F04FADF5117D80
:10A9D000044609F05FFB38B12D4920460DF5117D85
:10A9E000BDE8F04F0AF08EBF02A809F0ADFB18B128
:10A9F0002849FAF74AFE47E0274D28A1FAF716FF43
:10AA00002D4C2846FBF707F82C4A02A884A906F02B
:10AA10007DFF08B12A4C31E042ADDFF87CA002AEE8
:10AA20004FF0000B84AF0DF1880805F1080930469E
:10AA300039462A4607F0B8F9012814DB9DF80801C9
:10AA40000128F4D143980BF1010B80211DA25FFA7C
:10AA50008BF3CDE900904046F5F726FD5046414680
:10AA60000AF050FFE3E702A884A909F093F85FEA2F
:10AA70000B6003D108481AA10AF044FF0648FAF710
:10AA8000CAFF02A805F032FF0DF5117DBDE8F08F79
:10AA900045A40108E2A501083C60002053746F72D0
:10AAA000656420696D6167657320696E2053504944
:10AAB00020466C6173683A0037B00108F7AE0108B0
:10AAC000ADA7010820205B25645D2025732020535D
:10AAD000697A653A202575206279746573000000F3
:10AAE00020204E6F20696D616765732073746F72EB
:10AAF00065642E002DE9F047C2B00446002051499C
:10AB00008DF80701FAF7C1FD09F0C4FA30B14E49DA
:10AB1000204642B0BDE8F0470AF0F4BE4B49FAF7D0
:10AB2000B4FD01A809F010FB60B1054648A1FAF791
:10AB3000C5FF69420DF18705FAF7EEFE2046FAF7E8
:10AB40007FFE75E04D49FAF7A0FD0DF1040840467F
:10AB50000BF002F9DFF8289199F80100002860D085
:10AB60004849494DDFF850A101260DF18707FAF752
:10AB70008CFD99F80120701E904209D23846802140
:10AB800052463346FAF70FFE803501363946EEE776
:10AB90003E49FAF7A8FFFAF761FE0DF20715FAF73A
:10ABA0008CFE9DF80701FAF744FE38D0FAF768FEEC
:10ABB000F5D8FAF733FFF2D833490DF18706354A55
:10ABC00001EBC0108021FAF717FE2046FAF75AFD74
:10ABD0003149FAF75AFD324EDFF8C09029467F22FC
:10ABE00006F10807C9F814803846F5F7E1FF2D484B
:10ABF0003A46C6F80801002086F887002A4800F186
:10AC000020014846FCF760FDA8B128490546FAF73F
:10AC100055FF69420DF18705FAF77EFE0FE01C49EA
:10AC200000E026A120460AF06DFE01A805F05EFEB8
:10AC300042B0BDE8F0871E49FAF727FD1D4D2046BA
:10AC40002946F0E737AD010803A401082CAC010840
:10AC50004572726F723A204C6974746C6546532069
:10AC60006D6F756E74206661696C65642120457234
:10AC7000726F7220636F64653A200000409D010886
:10AC8000D001002083AF0108582F00209DA10108AA
:10AC9000A9AE010828BB01080EAD0108445F0020E1
:10ACA0000C00002000000208045F0020D0A0010872
:10ACB0003EA7010871AE0108D8BB01084E6F2062A3
:10ACC000696E206F72206165732066696C65732000
:10ACD000666F756E64206F6E2053504920466C611C
:10ACE000736821002DE9F04FADF54B7D00209F49A1
:10ACF0008DF82B039C480AF005FE09F0CBF938B11A
:10AD000099489B490DF54B7DBDE8F04F0AF0FABD1F
:10AD100056A809F019FA20B1934896490AF0F2FDB5
:10AD2000D3E0914C9449FAF7C9FEFAF797FDDFF8A2
:10AD30004CA24FF000080DF22B350DF2EB270DF26F
:10AD4000EB1900200646204629460AF084FC9DF8AF
:10AD50002B03082811D00A2819D07F280DD00D28E0
:10AD600015D0F1B23E29EED8A0F120025E2AEAD831
:10AD70007854FAF704FE701CE4E730064FF0000048
:10AD8000E0D0204651460AF070FD701EDAE7F0B2BE
:10AD900000210028395447D00DF2EB20FCF7C8FD04
:10ADA000002844D0704C76A1FAF788FEFAF756FDD9
:10ADB0004FF000080DF22B350DF2DB170DF2EB19F9
:10ADC00000210E46204629460AF045FC9DF82B033B
:10ADD0000D2813D00A2811D00E2EF3D8A0F130017F
:10ADE0000A2906D3002EEDD140F0200200216D2A61
:10ADF000E7D1B855FAF7C3FD711CE2E70020B8555A
:10AE0000C6B19DF8DB0140F020016D2915D16748DE
:10AE1000D0F81090B9F1000F03D064480069814563
:10AE20001BD951487C494BE04F48824948E04E4885
:10AE30007F4945E04C4879A142E04FF000090021EC
:10AE40000028E7D0303809EB89020A2838BF00EB28
:10AE500042090131C8B2385CF2E70DF2EB1454A29A
:10AE60000DF2EB234FF48071CDF80090FAF729FD35
:10AE70003D4D2146FAF7DAFC55A128460AF0F5FCCB
:10AE800028460AF0C4FB0DF22B3128460AF0E3FBFA
:10AE90009DF82B0300F0DF0059280FD132485249AA
:10AEA0000AF030FD56A841A90DF2EB2240F2025300
:10AEB00007F0BAFE68B12C484CA101E02A48494984
:10AEC0000AF020FD56A805F011FD0DF54B7DBDE8FB
:10AED000F08F4E48002401AD0DF5AC780DF5827B66
:10AEE0000DF2EB168246A14528D9A9EB04074FF4D1
:10AEF000807004EB0A01B7F5807F28BF074628461B
:10AF00003A46F7F79CFB404659462A463B4608F02E
:10AF100095F9B8421CD13C44200518BF4C45E2D1FC
:10AF20003C4A30464FF480712346CDF80090F5F747
:10AF3000BBFA0D4831460AF098FCD4E756AC41A95B
:10AF4000204607F0E3FBFAF7D1FD07482E49E5E676
:10AF500005482F490AF0D6FC56AC41A9204607F017
:10AF6000D5FB2046AFE700BF3C60002037AD0108AD
:10AF700003A4010883A4010857A001080C96010846
:10AF80000D0A456E7465722073697A6520696E20BA
:10AF9000627974657320286F7220276D2720666F91
:10AFA00072206D6178293A2000000000045F0020C3
:10AFB0000D46696C656E616D653A2025732C2053D2
:10AFC000697A653A202575206279746573000000FE
:10AFD000436F6E6669726D3F2028792F6E293A2083
:10AFE00000000000A9AE01086FAD01084572726F44
:10AFF000723A2043616E6E6F74206372656174658E
:10B000002066696C65210000AFA6010800000208F7
:10B0100060A301089F9F0108CCA501080D4572722D
:10B020006F723A20456D7074792073697A652100DA
:10B030007FB6010893A501082DE9F04FE3B0002089
:10B040006B498DF88B0169480AF05CFC694EDFF8AA
:10B05000A891012206F1340A4846514601F09AFBB4
:10B0600088B1624D6549044628460AF0FEFB0DF1A1
:10B070008B06214630460AF001FB2846FAF702FB10
:10B0800063B0BDE8F08F59485D490AF03BFC09F018
:10B0900001F858B155485B490AF034FC002051468C
:10B0A000002263B0BDE8F04F01F074BB4F48564931
:10B0B0000AF028FC02A809F047F820B14B48534990
:10B0C0000AF020FC8CE0494851A10AF01BFC0AF070
:10B0D0009DFE7078002878D0DFF87C81DFF80CB115
:10B0E000724C59A101270DF18B05FAF7B0FC72786B
:10B0F000781E90420CD2FAF7D9FC22463B46CDF896
:10B100000080F5F7D1F908F1800801372946ECE70E
:10B11000364C52A1FAF7E7FCFAF7A0FB0DF28B15BB
:10B12000FAF7CBFB9DF88B01FAF783FB4AD0FAF7CD
:10B13000A7FBF5D830387178C0B28842F0D84649BC
:10B140000DF18B04524A01EBC0104FF48071A0F155
:10B15000800720463B46F5F7A7F9244D2146FAF72C
:10B1600065FB4C49FAF762FBDFF82C814C4C02A8D6
:10B17000DFF828B139467F22C8F8140004F18800AE
:10B18000CBF81490F5F714FD04F1080600253946B4
:10B190007F22304684F80751F5F70AFD58464146AC
:10B1A000324684F88750FCF78FFA88B104460F487E
:10B1B0003D490AF05AFB61420DF18B0420460AF02A
:10B1C0005DFA06E00948314905E00848384902E0DF
:10B1D000344C064821460AF095FB02A805F086FB90
:10B1E00000205146FAF785FC4AE700BF3C6000208A
:10B1F000AFAC0108D0010020B404002015A1010863
:10B2000037AD010803A401082CAC010883A4010890
:10B210005363616E6E696E67205446206361726489
:10B2200020666F722062696E2C206165732C206825
:10B230006469666620616E64207369672066696C64
:10B2400065732E2E2E0D0000466F756E64206669A4
:10B250006C65733A00000000582F00200D0A5365FA
:10B260006C6563742066696C6520746F2073746FFD
:10B2700072652028312D256429206F7220276127CF
:10B2800020746F2061626F72743A2000A9AE0108C9
:10B2900037BB010851AD0108445F0020305C00203D
:10B2A0000C000020B0A60108B5A00108D8BB010819
:10B2B000F7A401082DE9F04F8DB06BA180460AF08C
:10B2C00021FB6F4C0020011D142911D000590130C1
:10B2D0000846F8D06BA1FAF719FB72A1FAF716FB32
:10B2E000002009AF102814D0015939500430F9E773
:10B2F0007AA1FAF70BFB00200DF12409051D142D8E
:10B300001DD04844F8F7B0FB00282846F6D07C4909
:10B3100062E06C4D6C4E0024102C06D03B5D28463C
:10B32000FAF7C8FB02350134F6E7664D002067A145
:10B3300085F82000FAF7B7FB404629468FE0002049
:10B3400005AD102805D059F8001009BA295004306D
:10B35000F7E75C485C4E4FF0000A00F1280B5F46AF
:10B36000BAF1100F08D015F80A303846FAF7A2FBE8
:10B3700002370AF1010AF3E75249002081F8480038
:10B380006049FAF790FB404659460AF0BBFA5E491D
:10B39000FAF7BCFA5D4E3068B0F1FF3F06DC5C485E
:10B3A00046F80C0C5B4846F80C0C3068002125462A
:10B3B000042917D059F82120284600230F46F7F713
:10B3C00053FE0435791C0028F2D03068032F40F07A
:10B3D000004030600AD8504940460DB0BDE8F04FFB
:10B3E0000AF090BA306840F0004030604B494C4D54
:10B3F0004046A8474B494046A8474B494046A847C6
:10B40000002001AD102803D0015929500430F9E77C
:10B410002C482D4E002400F1500A5746102C06D01F
:10B420002B5D3846FAF746FB02370134F6E725482C
:10B4300000243EA180F87040FAF735FB40465146A3
:10B440000AF060FA3B493C48042C07D059F8242004
:10B4500055F8243001349342F6D0014640460AF0B4
:10B4600051FA0DB0BDE8F08F436865636B696E6794
:10B47000204F5450207374617475732E2E2E00006B
:10B480000078FF1F4572726F723A204F545020614E
:10B490006C72656164792070726F6772616D6D6541
:10B4A000642100004F54502063616E206F6E6C79F0
:10B4B000206265207772697474656E206F6E6365B3
:10B4C0002E000000830300204FB201084375727202
:10B4D000656E74204F54503A2000000047656E6539
:10B4E000726174696E67203132382D62697420642C
:10B4F0006576696365206B65792E2E2E000000004D
:10B50000C7A3010802A201081AAC0108103C0240BE
:10B5100023016745AB89EFCD75A3010801A601089A
:10B520000559010874BE01082AAD01084F54503A6C
:10B530002000000001B101088FA201082DE9F041AF
:10B5400004688846074681B12046414603F0D0FE94
:10B5500002283CBF0120BDE8F081411C21D0A16937
:10B560004546884207D2BDE8F081256915B1A0693A
:10B57000854200D301252E46A0690136864228BFA8
:10B58000022601D3022D0AD33868314603F0B0FEFB
:10B59000411CE8D048B10128E5D0AE42ECD1FAF721
:10B5A00053BA4FF0FF30BDE8F081204631464FF0EE
:10B5B000FF320AF097FA0146B8F1000F06D029B918
:10B5C0002046414632460AF08DFA014631B101204B
:10B5D000012908BF4FF0FF30BDE8F081D4E9050133
:10B5E0002661023988429CBF01386061207940F0B1
:10B5F000010020713046BDE8F0810000411E0429A1
:10B6000084BF02207047B0B50A4A012402EB011042
:10B61000B0F90C309DB2B5F5807518BFD3FA54F56A
:10B62000858128044FF00000BDE8B04004BF090147
:10B6300050507047640400202DE9F04F85B0D0F8D9
:10B6400000A00021044600F0F3FA10B105B0BDE8F7
:10B65000F08F4FF0FF3704F124054FF0FF0B4FF050
:10B660000D084FF0FF092763E16950460AF0EEF933
:10B67000002840F09080266A3078002800F08D8005
:10B68000F27AE52802F03F01A17103D012070BD531
:10B690000F2909D027634FF0FF0B2046002100F04F
:10B6A00081F80028E0D0D1E70F290AD194F82F10B3
:10B6B0004906F2D441061BD45FFA8BF18842EAD1E5
:10B6C0001CE05FEA0B6004D130460BF04FF9814576
:10B6D00065D094F82F00C007DCD10020295C325CD3
:10B6E0000A2802D001308A42F8D08A42D2D156E0EC
:10B6F000616996F80D9000F0BF0B2163707B814566
:10B70000C9D1708B0028C6D1DAF80C00CDF80890AA
:10B710004FF0000903903078019000F03F0000FBEB
:10B7200008F0A0F10D080120B9F10D0F1FD0A749B5
:10B7300011F80910775A90B1B8F1FE0F1FD83846AA
:10B7400002F08AF80490039830F8180002F084F8A8
:10B750000499814213D108F10108384604E04FF6FC
:10B76000FF7087420BD1002009F10109DCE7019944
:10B77000490607D530B1039830F8180010B14FF0E2
:10B78000FF0B01E0ABF1010BDDF808904FF0FF3744
:10B790004FF00D0881E7012058E7042056E700200C
:10B7A00054E700BF2DE9F0470446C06938B10F46A1
:10B7B000616901F120060021B1EB565F01D0042739
:10B7C0000BE03546D4F800906FF35F2545B109EBE7
:10B7D00005006661002734302062F8B2BDE8F087CA
:10B7E000A1690130E06179B13148B9F80A2010440B
:10B7F00000F5C00010EA562FE9D1484603F078FD65
:10B80000022809D20227E8E7B9F80800B0EB561F72
:10B81000DDD80020E061D2E78046013020D0D9F8A1
:10B820001800804507D248464146C4F81880FCF706
:10B8300068F9E061CBE7002FEBD0A1692046FFF764
:10B840007DFE80460130032806D21A4901EAC00075
:10B85000194921FA00F7C0E748460BF0DDF808B1B6
:10B860000127BAE709F134004FF40071F6F792F8B6
:10B8700048464146FCF745F94FF0000A0127B9F860
:10B880000A10C9F830008A450CD2484689F803707E
:10B890000BF0C2F80028A0D1D9F830000AF1010A53
:10B8A0000130ECE7A0EB0A00C9F83000BBE700BFAD
:10B8B000FFFF1F00F8FFFF00010702002DE9F84F0E
:10B8C0000568DFF868B30446FF274FF004084FF619
:10B8D000FF7A00224FF0FF09E169002959D0F9F7FA
:10B8E000D4FF00285AD1206A0178002959D0C37AA0
:10B8F0002E2903F03F02A27118D0E52916D003F0DB
:10B900001F03082B12D00F2A55D14A0603D4FAB2CE
:10B91000914206D00AE0626990F80D9001F0BF07ED
:10B920002263417B894501D1418B51B1FF272046DC
:10B9300000214FF00008FFF735FF01220028CBD08F
:10B9400032E001780D22D5F80CC0002301F0BF01D0
:10B950005143A1F10D0201210D2B0FD01BF8036003
:10B96000865B31B1FE2AE1D82CF8126001323146F3
:10B9700002E05645DAD100210133EDE700784006B8
:10B980004FF0000003D5FE2AD0D82CF81200013F5A
:10B99000CDE7D00709D04FF0000808E04FF00108CC
:10B9A00003E04FF0040800E080460020E0615FFA09
:10B9B00088F0BDE8F88F390603D10AF0D7FF81453A
:10B9C000E9D04FF0FF302063E5E700BFE6850108CE
:10B9D0002DE9F04F87B0044690F82F0010F0A00F2B
:10B9E00003D006273846F9F775BFD4F800B004F144
:10B9F00024090021DBF80C0030F811200E4601313B
:10BA0000002AF9D102A849460C2209F0F9FD9DF857
:10BA10001320D00761D0844D40204FF0010A0DF172
:10BA20001408019284F82F00BAF1640F00F08580A9
:10BA3000DBF80C70484602A90B2209F0E1FDBAF1CF
:10BA4000060F514610D3388870B1102252B100F061
:10BA5000010343EA4103090448BF6B40013A40082F
:10BA60001946F3E70237EEE7072006231A4601F0EE
:10BA70000F0303F13007392F88BF03F1370708F8A8
:10BA800000700138531E0909F0D17E2108F800101A
:10BA900000213AB1631893F82430202B03D0013AE7
:10BAA0000131F6E7014607289ABF18F80020013057
:10BAB000202263180131082983F82420F3D320467B
:10BAC000FFF7BAFD10B90AF1010AADE707460428ED
:10BAD0007FF488AF019A84F82F2006F10C000D2125
:10BAE000B0FBF1F0451C900758BF0125D4F8008049
:10BAF0002046002100F09CF8074600287FF472AF32
:10BB00000026E169404609F0A1FF002840F0878047
:10BB1000206A0078E52800D018B90136AE4201D17C
:10BB20000DE0002620460121FFF73CFE0028E8D06A
:10BB30000746042808BF072754E7072752E7B5F14F
:10BB4000010851D06069A0EB4811204600F070F860
:10BB5000074600287FF446AF48460AF007FFDFF8A3
:10BB6000CCA04FF6FF760190E169584609F06EFFD0
:10BB7000002854D1206A0F23DBF80C100D25002279
:10BB80000027A0F80B30019B428343735FFA88F3D0
:10BB90006B430D3BBFB2B7421ABF31F8137001338C
:10BBA0004FF6FF771AF80250475317B10C2A04D109
:10BBB00005E00C2A4FF6FF7708D00132EAE7B742DA
:10BBC00004D031F813100029414601D148F040015A
:10BBD0000170012000218BF803002046FFF7E2FDF1
:10BBE000F8B9B8F10108BFD1E169584609F02EFF54
:10BBF000012700287FF4F6AE206A2021F5F7CAFE5F
:10BC0000206A49460B2209F0FBFC94F82F10206AA9
:10BC100001F0180101738BF803700027E2E6012799
:10BC2000E0E60746DEE600BF21100100E6850108D8
:10BC30002DE9F04104462348014202D00220BDE82C
:10BC4000F081A768D4F800800D4661619FB1B8F813
:10BC50000A004602B5421FD32068394603F048FB6C
:10BC6000074601302BD0022FE8D3D8F818008742BE
:10BC7000E4D2AD1BEEE798F80000032803D3D8F810
:10BC80002870002FE3D1B8F80800B0EB551FD5D9C4
:10BC9000D8F82800002703E040463946FBF731FF7B
:10BCA0000028C4E90670C9D000EB55206FF35F256A
:10BCB00008EB05013431C4E90701F9F7C5BE0120DD
:10BCC000BDE8F0811F00E0FFB0B50F4CF9F7CAFEE8
:10BCD000D0F808C02046BDE8B04060470A4901F1ED
:10BCE0003C02111802EB80004068097A426808465D
:10BCF000104700BFB0B5044CF9F7B4FED0F80CC043
:10BD00002046BDE8B0406047D00100202DE9F04F4B
:10BD1000C1B00C4601F1200A0DF1A408DFF84092F1
:10BD200016460090404651462246C84706F1200577
:10BD300021AF324638462946C847DFF894B639A8BD
:10BD400041463A46D847DFF8A09040465146224641
:10BD5000C847384629463246C84731AD41463A467B
:10BD60002846D84704F1400106F140023846D8473A
:10BD70001E4A40463946D84704F1600106F1600288
:10BD80003846D847384639463A46C8470DF1640A1E
:10BD900039AE734C294650463246A04711A8394661
:10BDA0004246A04709AC394642462046C84701AD45
:10BDB00031A932462846C847009E11AF51463A463F
:10BDC0003046D84706F1200021462A46D84706F1DA
:10BDD000400051462A46D84706F1600039462246BF
:10BDE000D84741B0BDE8F08FF5C200085C89010872
:10BDF0002DE9F04FADF5037DCDE9061200902BAC97
:10BE0000554980222046F5F793FD0BA800F140012B
:10BE1000059104F14001049100F16001203002908D
:10BE200004F12000039104F160010190FF200991C9
:10BE3000DDF80480002800F185800A9007990DF153
:10BE4000AC0A464C0A985246C008085C5146089015
:10BE50007BA8A04773AF414642463846A0470999A0
:10BE60000DF5D67948460A46A047484649464A460F
:10BE7000254600F03FFA5BAE51464246304600F0A0
:10BE800039FA63AC314632462046A8477BADDFF82D
:10BE9000D0B0204621462A46D847204621463A4679
:10BEA000D8470DF5A67A39462A465046D8475BADA5
:10BEB00051464A462846D8474BAE3946304600F0F0
:10BEC000D2FA304631467BAAD8470DF1AC092A4652
:10BED000AB46224D21464846A84740465146324689
:10BEE000A847049F214632463846A847099E59462E
:10BEF00052463046A8470BAC069A49464D46204666
:10BF0000FFF704FF0A9808992246164C00F0070034
:10BF100021FA00F0294600F0010928464B46A047C7
:10BF2000029A404641464B46A047039A3046314666
:10BF30004B46A047059A384639464B46A0470A98D3
:10BF4000013877E72BA900988022F6F778FB0DF5EA
:10BF5000037DBDE8F08F00BF308A0108F5C30008FB
:10BF600001C50008EFC4000880B179B172B180B595
:10BF70000346084611461A460F2300F00AF8014608
:10BF80000020002908BF6FF0060080BD4FF0FF3091
:10BF900070472DE9F041DAB0009314460E4605468D
:10BFA00002AF384629463246234603F0D9FA0DF14E
:10BFB000480805F1200140460AF092FA3AAC3146B1
:10BFC00020460AF027FF0646204621463A46FFF75C
:10BFD0000FFF1AAF294638460AF01CFF05462046D7
:10BFE00021463A46FFF792FE0AAF2146384609F04D
:10BFF0004BFD4046394606EA050400F09BF9204017
:10C000005AB0BDE8F0810000F8B5434DA64E044695
:10C0100000210F46092907D8204629463246F9F75C
:10C0200072FD791C0028F4D10020092F88BF01205F
:10C03000F8BD00BFB0B5A2B0009202AD0B460446F9
:10C0400006A28021F9F76BFC0BA22046294641F29B
:10C05000883300F0CBF822B0B0BD00BF41542B4371
:10C06000495053544152543D22544350222C2225CE
:10C0700073222C2575000000434F4E4E454354005B
:10C08000894A02A14FF47A7300F0B0B841542B43AF
:10C090004950434C4F53450010B50D4A08A14FF489
:10C0A000FA73044600F0A2F808B1012010BD09A1FE
:10C0B0000BA220464FF4FA73BDE8104000F096B88A
:10C0C00041542B4349504D4F44453D310000000041
:10C0D000C5B1010841542B43495053454E4400001B
:10C0E0003E00000010B50446F9F709FD09A12046FD
:10C0F0000BF094F8F9F703FD41F2100000216A4AB1
:10C100004FF4FA7321520449204600F06FF80020E2
:10C1100010BD00BF2B2B2B004CB2010870B5194A83
:10C120000C4615A14FF4FA73054600F05FF810B104
:10C130000125284670BD41F210000022295A05F160
:10C1400010006FF3DF3142540FA1F4F7A5FC002873
:10C15000EED02221F4F766FC0028E9D0461C22210B
:10C160003046F4F75FFC0028E2D000253146057028
:10C170002046F4F7CFFCDCE741542B4349465352A9
:10C1800000000000C5B1010853544149502C000083
:10C1900080B56420F6F7B4FE4FF4FA70F6F7B0FEFF
:10C1A000002080BDB0B5A2B0009202AD0B4604469F
:10C1B00006A28021F9F7B3FB09A22046294642F2E4
:10C1C000107300F013F822B0B0BD00BF41542B43F0
:10C1D000574A41503D222573222C2225732200000C
:10C1E0005749464920474F54204950002DE9F04116
:10C1F00090460A4615A141F2100600241D46074646
:10C2000084530BF00BF8B8F1000F1CD00024D5B10B
:10C210003E441037A5B1B6F90000B0F1FF3F0ADC8B
:10C2200080B200216FF3DF30395438464146F4F7CD
:10C2300033FC38B934800120F6F762FE013DE9E7AE
:10C24000022400E000242046BDE8F08125730D0A99
:10C2500000000000FFF7CABFB0B588B06D460B46BE
:10C26000044605A22021F9F75AFB0F4A2046294629
:10C27000F9F749FC08B0B0BD41542B43574D4F442A
:10C28000453D25640000000010B5074A04A1F9F7F8
:10C290003AFC044608B9F9F732FC204610BD00BF4D
:10C2A00041542B5253540000C5B10108002070477F
:10C2B0000020704770B590B00D466E460C4904469C
:10C2C00040223046F6F7BBF93046294620220AF0D4
:10C2D000AFF8304621460AF0DCF82078E17F00F024
:10C2E000F8002070012060F39F11E17710B070BD5D
:10C2F000D094010870B500240023202BA4B207D0ED
:10C30000CE5CD55C06EB14242C44C4540133F4E712
:10C31000C17F132201F07F01C177E1094A43002167
:10C32000202908BF70BD435C1A44425492B20131C7
:10C33000120AF5E7B0B500220023202B05D0C45C1B
:10C34000CD5C01336C402243F7E7D0B242EA1010D3
:10C35000C1B240EA9100012140EA500021EA000008
:10C36000B0BD0000F0B589B001AE05460A460C46E6
:10C37000304600F03FF8F9F7A9F9F827304629468A
:10C380002A4600F037F81FB1F9F7A0F9013FF5E7A9
:10C3900001AE0F4F284631463246B847304629464F
:10C3A0002246B847284631463246B84730462946E5
:10C3B0002A46B847284631462246B84730462946DD
:10C3C0002A46B847284631462246B84709B0F0BD4C
:10C3D000F5C3000800210122042903D04254013191
:10C3E0000022F9E704210022202908BF70474254A7
:10C3F0000131F9E72DE9F0414FF000084FF0260C2C
:10C400004FF0000EBEF1200F1DD04FEA1828002675
:10C410001746764506D88C5D17F80159013615FB8D
:10C420000488F6E720241F2E07D83D5D8B5D013C74
:10C4300001366B4303FB0C88F5E700F80E800132F0
:10C440000EF1010EDEE7C17F132201F07F01C177FB
:10C450004FEAD8114A430021202908BFBDE8F081E6
:10C46000F9F732FAF8E710B50022DA231F2A07D0CD
:10C470008C5C1B1B835403F57F4301321B0AF5E7D9
:10C48000C97F591AF9F701FB202908BF10BDF9F738
:10C490001BFAF9E790F91F1001F07F02C27713220F
:10C4A00002EAE1720021202906D0435C1A4442547A
:10C4B00092B20131120AF6E710B588B000211322BA
:10C4C0006B461F2906D0445C22445A5492B2013173
:10C4D000120AF6E7C17F1144024680398DF81F1019
:10C4E00089B2CB0B694600F002F808B010BD70B5F8
:10C4F0005B420024202C08BF70BDF9F7BEFAF9E7B3
:10C5000070B50023DA241F2B09D0CE5CD55C3444EF
:10C51000641B04F57F44C454240A0133F3E7D27F3B
:10C52000C97F891A2144F9F7B0FA202908BF70BDE4
:10C53000F9F7CAF9F9E71CB5044600F0CCFB00B1E5
:10C540001CBD01A920460AF02BFD0028F8D1206966
:10C55000FFF754F80028F3D1002020601CBD1CB563
:10C5600001A9F9F7F5F800B11CBD206918B1FFF772
:10C5700045F80028F8D1002020601CBD2DE9F84FB7
:10C580000D466946F9F7E4F80646002840F0F780C2
:10C59000667D002E40F0F380E16AA9B3681C41D0AB
:10C5A000E068A84238BF0546A561002D00F0BF80B5
:10C5B00020686E1E32464089FBF792FA009F0146C2
:10C5C000E0613846FBF79DFA002800F0D680E905C7
:10C5D00000F0AD807989226A013901EA56210D18EF
:10C5E000954200F0A480F9F7A3F940F3AF80787882
:10C5F00004F130012A4601230126FFF765FB0028DC
:10C6000040F0BC80256292E0E768AF4235D2207DE1
:10C61000800733D5A04600212F4658F8180FC8F8D8
:10C62000001033E08B46A06802265BF8048BE0B173
:10C63000DDF800908246023600270546206829462C
:10C6400002F056FE012840F29880411C7CD0691C03
:10C65000013705468842F1D0464598BFEBE8027A9B
:10C66000D9F818108842E5D3E16A0E6046458EBFBE
:10C6700011260026CBF8006081E02F46A046002658
:10C6800058F8180F002FC8F8006078D0009D69890D
:10C690004E0238B17A1E0138B0FBF6F1B2FBF6F269
:10C6A0008A4204D2A168002943D0E16104E07142CA
:10C6B0000840E169A0613F1AE1B1D8F80000B74233
:10C6C0004FD93044A061207D800704D4206802F057
:10C6D0000FFE014604E02046FEF730FF0146E0B3BE
:10C6E000481C31D0022948D3A869814245D2BF1BDA
:10C6F000E161E2E7D8F800600027E068864204D9EB
:10C70000207DE66040F040002075F0050FD0226AE1
:10C7100097420CD0F9F70CF934DD687804F1300158
:10C720003A4601230126FFF7CFFA38BB27620026DD
:10C7300025E020460021FEF701FF0146013003D02D
:10C7400001291AD0A160B0E7012617E07878F9F73F
:10C75000A2F898B9F9F785F849E7D8F80000002160
:10C760000027C619F805C8F80060C5D02846FBF7B1
:10C77000C8F910B100EB5727BFE7022666753046AF
:10C78000BDE8F88F6878F9F786F80028F6D1F9F750
:10C7900068F8C2E7FEB5054668461446CDE90011C3
:10C7A00002F0A1FE002817D40C4901EB8007BE6BF4
:10C7B00026B13046FBF784F9002030700DB100201F
:10C7C00028700020BD6335B1012C04D101A802A955
:10C7D000002201F083F8FEBD0B20FEBDD001002039
:10C7E0002DE9F04F8FB00E9168B102F03F07164669
:10C7F00004460EA869463A4601F070F8054638B17D
:10C800000020206000E00925E8B20FB0BDE8F08FFD
:10C81000DDF80090CDF8049001F01AF8A8B10E9957
:10C820008046C9F80C0001A801F096F9054678B9D0
:10C830009DF9330000280AD416F03E0118BF0121EB
:10C8400001A8FBF70DF9054602E01125DCE70625F6
:10C8500017F01C0F16D015B3042D0DD17048002110
:10C8600001F11002602A21D0415800291146F7D168
:10C8700001A8FFF7ADF80546002D40F0C78047F04E
:10C88000080718E0002D40F0C1809DF80A00C1069D
:10C8900000F19F80B90746D5C00705D143E09DF858
:10C8A0000A0010F0110F03D00725AFE01225ADE00C
:10C8B000780700F19080380735D502F06DFD099DAD
:10C8C000010E020C030AA875A8732020697669740A
:10C8D0002A76EB752A74EB732946E87299F8000002
:10C8E00003F0DEFB06460020688399F80010032958
:10C8F00008BFA882E861012089F803009EB1D9F839
:10C9000030A001A83146002209F090F90546002820
:10C910007CD14846514609F099F8711EC9F81010AB
:10C9200008B1012572E0DDF824A000250021C4F83B
:10C9300028A0D9F83000606207F0080047EAC00B71
:10C94000BBF1010F88BF012101A802F079FF002887
:10C9500020615AD099F80000514603F0A1FB064629
:10C96000A0600AF11C00006800BF84F814B0E56202
:10C97000E060C4F8009025626575A561824604F107
:10C98000300B4FF40071B9F80600A0805846F5F757
:10C9900001F8B8063AD50025BAF1000F36D0C4F830
:10C9A00018A0B9F80A004702280616D1BA4514D9CA
:10C9B0002068314602F09CFC064601300021AAEBBB
:10C9C000070A022E38BF01214D00002808BF0125AB
:10C9D000EAE704251AE0082518E0E661B0B95FEA45
:10C9E000CA501BD048463146FBF78BF868B100EBC4
:10C9F0005A2259460123226299F80100FFF764F98F
:10CA00000546002818BF012500E002254046F3F73F
:10CA1000E8FC28067FF4F4AE0025F5E60025F5E7EE
:10CA2000640400202DE9FC41019160B1044601A895
:10CA3000694600224FF0000800F050FF064630B172
:10CA4000C4F8008000E009263046BDE8FC81009F64
:10CA5000276000F0FDFE90B101990546F860204680
:10CA600001F07AF8064620BB94F92F0000280DD477
:10CA7000A079C00605D42846F3F7B3FC20E01126C0
:10CA8000E2E73878216A03F00BFBA060F888002108
:10CA9000A0802046FFF7CCF8064650B9A0680026D3
:10CAA00080B12046002102F0CBFE2061002808BFA3
:10CAB00012262846F3F795FC002EC5D0042EBFD1D0
:10CAC0000526BDE728462661F3F78BFCBCE72DE978
:10CAD000FE4F044600200F469B461646186002A9EA
:10CAE00020460AF05DFA0546002840F09980657DF1
:10CAF000002D40F09580207DC00701D107258FE0F3
:10CB0000E068A26904F13009801AB04238BF0646D5
:10CB100002980190002E7DD010466FF35F2058B12F
:10CB2000C0F5007509EB00013846B54228BF35460F
:10CB30002A4608F065FD43E001984089013810EA73
:10CB4000522801D0E16913E032B1E16A31B12068C5
:10CB50004089FAF7C5FF05E0A16804E02068E169B3
:10CB600002F0C6FB0146022956D3481C56D0E161AB
:10CB70000198FAF7C6FF00284ED000EB080A750AA4
:10CB800029D0019A08EB05005189884288BFA1EBA2
:10CB900008055078394652462B46FFF795F8E8BB12
:10CBA000F8F7C6FE0BDC206AA0EB0A00A84206D20A
:10CBB00007EB402049464FF4007208F021FD6D025A
:10CBC000A069761B2F444219DBF80000A2612844BB
:10CBD000CBF800009EE7226A524515D0F8F7A8FE70
:10CBE00009DC01984946012301254078FFF782F8C6
:10CBF000A8B9F8F736FE01984946524601230125A7
:10CC00004078FFF761F850B9A069C4F820A06FF32D
:10CC10005F2085E7002503E0022500E0012565751A
:10CC20002846BDE8FE8FF8B50D466946F8F790FD39
:10CC3000074608B13846F8BDD5B100F009FEE8B1A5
:10CC400006460098C6602046FEF738FE0746800775
:10CC50000AD12046294602F0C7FB20460021FEF7F4
:10CC6000A1FD071F18BF07463046F3F7BAFBE1E7FF
:10CC700020460021FEF7DCFF0746DBE71127D9E756
:10CC800070B58EB00D900C460DA86946002200F0DC
:10CC900025FE0646E0B900F0DBFD98B10546009898
:10CCA0000D99C560684600F057FF064668B99DF9C2
:10CCB0002F00002808D41CB16846214602F094FBDE
:10CCC000002602E0112603E006262846F3F789FB3A
:10CCD00030460EB070BD2DE9FC4101A9F8F738FDD2
:10CCE0000646C8BB207D410601D4002634E040B290
:10CCF000DDF80480B0F1FF3F28DD02F04DFB616AF2
:10CD00000746404608F0A2FE012628BBA56AE87A3D
:10CD1000294640F02000E8722068A26809F0D0FCA3
:10CD2000E068390EAF756976390CE8610020297624
:10CD3000390A68824046E97588F8036009F024FEE4
:10CD4000217D01F0BF012175BDE8FC81226A98F8C0
:10CD50000100F8F7A0FD10B13046BDE8FC81F8F7FE
:10CD600080FDCAE72DE9F84F044600208B4669464E
:10CD70009A461646186020460AF012F908B1BDE836
:10CD8000F88F607D0028FAD1207D80075CBF0720E6
:10CD9000BDE8F88FA26904F13009D043B04238BF32
:10CDA0000646DDF80080002E00F08D8011466FF3FE
:10CDB0005F2179B1C1F5007509EB01005946B54213
:10CDC00028BF35462A4608F01BFC207D40F0800035
:10CDD000207554E0B8F80A00013810EA52251AD13B
:10CDE00032B1E16A49B120684089FAF779FE08E07A
:10CDF000A06830B92046002101E0E1692046FEF735
:10CE00009DFB411C68D000285DD0012862D0A1683C
:10CE1000E06101B9A060F8F78BFD0ADC226A98F89E
:10CE2000010049460123FEF765FF002854D1F8F7B9
:10CE300018FDE1694046FAF764FE00284AD02B4607
:10CE40000544770A2BD0B8F80A10D8192A46884228
:10CE500088BFCF1A98F8010059463B46FEF74AFFB3
:10CE6000D0BB206A401BB84208D20BEB4021484699
:10CE70004FF4007208F0C4FBF8F7F3FC7D02A169DF
:10CE8000E068AB444A19DAF800108242A2612944F2
:10CE9000CAF8001088BF1046E060761B83E7206A5E
:10CEA000A169A8420BD0E068814208D298F801003D
:10CEB00049462A460123FEF707FF68B9A1696FF3C7
:10CEC0005F21256276E7207D40F04000207500203C
:10CED000BDE8F88F022000E001206075BDE8F88F02
:10CEE00080B50846FFF727FB002818BF012080BD4A
:10CEF00080B50846FFF733FB002818BF012080BD2E
:10CF000080B508461146FFF78DFD002818BF0120A7
:10CF100080BDF0B5C7B001AE08461C461546314687
:10CF2000FFF781FE08B1062011E09DF81A000028E5
:10CF3000F9D04C9F06F116012846F3F7EBFD019856
:10CF400020609DF80C00C0F300103870002047B03E
:10CF5000F0BD80B5C6B008466946FFF791FE0028CF
:10CF600018BF032046B080BD2DE9F04F93B0129159
:10CF700012A804A9022200F0B1FC049D059508B195
:10CF800001258DE000F064FC0028F9D01299834659
:10CF9000E86005A800F0E0FD04287DD105A8002187
:10CFA0000024FEF7CBFA8146688940020890A9F177
:10CFB000020010F1040F05D8284609F02DFDB0FA43
:10CFC00080F0440902F0E8F9002C60D08046284641
:10CFD0004946FAF796FD074605F140004FF4FA710D
:10CFE000F4F7D8FC42F220002E242E464A4685F85B
:10CFF0004A80A5F83D004FF0203006F8344FC5F8C0
:10D000003900C5F835004FEA18603146039085F8BD
:10D010004D004FEA1840029085F84C004FEA182066
:10D02000019085F84B00102085F83F00284609F054
:10D0300047FB05F1540A31462022504608F0E0FA39
:10D040002978079885F85540032904D1A96A421A1E
:10D0500018BF024600E002462846514609F030FB60
:10D060006C894FF0010A74B1284685F803A02F633C
:10D0700009F0D2FC58B930464FF40071F4F78AFC3D
:10D08000013C0137EFE705A8FEF7A2FC60B105A857
:10D090004946002208F0CAFD01255846F3F7A1F9D8
:10D0A000284613B0BDE8F08F0D9E03984A4670766F
:10D0B0000298314686F8168030760198F075284639
:10D0C00009F0FEFA1020F0720120E870284609F0FD
:10D0D0005BFC0546002818BF0125DEE7052B84BF51
:10D0E0000220704780B505A0C35C084611461A4669
:10D0F000FFF776FB002818BF012080BD0102030660
:10D100000A3200001CB5084600211C460191114658
:10D1100001AB2246FFF7DBFC0199002818BF012173
:10D1200008461CBD2DE9F04F9DB01C911CA801A91B
:10D13000022200F0D3FB019D0F9508B1012717E0F3
:10D1400000F086FB0028F9D01C990446E8600FA87F
:10D1500000F002FD074628B90FA80221FAF780FC6B
:10D16000074648B12046F3F73CF9002F18BF0127C6
:10D1700038461DB0BDE8F08F9DF842609DF96B20E8
:10D18000062706F001004142B2F1FF3FC8BF01F09F
:10D190000707002AE6D40028E4D12878179902F07E
:10D1A0007FFF8046F0062BD41B990F9EDDF850A020
:10D1B000481C05D00FA8FEF73BFD07460028D1D13B
:10D1C000CDF800804FF0E50B4FF001080DF13C0960
:10D1D0001699304608F03AFC08BB1799149881F864
:10D1E00000B086F8038050451BD248460021FEF768
:10D1F000D9FA0028ECD00746042808BF0227B1E777
:10D20000CDF81080029502A80021FEF711FD074617
:10D210000028A7D102A8FEF751FB0428C4D001279B
:10D22000A0E70020009938B931B10FA8002208F01A
:10D23000FDFC0746002895D1284609F0A5FB0746C6
:10D2400090E710B50C4663B1022B06D0012B1CBF32
:10D25000022010BD04F1180001E004F10C00006888
:10D26000024420461146FFF789F908B1012010BD9C
:10D27000A06910BDC8687047B0B5054690F8D002E7
:10D2800050B105F11800FFF756F938B101460748CB
:10D29000F3F7FEF8072407E0002405E0002404A0CB
:10D2A00085F8D042F3F762FB2046B0BD9C98010898
:10D2B000464154465320736F7572636520636C6FEB
:10D2C0007365640D000000001AB3F0B5C7B00446E2
:10D2D000406900B304F118070E464FF40C7115466F
:10D2E0003846F4F73DFE012084F8D10226B104F55A
:10D2F00012703146F8F700FC002004F5127684F82D
:10D30000C70201A93046FFF7BBFC30B1024611A0AD
:10D3100010E002207047022010E0019831460122FF
:10D32000C4F8C802286038460125FFF759FA38B119
:10D33000024611A03146F3F7ABF8032047B0F0BD29
:10D34000D4F8C82214A0314684F8D052F3F7A0F8DC
:10D350000020F3E746415446533A2066696C652045
:10D360006E6F7420666F756E642025732C20726555
:10D37000733D25640D0A000046415446533A206F20
:10D3800070656E206661696C65642025732C20725F
:10D3900065733D25640D0A00464154465320736F62
:10D3A00075726365206F70656E65643A2025732C15
:10D3B0002073697A653D256C750D0A0079B11CB53D
:10D3C0001C4673B190F8D0326BB1183001ABFFF747
:10D3D0007EFB68B1014608A0F3F75AF806E0022088
:10D3E000704702201CBD0CA0F3F7C0FA05201CBD3D
:10D3F0000198206000201CBD46415446533A2072DB
:10D40000656164206661696C65642C207265733D9A
:10D4100025640D0A0000000046415446533A20722C
:10D42000656164206661696C65642C206E6F742090
:10D430006F70656E0D00000080B50846FFF74BFC6D
:10D44000002818BF012080BD8869704770B5044668
:10D4500090F8D00260B104F118052846FFF73BFCB4
:10D4600040B106462846FFF766F80BA0314607E0B4
:10D47000002508E02846FFF75EF830B101460E4867
:10D48000F3F706F80725284670BD00250BA084F8A1
:10D49000D052F3F76BFAF6E746415446533A2073FD
:10D4A000796E63206661696C65642C207265733DDA
:10D4B00025640D0A000000009C980108464154466E
:10D4C000532074617267657420636C6F7365640DBB
:10D4D000000000002DE9FC470546406958B30E46A0
:10D4E00039B3307828B305F118094FF40C7114469C
:10D4F0004846F4F735FD05F5127A002731467F22BC
:10D50000504685F8D172F3F753FB56A05146C5F843
:10D51000C84285F8C772F2F7BBFF484651460A2257
:10D52000FFF75EF960B1024655A05146F2F7B0FF31
:10D5300066E06F4800E06F48F3F718FA022660E0F3
:10D54000002C6FD048462146FFF718F830B1064648
:10D550004846FEF7F0FF53A031464FE001A9484688
:10D5600009F01EFD8046002843D195F82D80B8F1C2
:10D57000000F3ED195F82C00800702D44FF0070829
:10D5800037E0696A286B884241D2D0B1A869696BDB
:10D5900001F0AEFE01460130B0FA80F001294FEAF9
:10D5A000501808BF4FF00208B8F1000F14D10198CD
:10D5B000806981420ED26A6B484608F037FB80468C
:10D5C0000AE0296A48460022002608F02FFB804620
:10D5D0002E6201E04FF00008286BB8F1000F68627E
:10D5E00095F92C0040F0400185F82C100CD085F8FE
:10D5F0002D804846FEF79FFF3B484146F2F748FF23
:10D6000004263046BDE8FC87B0F1FF3F16DD4846F2
:10D610000021FEF7B3FF28B106464846FEF78BFF10
:10D6200028A099E7012000265146224685F8D0021D
:10D630002E48C5F8CC62F2F72BFFE2E70198AA6BFF
:10D6400005F1480101234FF001084078FEF752FB35
:10D650000028CCD195F82C0000F07F0085F82C0034
:10D66000D5E700BF46415446533A20637265617462
:10D67000696E672066696C652025730D0A000000DD
:10D6800046415446533A2063726561746520666171
:10D69000696C65642025732C207265733D25640DCB
:10D6A0000A00000046415446533A207365656B20DA
:10D6B0006661696C65642C207265733D25640D0A92
:10D6C0000000000046415446533A207365656B20C4
:10D6D000746F2030206661696C65642C20726573FC
:10D6E0003D25640D0A000000BA980108089A010857
:10D6F0009C9C01089A9E0108C2B1F8B51C46BBB1BA
:10D70000064690F8D00230B3D6F8CC0217460D4644
:10D7100088420FD006F118002946FEF72FFF48B1C6
:10D72000024612A02946F2F7B3FE1CE00220704721
:10D730000220F8BD06F118006B4639462246FFF775
:10D7400011FB009A014650B9A24208D16019C6F8EF
:10D75000CC020020F8BD1CA0F3F708F903E00EA0EE
:10D760002346F2F795FE0620F8BD00BF4641544619
:10D77000533A207365656B206661696C656420614E
:10D7800074206F666673657420256C752C20726535
:10D79000733D25640D0A000046415446533A2077F4
:10D7A00072697465206661696C65642C20726573AA
:10D7B0003D25642C2062773D25752C206C656E3DDF
:10D7C000256C750D0A00000046415446533A2077F7
:10D7D00072697465206661696C65642C206E6F7473
:10D7E000206F70656E0D00001CB5084600211C46B8
:10D7F0000191114601AB2246FFF7B4FA01990122CB
:10D80000A14218BF1146002818BF114608461CBD8A
:10D81000802800D2704719B1FF280BD9002070472B
:10D820000A4A00218029F9D032F81130834208D009
:10D830000131F7E7054901EB40006FF0FF01405A65
:10D84000704701F18000C0B2704700BF0886010830
:10D850004FF40070F2F796BD10B51F4A1D49B0F5A0
:10D86000805F38BF0A461188002930D088422ED305
:10D870005388043251FA83F4844207D80021B3F567
:10D88000807F38BFD9B202EB4102ECE71B0A082BBC
:10D890001DD8DFE803F005090E10121416181A003F
:10D8A000401A32F8100012E0411A01F00101401A4A
:10D8B0000DE010380BE0203809E0303807E01A3866
:10D8C00005E0083003E0503801E0A0F5E35080B2F5
:10D8D00010BD00BF4ABF01088EBE01082DE9F04F00
:10D8E00085B00F4600211546396001F0FCFD002887
:10D8F00015D4DFF84889064608EB8000846BB4B382
:10D900003C60207868B16078FEF7E8F9C10708D17B
:10D9100015F0FE0F01D040072BD400207EE00B2035
:10D920007CE00020667058FA86F1207091F83C1077
:10D9300009B315F0FE0F01D040071AD4204600218C
:10D940000025FAF74DF8022834D101AE00253746FC
:10D95000402D20D0601990F8F61121B100F5FD702E
:10D96000006800BF00E0002001C71035F0E70C2080
:10D9700054E00A2052E0F6B208F13C01881901EBAC
:10D9800086014968007A09688847002849D0C1079C
:10D99000CFD0032042E0002756F8275025B120467B
:10D9A0002946FAF71DF800E00320022F02D80137BC
:10D9B0000128F1D8042801D101202FE001282CD81A
:10D9C000B4F83F00B0F5007F27D1B4F84AB0BBF1FE
:10D9D000000F04D104F15800006800BF834694F89A
:10D9E0004460C4F81CB0701EA670012815D894F8C5
:10D9F0004170781EB7FA87F16781384018BF01205F
:10DA00004909084309D194F8450094F8461040EAC2
:10DA1000012A0007A4F808A00AD00D2005B0BDE82F
:10DA2000F08F08EB0600012180F83C10002080E711
:10DA3000B4F8470018B904F15400006800BFB4F806
:10DA40004220002AE9D00BFB06F101EB1A13134424
:10DA50009842E2D3C01AB842DFD3B0FBF7F02B44B0
:10DA60002A444FF00309E3624FF6F673C4E9085203
:10DA7000861C984240F6F573A66138BF4FF0020944
:10DA8000984298BF4FF00109B9F1030F0BD1B4F8D8
:10DA90005E0050EA0A00C0D104F16000006800BFD7
:10DAA000A062B00010E0BAF1000FB6D01144A1623C
:10DAB000A0F6F671090B0E2991BF700006EB460126
:10DAC00000F0010000EB510000F2FF10BBEB502F03
:10DAD000A3D34FF0FF30C4E904008020B9F1030F55
:10DAE000207128D1B4F86400012824D1691C204693
:10DAF00007F0ACFFF8B900204AF655212071B4F8C0
:10DB00003202884217D104F13400006800BF104986
:10DB1000884210D104F50670006800BF0D498842A4
:10DB200009D104F50770006800BF606104F5087052
:10DB3000006800BF2061B8F80C000130A8F80C00A4
:10DB4000E080204684F80090F9F7BAFFE5E600BFD0
:10DB500052526141727241612DE9F04F89B0D0F8A3
:10DB600000B00D46814628785C2801D02F2801D1CD
:10DB70000135F8E70020C9F808002878202809D2E4
:10DB80008020002189F82F00484609B0BDE8F04FF9
:10DB9000FEF74EB809F124000BF1340A08905846FC
:10DBA000D0F80C800024285D671C202825D35C2831
:10DBB00019D02F2817D0FF2C00F00E810121FFF77C
:10DBC00027FE002800F0088106467F2806D889A095
:10DBD0003146F9F73BFF002840F0FE8028F814603A
:10DBE0003C46E0E70137E85D5C28FBD02F28F9D000
:10DBF000CDF81CA04FF0000A03E0CDF81CA04FF0B8
:10DC0000040A3D44A8F10200002C00F0E28030F844
:10DC100014102E2901D0202901D1013CF4E7CDF8C0
:10DC200008B04FF0000B4FF02032089928F814B0DC
:10DC3000C1F807204A600A6038F81B102E2901D06D
:10DC4000202902D10BF1010BF6E7BBF1000F18BF41
:10DC50004AF0030ACDF81890214634B130F811206B
:10DC60004C1E2E2AF8D1013400E000240820A1F136
:10DC700001090027059001200390002004900190E5
:10DC80004AF0030138F81B00202803D02E2805D1C4
:10DC9000D94508D00BF1010B8A46F3E7002851D093
:10DCA0000BF1010B01E02E20A34605998F4234D0E1
:10DCB000A34531D080280BD300210026FFF7A8FD13
:10DCC00018B14F49084410F8806C4AF0020A00E08D
:10DCD000064626B14BA03146F9F7B8FE40B14AF0EE
:10DCE000030A5F2606983844013780F82460C7E7A6
:10DCF000A6F1410080B2192803D8049840F0020030
:10DD000008E0A6F1610080B21928EBD80498203E03
:10DD100040F001000490E5E7A3460198C0074AF0EF
:10DD2000030010D1A34518BF82460BD804980827DA
:10DD3000A346800004900B20059000200390012052
:10DD400001909DE750460899DDF808B0DDE9069A94
:10DD50000978E52902D1089905220A700399049AE5
:10DD6000C90718BF920002F00C01D2B20C2903D0EF
:10DD700002F00303032B01D140F00200830709D412
:10DD800002F00302012A08BF40F01000042908BF76
:10DD900040F0080089F82F004846FDF74DFC99F83F
:10DDA0002F104FEA4171D0B900291FD499F806000D
:10DDB000C0061DD5D9F814006FF35F200AEB0001EF
:10DDC0009BF8000002F06CF9C9F80800D9F80000CF
:10DDD000E6E60020A8F800000620F7F7BDBE0428FC
:10DDE000FBD10420002958BF0520F6E70020F4E706
:10DDF0000520F2E7222A3A3C3E3F7C7F00000000EB
:10DE0000468501082B2C3B3D5B5D0000B0B500232F
:10DE10000022202A08D0855C8C5C2B442344835448
:10DE20009BB201321B0AF4E7BDE8B04007F0D6BE52
:10DE30002DE9F04792460C460546FC2000BF0746F8
:10DE400028462021F3F7A6FD013F4FEACA08B7EBA9
:10DE5000CA0FA8BF4746AAEBE7002044FE100021E6
:10DE6000B14203DA425C6A540131F9E717F007095D
:10DE70000CD02846494608F024FBF043C9F10801BC
:10DE80005044205CC840297808432870F84308EBC8
:10DE90000006002E13D4F0080121275C284608F064
:10DEA00010FB06F00700297827FA00F000F00100C7
:10DEB00008432870284607F091FE013EE9E7BDE8D7
:10DEC000F08770B55B420024202C08BF70BDF7F7C7
:10DED000D4FDF9E703490A685206FCD5C2B24A608C
:10DEE000704700BF004C004080B5006904F00EFC94
:10DEF000002818BF012080BD80B5006905F04AFEEA
:10DF0000002080BD80B5006903F000FD002818BF27
:10DF1000012080BDF0B5C3B0006901AE15461C46B6
:10DF2000324603F041FF012810DB489F06F108014B
:10DF30002846F2F7EFFD029820609DF804000238B1
:10DF4000B0FA80F040093870002000E0062043B0AD
:10DF5000F0BD80B5C2B000696A4606F051FB0028EA
:10DF600018BF032042B080BD2DE9F04FA9B004696D
:10DF70002891204605F05AFB90BBA06A0DF1780B62
:10DF80000DF176030BF108051E9028AA20462946BC
:10DF900003F052FA023023D1DDF8A0A0504605F07C
:10DFA0006DFFE8B1504605F079FF8046206F80454F
:10DFB00016D8E06E206615A9204602F0AEFC78B9AE
:10DFC0000DAF2946F7F74AFD07F118069DF84B00FB
:10DFD00058B120463946324602F0B2FF0028F5D04B
:10DFE0000127384629B0BDE8F08F2A480DF15409C1
:10DFF0000C960123012749460B900BAAF7F795FCD5
:10E000000028EED19DF8970008B320460121012792
:10E0100005F060FC1F480026C4F828B0CDF8289011
:10E020000123ADF87C608DF87E60099083460DA9D0
:10E0300009AAF7F77AFC1E990028A162D1D1F7F757
:10E040008AFB9DF89700002808BF5E4600E0114E4D
:10E0500000201149CDF82090CDE90696CDF810A00A
:10E0600004230290BDF8760041EA802105910B4916
:10E0700041EA802148EA802040F4001001912946BD
:10E08000039001AAF7F751FC0746002818BF0127A3
:10E09000A7E700BF08FC0F60080000200000104048
:10E0A000052B84BF0220704710B505A4006954F801
:10E0B000233004F0B9FD002818BF012010BD00BFB7
:10E0C0000100000002000000030000000203000045
:10E0D000020500000209000080B5006904F018FF85
:10E0E000002848BF012080BD80B5006905F0DCFE36
:10E0F000002818BF012080BD022B84BF022070477A
:10E1000080B5006904F0D8FF002848BF012080BD19
:10E1100010B500690C46806A05F032FD58B194F8DC
:10E12000320080075CBFE06A10BDE06A616B81422B
:10E1300088BF084610BD0F480F4941F6A802F2F704
:10E140002BFC00BF80B5006905F010F8002818BF4F
:10E15000012080BD10B500690C46806A05F010FDF5
:10E1600008B1606B10BD0348034941F68B02F2F71A
:10E1700013FC00BFFEA90108DCB2010810B500695C
:10E180001C4605F05BF801220121A04208BF0146B0
:10E19000B0F1FF3FD8BF1146084610BD2DE9F04150
:10E1A000264F1C46786AB0B190460A46016891B184
:10E1B0000D694DB10C4900230026A84700280FD453
:10E1C000786A40B1016831B18D6825B1064942468F
:10E1D0002346A84700E00120001BB0FA80F0460962
:10E1E0003046BDE8F08100BF288E0020B0B513484E
:10E1F0001446406A40B10A46016829B18D681DB1D4
:10E2000023680349A84700E00120F7F762BC00BF7C
:10E21000002D0020B0B509481446406A40B10A46B6
:10E22000016829B1CD681DB105492346A84700E022
:10E230000120001BB0FA80F04009B0BDD0010020E1
:10E240008090002010B50446F2F793FC08283CBFEC
:10E25000002010BD20440749A0F10804F7F7D5FBC2
:10E2600030B10549F7F7D1FBB0FA80F0400910BD95
:10E27000012010BD24B90108C8B101082DE9F043FF
:10E28000C1B00D464349804607F03CFB42A1F7F779
:10E290003DFB2868F0B14A4EDFF840910027412449
:10E2A0006868874209D2286821464A46C35DF7F765
:10E2B00094FB0236023C0137F2E74149002201F8A3
:10E2C000102040A26B68009101ACF7F785FA404638
:10E2D000214601E042A1404607F014FBA868F0B1D6
:10E2E000374EDFF8F89000274124E868874209D2CA
:10E2F000A86821464A46C35DF7F76FFB0236023C29
:10E300000137F2E72E49002201F810203FA2EB6806
:10E31000009101ACF7F760FA4046F7F77CFB2869FB
:10E32000E8B1274FDFF8B490002441266B69072C31
:10E3300098BF9C420AD2286931464A46035D384656
:10E34000F2F7B2F80237023E0134EFE71C48002131
:10E35000354A0174009001ACF7F73EFA00E0314C09
:10E36000324E40462146B047AB6901AC304AF7F720
:10E3700033FA40462146B047EB692E4A2046F7F76C
:10E3800075FA40462146B0472B494046B04741B058
:10E39000BDE8F08374BE01083D3D3D3D3D3D3D3D42
:10E3A0002056657269667920436F6E66696775727B
:10E3B0006174696F6E203D3D3D3D3D3D3D3D00003A
:10E3C0009939002020204465764B657920282575F1
:10E3D00042293A2020202020257300004FB2010856
:10E3E00020204465764B65793A202020202020208B
:10E3F000202020204E554C4C20286E6F20484D4147
:10E400004320636865636B290000000020205549A4
:10E41000442028257542293A202020202020202031
:10E420002573000034AA0108DBAD01080559010875
:10E4300082B20108A4BD010839B001082DE9F04FEE
:10E44000ADF6C40D00260C4605464FF4D4719B462C
:10E45000174661969BA8F3F783FD93A82021F3F755
:10E460007FFDDDF8ECA8F7F7ABFA06D0DFF8001C6B
:10E4700082A84022F4F7E3F8619654B1206840B1D5
:10E48000066836B10DF26C6120463A460023B0476B
:10E4900048B1DFF8D81DF7F7C9F9F62778B20DF6BD
:10E4A000C40DBDE8F08F206838B182692AB10DF241
:10E4B0006C61204690479F280DDCDFF8AC1DF7F714
:10E4C000B5F9206828B142681AB10DF26C61204696
:10E4D0009047F827E2E7074621AE0FF698324FF44F
:10E4E000807130463B46F1F7DFFF2846F7F7CAF860
:10E4F0000FF69C31F7F79AF9206808B38668FEB1E9
:10E50000DFF8AC2B0DF26C6120464023B047402869
:10E5100016D1DFF89C1B9BA84022F4F790F8E24A42
:10E520009B9991421BD19DF8701201291DD19D9993
:10E530001F293CD8DFF8200DF1F7AAFFF82719E0D2
:10E54000DFF8201DF7F772F920680028A5D042688F
:10E55000002AA2D00DF26C61204690479DE70FF68D
:10E560005430F1F795FFFF2704E0DFF8780BF1F75F
:10E570008FFFFE2707F10D00DFF8E01CDFF8E02C2D
:10E58000C0B251F8203021AEF7F7B0F92846314635
:10E5900007F0B8F9206800283FF480AF4268002AED
:10E5A0003FF47CAF0DF26C612046904776E7A1F115
:10E5B00020009DF871C210979DF872229DF8733269
:10E5C0009DF879729DF87A62CDE90010C390DFF86A
:10E5D000180B6146CDE90276F1F75AFFDFF80C1B04
:10E5E000DFF80C7B2846B847DFF8081B2846B847F9
:10E5F0000DF214489B9BDFF8002BDFF8009B4FF4D3
:10E6000080714046C847F7F743F99DF870320FF61E
:10E61000F022F7F707F9F7F73BF9F7F7A5FADFF874
:10E62000F82ACDE90001F7F7FDF8F7F731F99D9BDE
:10E63000DFF8E82AF7F7F6F8F7F72AF99DF87802F5
:10E640000DF21446DFF8E42A0138C0B202289ABF5E
:10E65000DFF8D41A51F820300FF6C4233046F7F70C
:10E6600005F92846F7F70EF8DFF8C46A9DF8790235
:10E670000328334603D8DFF8BC1A51F820300DF2D6
:10E680001448DFF8B42A4FF480714046C847F7F7C2
:10E69000FFF89DF87A12DFF8A40ADFF8A42A01290E
:10E6A00008BF064640464FF480713346C847F7F727
:10E6B000EFF8DDF87B32DFF88C2AF7F7B3F8F7F7DD
:10E6C000E7F8DDF87F32DFF8802AF7F7ABF8F7F7E5
:10E6D000DFF8DDF88332DFF8742AF7F7A3F8F7F7ED
:10E6E000D7F8DFF86C6ADFF86C8A41274FF0200911
:10E6F000012F0BD09BA83946424610F80930F7F796
:10E700006CF909F101090236023FF1E70DF21447F5
:10E71000DFF83C3ADFF8402A4FF000084FF48071F0
:10E72000384683F84080F1F7BFFEDFF8C469284619
:10E730003946B0479D98DFF8242A4FF48071A0F144
:10E7400020033846F1F7B0FE28463946B047DFF8D7
:10E75000101A2846B047F7F733F90AD061A8DFF856
:10E76000501940224FF04008009082A862AB00F0A0
:10E770007FFDDAF8000008B3DFF8EC19F7F756F878
:10E78000DAF80000E8B1DAF8041000979BAE202315
:10E79000324600F099FF06F1200138462022F2F7B8
:10E7A0008DF90646DFF8C809DFF8C019002E08BF4A
:10E7B0000846F2F7DBF846B1FD2703E0DFF8A419BD
:10E7C00005E0F727DFF8B01927E0DFF8A819F7F719
:10E7D0002DF8DAF81800DDF87B3283421FD1DFF81C
:10E7E000A0192846CDF8348007F08CF8DAF81C80A0
:10E7F000DDF87F62DFF88C19DFF88C09464538BFF9
:10E80000084631464246F1F743FE0027464538BFE9
:10E810006FF0050716D2DFF83C1A2846B8E60090DC
:10E8200021AEDFF85829F7F761F82846F6F72AFFF6
:10E83000206828B142681AB10DF26C6120469047F9
:10E84000F9272BE6DFF84419F6F7F0FFDFF8401957
:10E85000F6F7ECFF206818B386680EB39BA80DF29C
:10E860006C61102300F1400220460F92B04710283F
:10E8700016D1DFF8700BDFF8DC980F9F212600F12E
:10E880002008CDF83880012E10D017F8013B404603
:10E8900031464A46F1F708FE08F10208023EF2E767
:10E8A000DFF8AC194EE600BF49415001DFF8341BD8
:10E8B0000020DFF8E02881F8400021AE0E9BF7F73A
:10E8C00015F82846F6F7DEFEF7F77AF80BD061A8C0
:10E8D0001022009082A862AB0F9900F0C9FC0D983D
:10E8E00040F010000D90DFF8B018F6F79FFF206899
:10E8F00008B38668FEB19BA80DF26C61102300F18D
:10E90000500220460E92B047102814D1DFF8D40AE6
:10E91000DDF83880212600F141094F46012E0DD047
:10E9200018F8013BDFF82C2838463146F1F7BCFDDA
:10E930000237023EF2E7DFF8141903E6DFF8A41A03
:10E940000020DFF858284B4681F8610021AEF6F729
:10E95000CDFF2846F6F796FEF7F732F80AD061A801
:10E960001022009082A862AB0E9900F081FC0D98F5
:10E9700010300D909DF87902002800F09F80DFF89C
:10E980002018F6F753FFDAF800206AB3DAF80860C7
:10E9900056B3DAF804300F98DAF80C700DF2144818
:10E9A0001021CDF8008000F08FFE93AB4046314639
:10E9B0003A46994600F022FE4046F6F79BFEDFF805
:10E9C000E407F1F7D3FFDFF8E067DFF88887412736
:10E9D000012F17D019F8013B304639464246F1F76E
:10E9E00063FD0236023FF3E7DFF8D817F6F71EFFA4
:10E9F000206828B142681AB10DF26C612046904738
:10EA0000F7274BE5DFF8A0370027DFF8A0274FF402
:10EA1000807183F8407021AEF6F7DFFF2846F6F7E5
:10EA200031FE9DF87912032907D8DFE801F0021BB7
:10EA30002B3600208DF8100440E0DFF88007F1F756
:10EA400027FDDFF87C1728468DF8107406F05AFF72
:10EA5000206828B142681AB10DF26C6120469047D7
:10EA6000F3271BE59BA893A9A430F5F7F1FC0E9BB7
:10EA700001200DF580668DF810040FCB0FC6DFF86E
:10EA8000380719E09BA893A9A430F5F7E1FC012011
:10EA90008DF81004DFF818070EE09BA893A9A430A6
:10EAA000F5F7D6FC0E9B01200DF580668DF810045D
:10EAB0000FCB0FC6DFF8FC06F1F758FFDFF8081799
:10EAC000F6F7B4FEBBF1000F0CD0F6F7FAFF09D051
:10EAD00006683EB1DDF8E8280DF2144158460423DB
:10EAE000B04798B121AEDFF86027DDF8E838F6F7D7
:10EAF000FDFE2846F6F7C6FD206828B142681AB127
:10EB00000DF26C6120469047F527C7E421AEDFF88F
:10EB1000BC26DDF8E838F6F7E9FE2846F6F7B2FD40
:10EB20009BA800F5CA71A4300C9010980791DFF8EB
:10EB3000A0164038059060200890C39809900020E6
:10EB40000690F6F773FE0998002800F06181099B92
:10EB5000B3F5805F28BF4FF4805308980599184497
:10EB6000884204D905980899431A00F05181206819
:10EB700078B1D0F808C0BCF1000F0AD0DFF830251A
:10EB800020460DF26C61E047012801460A9002DA46
:10EB90003EE101200A90F6F713FF0CD061A8DFF8E0
:10EBA0001015009082A80A9E62AB324600F060FB0E
:10EBB0000D9830440D909DF8790210B39DF8101413
:10EBC000002900F0A5810A9911F00F0340F0A481FB
:10EBD000012810D003283BD0022840F033820027C0
:10EBE0000A9887420DD2DFF8C8040C993844F5F72B
:10EBF0003BFB1037F4E70C98DFF8B4140A9AF3F7EC
:10EC00006BFDF6F75EFF0CD0D0F80CC0BCF1000F26
:10EC100007D0DFF89C240A9B58460DF21441E047C8
:10EC200000E001200A99884240F0628108980A9920
:10EC3000084408900998401A0990069808440690DC
:10EC4000400400F0D980099800287FF47CAFD1E01F
:10EC5000102000210B91DDE90A128A42D1D0102840
:10EC600040F0BD80079B0DF144080FCB11AE0FC6DD
:10EC70000C9A00204146F3F758FD0120DFF8586553
:10EC80000F900020414604280CD00022042A06D010
:10EC900011F82230F35C01F822300132F6E701313D
:10ECA0000130F0E79DF845009DF851209DF8461091
:10ECB0009DF847C09DF849308DF851009DF84E00F1
:10ECC0008DF84E109DF852108DF845309DF84D305E
:10ECD0008DF84D208DF846009DF84A008DF849309A
:10ECE0008DF84A108DF852009DF853008DF84700BA
:10ECF0009DF84F008DF853009DF84B008DF84BC0E8
:10ED00008DF84F000F98C0B20E280E9050D04FF0E3
:10ED1000000CBCF1100F41D011A901EB0C0211F84D
:10ED20000C001B2192F801E092F80290D378109029
:10ED30008EEA00074FFA87F801EAD81686EA4706F6
:10ED40008EEA060883EA090688EA06010DF14408FE
:10ED500008F80C1083EA00014FF01B080CF1040CBA
:10ED600048B208EAD01080EA41001B21784080EACE
:10ED70000900D07070B201EAD01080EA46007840F5
:10ED80005840907089EA0E0041B208EAD11181EA38
:10ED900040001099484070405070BAE70DF14408A7
:10EDA0000E980C9A4146F3F7C0FC0F98013065E7C6
:10EDB00011A90C9A0E20F3F7B8FC40F2A310B0F59D
:10EDC000CA710BD49BA9095CFF2904D19BA900221D
:10EDD0000A540138F3E701319BAA11540020B44BC7
:10EDE0000B9E995D11AA125C013051409955013674
:10EDF0000B9630E700200990C398DFF8EC234FF41E
:10EE00008071009021AE069BF6F7E7FD314698E64B
:10EE10000598089988422BD905980899DFF89092AF
:10EE2000461A2EB33346B6F5805F28BF4FF48053A1
:10EE3000206850B1876847B120460DF26C614A46A0
:10EE4000B8478046012802DA12E04FF00108F6F7D1
:10EE5000B7FD0AD061A849464246009082A862AB3D
:10EE600000F006FA0D9840440D90A6EB0806D8E78E
:10EE7000F6F727FE0ED0C26932B10DF214415846A2
:10EE80009047F6F71EFE05D042681AB10DF2144104
:10EE90005846904721AED54A069BF6F727FD2846EF
:10EEA000F6F7F0FBD249F6F7C1FC2068E8B18668B6
:10EEB000DEB19BA80DF26C61402300F16008204692
:10EEC0004246B047402810D1CA4EDFF88892212729
:10EED000C346012F37D01BF8013B304639464A461E
:10EEE000F1F7E2FA0236023FF3E7D649FFF72ABB11
:10EEF000BC49F6F79BFCF6F7E4FD3FF4FDAD426834
:10EF0000002A3FF4F9AD0DF2144158469047F3E55D
:10EF1000B248F1F72BFD04E0AE480A991022F1F750
:10EF2000B7FAFB27AE49F6F781FCF6F7CAFD3FF4C6
:10EF300031AB4268002A3FF42DAB0DF21441584624
:10EF40009047FFF727BBAB4B0020AB4A4FF48071D3
:10EF500083F8200021AEF6F740FD2846F6F792FB35
:10EF6000206828B142681AB10DF26C6120469047C2
:10EF70009DF87A02012823D1F6F722FD20D09F497F
:10EF8000F6F754FC82AC62A90D9A204607F050FABD
:10EF900011A9204607F07DFADAF81010002953D0A5
:10EFA0009DF87A22012A51D111AA40464023FCF74C
:10EFB000F0FF002850D09348F1F7D8FC924900E0C8
:10EFC0009549F6F733FC4949494E2846B0479349DD
:10EFD0002846B047F6F7C8FD914A484FCDE90001F1
:10EFE00021AC4FF480712046B847F6F774FBC39B01
:10EFF0008C4A2046F6F73EFDF6F76DFB8A4A069BE3
:10F000002046F6F737FDF6F766FB884ADDF8E83864
:10F010002046F6F72FFDF6F75EFB85492846B047F8
:10F02000DAF810008449834A0028284608BF1146B0
:10F03000B04782492846B04781492846B047002753
:10F04000FFF72CBAF3276DE7F72709E06C48114664
:10F05000F1F71EFAF32703E06C48F1F787FCFC2771
:10F060006B49F6F7E3FB6B49F6F7E0FBFFF716BADF
:10F07000D0940108536F757263652066696C6520D2
:10F0800073697A653A20256C64206279746573002F
:10F0900052656164696E67206865616465722028E5
:10F0A0003634206279746573292E2E2E00000000FC
:10F0B0001C3A002066775F706B673A2062616420BB
:10F0C0006D616769632030782530386C5820286579
:10F0D000787065637465642030782530386C582901
:10F0E0000D0A0000419701087899010874BE0108D3
:10F0F00005590108F1AF010866B20108A90400082A
:10F1000020204865616465722056657273696F6E70
:10F110003A2020202575000085BD010820BC01088B
:10F12000556E6B6E6F776E00F0840108B5BA0108FA
:10F13000FAB50108FC840108CCBA0108F7A7010858
:10F140009EBA01089EB20108D4BD0108BCBD0108E9
:10F15000583900204FB20108C1AD010872BC010846
:10F1600035B00108AFAA0108EBAB01083A9E0108CF
:10F17000C79D010816B10108A5A301080DA9010842
:10F18000E9B001082C9A010858960108CAB0010894
:10F19000C9AB0108BBBB0108B0AB01088BBA0108C1
:10F1A000FDAB0108189E0108DA390020F6BA010803
:10F1B000D69E0108289F0108FF9E01084F9901086B
:10F1C00063A40108E5A3010861AC0108CDBB0108F7
:10F1D0002AAE010818960108D0930108B19E0108D3
:10F1E0002BA401083CA3010890BC0108ACBC010899
:10F1F00090AB010812030020F5AD0108EFAC010847
:10F20000DB980108589E01087FB00108E99D0108BC
:10F21000A5A20108FBA20108D6AA01081BB001089B
:10F220006BBD010858BC01083EBC0108E3BA0108E7
:10F23000B3B001089BB0010866B0010834B2010800
:10F2400046B00108ABA5010885BB010822A301084F
:10F250006DA60108B8A40108C0990108B884010886
:10F2600009BB010817A6010829A5010856A5010830
:10F270002DE9F047DDF820908A4698461446074667
:10F28000D9F8001079B1C1F1800508EB0100A54261
:10F290000BD951462246F3F7D2F9D9F800002044A1
:10F2A000C9F8000022E0002510E05146F6F71BFBEC
:10F2B0003846414606F02AFF0020C9F8000005E064
:10F2C0000AEB0501384606F021FF354605F18006B8
:10F2D000A642F5D9AC4209D9621B0AEB05014046AA
:10F2E000C9F80020BDE8F047F3F7A9B9BDE8F087F9
:10F2F00002293CBF01207047F8B5054680690C46DD
:10F30000884228D92878032827D0022835D0012818
:10F3100021D1686A04EB540700EB5721F6F7B5FAE0
:10F3200088BB7E1C6FF35F27E81990F83470686A19
:10F3300000EB5621F6F7A9FA28BB6FF35F26A81950
:10F3400090F83400E20747EA002108466FF31F30C7
:10F3500018BF0809F8BD0120F8BD686A00EBD41198
:10F36000F6F793FA78B904F07F0005EB80003430AB
:10F37000006800BF20F07040F8BD686A00EB1421FF
:10F38000F6F783FA10B14FF0FF30F8BDE0B205EBAD
:10F390004000808EF8BD000010B586B0114C01A968
:10F3A0002046F4F7B2FB69462046F4F78FFB9DF840
:10F3B00001009DF802109DF803209DF8063041EAF7
:10F3C00040109DF80410143240EA42209DF80520B8
:10F3D000C90289B241EA421141EA530141EA0040BF
:10F3E00006B010BDB00200202DE9F84305460668BE
:10F3F00000208875E869002873D0286B88460130A2
:10F4000011D008F1160900240027F06830F8140024
:10F4100058B10021FEF7FCF940B1FE2C06D809F8DE
:10F4200004000134F1E7012108E02746002009F833
:10F43000070098F81600B0FA80F0410900204FF05C
:10F440002E0C00230A2B2AD81F462B6ADE5D7B1C5C
:10F45000202EF7D0052E08BF6FF01A06092B09D110
:10F4600019B108EB000484F816C008EB0004013061
:10F4700084F809C008EB0004667271B1A6F141027C
:10F48000D2B2192A08D81022082F38BF08222F6AB2
:10F490003F7B3A4218BF2036A6750130D2E749B10A
:10F4A00008EB000100228A75296A097B002918BF30
:10F4B000014600E0014608EB0100002141722C6A80
:10F4C000E07A88F8080004F11C00006800BFC8F862
:10F4D000000004F11600006800BF4FEA3040C8F891
:10F4E0000400BDE8F883026842B110B50023D15C86
:10F4F000202914D33A2904D00133F8E74FF0FF3123
:10F5000010E01178A1F130044FF0FF31092C07D839
:10F51000012B08BF002C03D1D1180131016000215B
:10F52000BDE8104008467047828A006900691040B3
:10F5300018BF01200870002070470169808A00040C
:10F54000886170470169808A88617047818A006993
:10F55000426902EA0103914341EA03418161704734
:10F56000F0B5A1B001AF1546064620221C4638462C
:10F57000F3F765F807F120002946F6F768F92698B1
:10F580003946402223460090304600F003F821B06F
:10F59000F0BD00002DE9F04190B00C46164915462B
:10F5A0008046684640221E46F3F749F8169A6019CD
:10F5B00057197F2F04D83146F3F741F8214609E067
:10F5C000C5F180053146F6F78EF96846214606F00A
:10F5D0009DFD71196D463A46284606F029FF2846DA
:10F5E000214606F056FF40462146402210B0BDE8B5
:10F5F000F041FEF71DBC00BFD09401082DE9F04F8B
:10F6000003AF8FB047F8380C02F1210015464FF0D8
:10F6100000094FF0010A47F8343C47F8481C47F806
:10F620003C0C073020F0070047E91120B9F11F0F0B
:10F6300040D857F8400CEB46ADEB0004A546B9F1B5
:10F64000000F07D02046A7F1300120222026F2F734
:10F65000F6FF00E000262DB157F8481CA019F6F778
:10F6600042F92E4404F806A082B057F8380CA7F1EE
:10F670003005731C20212246009500F025F802B0C9
:10F6800057F8340CC9F120082021B8F1200F28BF09
:10F690008846294642464844F2F7D1FF57F83C1CB9
:10F6A000204606F00FFCC1440AF1010ADD4657F876
:10F6B000445CBBE7A7F13000F6F71CF8A7F10C0497
:10F6C000A546BDE8F08F00002DE9F04FCFB0CDE9A1
:10F6D00000233FAE0D46044640213046F2F740FC81
:10F6E0002FAF40213846F2F73BFC4C484E49514B76
:10F6F000514A412D81464A4888464C4986468A46A9
:10F7000048484B491CD384460020CDE908980DF1A8
:10F7100008089346CDE902A22A46CDE904E3CDE9E3
:10F7200006C1CDE90A001C904046214606F0C6FC01
:10F730001FAC4046214606F0CCFB2025202102E0EC
:10F740009346C5F140017019F2F724F9304621467D
:10F75000F6F7C9F87819C5F140013F2D88BF00219F
:10F76000F2F718F938462146F6F7BDF82E4A314C23
:10F770002F4D00205B46402809D0315C81F03601D6
:10F780003154395C81F05C0139540130F3E725488C
:10F790000027CDE90759CDE902A3284E15469A4620
:10F7A000CDE909270B971C9740228046CDE90540FB
:10F7B0001B48049002AC83463FA92046B047DDE9D0
:10F7C00000122046B04727AE2046314606F081FBA6
:10F7D00017481A4BCDE90A771C97CDE90895CDE972
:10F7E00003AB4022CDE90680124805900F480290F5
:10F7F0002FA920469847114B204631462022984792
:10F800005899204606F065FB3046F5F773FF1FA8B0
:10F81000F5F770FF4FB0BDE8F08F00BFABD9831F85
:10F8200072F36E3C7F520E5119CDE05B67E6096AB8
:10F830008C68059B3AF54FA585AE67BBBD60010896
:10F84000F0B51C4B046800221D1D052A0ED055F88A
:10F85000046CA64207D186682F68B74203D1466977
:10F860006F68B74219D010350132EEE70022052A41
:10F870001AD01D6815B110330132F8E71C600D4B2A
:10F8800000248568406903EB021323F80C4F43E919
:10F89000025059B14FF4807009E003EB021333F8C2
:10F8A0000C4F19B1002CF5D00020F0BD601C188061
:10F8B000501CF0BD64040020E748016841F000419D
:10F8C000F5F787BF914224BF06207047B0B586B0D8
:10F8D000154682688A4202D8C068A84201D2072031
:10F8E00024E0084600F06AF80446284600F066F86E
:10F8F000964DE968B1F1FF3F04DC954929609549CF
:10F900002960E968001B0221039405910021013060
:10F910000191049001A86946F3F700FBE96800280B
:10F9200041F00041E96018BF0120400006B0B0BDC1
:10F930000B2984BF0620704710B586B0EB4CE068F9
:10F94000B0F1FF3F04DCEA482060EA482060E0684C
:10F95000022005900120CDE90310002069460190A6
:10F9600001A8F3F7DBFAE168002841F00041E1600B
:10F9700018BF0120400006B010BD00BF10B588B010
:10F98000DA4CE068B0F1FF3F04DCD9482060D94888
:10F990002060E06801A8F3F74DFBE06840F000400C
:10F9A000E060029805990138B0FA80F042095000F1
:10F9B0000430AA2908BF500008B010BD01462148F4
:10F9C00081423CBF0020704700F5804291423CBF1D
:10F9D0000120704700F5004291423CBF0220704771
:10F9E00000F5404291423CBF0320704700F5E032F1
:10F9F00091423CBF0420704700F5703291423CBFF9
:10FA00000520704700F5B82291423CBF06207047A0
:10FA100000F5F82291423CBF0720704700F51C22F8
:10FA200091423CBF0820704700F53C2291423CBF08
:10FA30000920704700F55C220B20914238BF0A2054
:10FA4000704700BF004000080846FFF7B7BF00003E
:10FA50000B298EBF002002A050F82100704700BF84
:10FA60000040000000400000004000000040000096
:10FA7000000001000000020000000200000002007F
:10FA8000000002000000020000000200000002006E
:10FA9000006970479548C168B1F1FF3F04DC9449A3
:10FAA000016094490160C168F321816000207047C2
:10FAB0005AB153B110B584688C4204D8C0685C1840
:10FAC0000130844203D9072010BD0620704710463C
:10FAD0001A46F2F7B4FD002010BD0000F0B587B063
:10FAE000824E15460C46F068B0F1FF3F04DC8048BA
:10FAF000306080483060F0683069C00703D0164835
:10FB00007060164870606846F3F794FA144F01204D
:10FB1000397E012910D03876F2F7B8FF1DB118B937
:10FB2000708AA04304E008B1012003E0708A2043FA
:10FB30007082002000213976316941F00101316184
:10FB4000F16841F00041F16007B0F0BD043C0240B3
:10FB500023016745AB89EFCD3B2A19087F6E5D4CC9
:10FB600050010020F8B50446407FE8B1257F15B369
:10FB70004FF0FF30666954F8187C04F118012A46EA
:10FB800000906846F1F7D4FE3E4415A0294632465F
:10FB9000F0F77EFC009D304600232A46F3F764FA16
:10FBA00020B106251CA011E0002516E03068A8420F
:10FBB0000AD100202077002527486577016841F0A9
:10FBC00000410160254806E009251BA022490A687A
:10FBD00042F000420A60F0F7C9FE2846F8BD00BFB7
:10FBE000496E7465726E616C20666C6173683A2050
:10FBF000666C757368696E672025642070656E6435
:10FC0000696E67206279746573206174203078258D
:10FC100030386C580D0A0000496E7465726E616C64
:10FC200020666C6173682070726F6772616D206608
:10FC300061696C65640D0000496E7465726E616C7B
:10FC400020666C61736820766572696679206661EA
:10FC5000696C65640D000000103C0240839E010841
:10FC60002DE9F04186B00546002020491446A877CA
:10FC7000A8836861C868B0F1FF3F04DC1C480860D5
:10FC80001C480860C868F32088600CB355F8180C4D
:10FC900088462718FFF792FE0646781EFFF78EFE6D
:10FCA000801B0221039605910021013001910490EF
:10FCB00001A86946F3F732F950B1D8F80C0040F0CA
:10FCC0000040C8F80C000CA0F0F750FE08200AE035
:10FCD00040F2011055F8181C2246A5F81D000EA090
:10FCE000F0F7D6FB002006B0BDE8F081043C0240EE
:10FCF00023016745AB89EFCD496E7465726E616C07
:10FD000020666C6173682065726173652066616945
:10FD10006C65640D00000000496E7465726E616C64
:10FD200020666C617368206F70656E65642C20615D
:10FD30006464723D30782530386C582C2073697AB1
:10FD4000653D256C750D0A0082B12DE9F84F9A4684
:10FD500073B18346407F70B15BF8180C8846471832
:10FD6000B8070ED033A0F5F7DDFC07E0022070479E
:10FD70000220BDE8F88F3FA0F0F7F8FD0620BDE8AF
:10FD8000F88F9BF81C10914619B30BF11804C1F1C0
:10FD900004056018AA4509D249465246F2F74FFCBD
:10FDA0009BF81C0050448BF81C0039E04946F5F7DD
:10FDB0009AFD2468F5F7C2FC08B12B48D3E73868F0
:10FDC000A04230D10020AAEB050AA94404378BF8E1
:10FDD0001C002AF003004FEA9A054E46009075B1C8
:10FDE000234887420BD83468F5F7A8FC0028E4D1F3
:10FDF0003868A04217D1013D04360437EFE7009977
:10FE000001EB0800CBF814008A4509D90AF0030475
:10FE100049440BF118002246F2F711FC8BF81C4004
:10FE20000020BDE8F88F1148F5F77CFC0920BDE8FB
:10FE3000F88F00BF496E7465726E616C20666C61EC
:10FE400073683A20777269746520616464726573BF
:10FE500073206E6F7420616C69676E656420307802
:10FE60002530386C580D0A00D79601080297010812
:10FE7000FBFF0F08496E7465726E616C20666C61E1
:10FE80007368206E6F74206F70656E0D0000000047
:10FE900052B14BB12DE9F04789460146806848458B
:10FEA00004D90720BDE8F087062070475FEA897013
:10FEB0004FF00700F6D1C968144603EB090201317F
:10FEC0008A42EFD81449C868B0F1FF3F04DC1348F8
:10FED000086013480860C8688A4623F003080025B4
:10FEE00045450ED2665909EB0507002338463246D0
:10FEF000F3F7BAF838B938680435B042F0D00420C6
:10FF000002E0002000E00320DAF80C1041F000418C
:10FF1000CAF80C10BDE8F087043C02402301674595
:10FF2000AB89EFCD2DE9F041044605685048D4F87F
:10FF300004802840B0F1005F18BFBDE8F0814D4853
:10FF400072B600214FF0FF320160416081600829E4
:10FF500007D000EB81030131C3F87021C3F8702290
:10FF6000F5E74548454F816A3A6842F001023A6038
:10FF70003A68920704D4826A521A022AF8D95CE0DD
:10FF8000396841F2883341F0800139600021826A8A
:10FF9000B960BE68816A16F00C0F03D0891A9942C5
:10FFA000F7D94AE03A6822F450223A603B68826A04
:10FFB0009B0303D5521A642AF8D93EE0396821F030
:10FFC000807139603B68816A9B0103D5891A0229D7
:10FFD000F8D932E03A6822F080623A603A68120159
:10FFE00004D5826A521A022AF8D926E02449274AFF
:10FFF00079602449C7F88410F96821F4F851F96050
:020000040801F1
:10000000F96821F40051F960F96841F41F01F960C1
:10001000F96841F40011F960796F21F00101796705
:10002000796F41F08071796717494A60017A102031
:10003000002918BF0F20F3F777F9154815493862E2
:10004000002038627962144978623961C1213861CF
:10005000796101217861B961B86110480460BFF32A
:100060004F8FBFF36F8F85F3088862B6C047FEE7F6
:100070000000FE2F10E000E0D00100200038024018
:100080001030000400300020040000200024F400A0
:10009000FFC9FEF633797704FF11602208ED00E016
:1000A0000246488BD2B2032A05D10A7D497D090652
:1000B00041EA0241084470472DE9FC41344E0D46A7
:1000C00004464FF00008D4E9162090420DD2616E2C
:1000D000C30800F00707CB5CFB40DB072AD0216E8A
:1000E0000130E06501392166EFE7226E636DE16E54
:1000F000EAB31844C4F85C80B0FBF1F303FB1100D1
:100100006065D4E91901C96AB2EBC10F88BFCA00A2
:10011000A265F1F73FFC204631462246012303F059
:1001200039FC0028CFD0E26E0021C4E91611226606
:10013000BDE8FC81626DE36E1044B0FBF3F202FB9C
:10014000130004F1580328600DCB0132013B8242B9
:10015000C4E9172308D2D50802F007060132013B93
:100160004D5DF540ED07F2D10020BDE8FC81094A64
:1001700018440092B0FBF1F202FB1103D44906A02F
:1001800040F2BF22F0F784F96FF01B00BDE8FC815C
:10019000C101010874BE010825733A25643A6572ED
:1001A000726F723A204E6F206D6F726520667265B5
:1001B00065207370616365203078257825730A00A7
:1001C00010B5D0E91523C46E891A2144B1FBF4F2AD
:1001D00002FB1411994209D2406E01F0070201237B
:1001E000C90803FA02F2435C1A434254002010BDCE
:1001F0002DE9F04F87B0129F984691468A46834674
:10020000002605ACB7421BD91098BD1BA9EB06030D
:100210005246082D28BF0825CDE90245304400216B
:10022000CDE90080584600F079F978B911982A464E
:1002300081192046F0F742FC002803D12E44E1E763
:10024000002003E04FF0020048BF0120F5F742BB59
:100250002DE9F04F87B0DDE9118B049391468A4672
:100260000746002605ACB0451CD91098A8EB06053A
:10027000A9EB06035246082D28BF08250499CDE9AD
:1002800002453044CDE900103846F5F762FC50B91C
:10029000DBF8000021462A4600F044FACBF80000C3
:1002A0002E44E0E70020F5F715BB000080B5C26ED4
:1002B0008A420BD9806EC26890470128B8BF80BDC2
:1002C0003C4883494FF48B72F0F766FB804902A0EB
:1002D0004FF48A72F0F760FB626C6F636B203C2016
:1002E0006C66732D3E626C6F636B5F636F756E74CB
:1002F000000000002DE9FF470C46096811F1030FCB
:1003000001D9002016E08246C06E814235D2DAF86B
:1003100068009046D4E901269946E36885698768B4
:100320002E44013EB6FBF5F66E430096B847012811
:1003300028DA10B104B0BDE8F087B9F1000F13D08E
:100340004FF0FF30E1683246C8F80000D4E90030D1
:100350008DE8430050464146FFF74AFF0028E9D4A4
:1003600002D06FF05300E5E7DAF86810E068F5F7BF
:10037000DCFB4FF0FF302060C3E7E94904A0B32263
:10038000F0F70AFBE548E649B722F0F705FB00BFA6
:100390007063616368652D3E626C6F636B203C2007
:1003A0006C66732D3E626C6F636B5F636F756E740A
:1003B00000000000F9AE01082DE9FE4F0C9C074635
:1003C0000E46CDE90123A01C02D0F86EA0425DD9F3
:1003D000B96EDDF83CB0DDF83480C9690BEB08007C
:1003E00088424ED8DDF838A04FF00009BBF1000F6D
:1003F0003ED03068A04207D17168884504D3BA6EF8
:10040000926A531898450CD3013034D1B86E3460D9
:10041000C6F808908069B8FBF0F148437060204648
:10042000E8E7A8EB0100F368A1EB08018D1851463D
:10043000AB4538BF5D461844F5F755FAD6E90101DA
:10044000A844ABEB050BAA44A8EB0000814288BF8F
:100450000846B96EB060896A8842C7D1DDE90123D8
:1004600038463146FFF746FF0028BFD0BDE8FE8F73
:100470000020BDE8FE8F164916A04FF48372F0F7F6
:100480008BFA13491CA0E922F0F786FA104902A062
:10049000E822F0F781FA00BF626C6F636B203D3D8C
:1004A0002028286C66735F626C6F636B5F74292D04
:1004B0003229207C7C20626C6F636B203C206C6650
:1004C000732D3E626C6F636B5F636F756E740000BB
:1004D000DCB201087063616368652D3E626C6F6316
:1004E0006B203D3D2028286C66735F626C6F636BE8
:1004F0005F74292D312900006F6666202B207369F7
:100500007A65203C3D206C66732D3E6366672D3E08
:10051000626C6F636B5F73697A6500002DE9F04F61
:1005200089B005468B46139C159F0893A96E381910
:10053000C969884200F2B380E86E129E964610B1F7
:10054000B04240F2AC8008980EF10C01DDF850A0EA
:10055000CDF814B002910BF10C0101380191039018
:10056000002F00F0A0802044CDF810A0CDE9067047
:10057000BBF1000F38460FD0DBF80000B042384620
:100580000AD1DBE9011250188442384604D2081B14
:100590006ED9874238BF3846DEF80010B1420AD122
:1005A000DEE901135A18944205D20A1B47D990423A
:1005B00038BF024600E002460898874208D3A86E7A
:1005C0004169B4FBF1F303FB11430BB98F423ED2F7
:1005D000E86E08B1B0426DD9A86EA946079DA24643
:1005E000CEF80060B4467646E0464169C369D0F86B
:1005F00004B0876A0D44B4FBF1F4B5FBF1F504FBDC
:1006000001F24D43CEF804209D4238BF2B4604FB37
:100610001131B94238BF0F46DEF80C306146CEF8D2
:1006200008700097D84701283FDADDF814B0069F1C
:10063000B64600284D465446464699D031E002EB76
:100640000309F046484538BF8146029817E0B2FBDF
:10065000F1F2DDF810A0D0F804C0F04602FB01F979
:10066000314622465346CDF80090E04780B118E06D
:1006700000EB0209F0464F4538BFB94601980068C3
:10068000DDF810A0611A4A4601445046F1F7D7FF41
:100690000398A7EB09074C44CA44C64660E76FF0CD
:1006A0005300F5F759BA0020FBE71C481C49762295
:1006B000F0F772F91A4902A06B22F0F76DF900BF4A
:1006C000216C66732D3E626C6F636B5F636F756E3A
:1006D00074207C7C20626C6F636B203C206C6673A2
:1006E0002D3E626C6F636B5F636F756E740000000C
:1006F00010B504464FF0FF30002310602046FFF78E
:10070000F9FD20B9A06E01698847012800DA10BD03
:1007100002480349DD22F0F73FF900BFF9AE0108B6
:10072000DCB20108B0B50B4B92B111F8014B013AA4
:10073000444004F00F0553F8255085EA14142D09A0
:1007400004F00F0485EA102053F824406040EBE7E2
:10075000B0BD00BFCC8D01082DE9F04F87B00C462D
:1007600011990692ABB30546581E0590A86EC7694D
:1007700005A9384600F03BF8064610A9384600F0B7
:1007800036F807464FF004090DF1180A4FF0FF3B09
:10079000BE4223D9F11B96FAA6F20698B1FA81F16E
:1007A000B2FA82F82246C1F11F01414538BF88469E
:1007B0004FEA88018DE803042846CDF80C9000210B
:1007C0000423FFF7ABFE0BFA08F100280E44DFD03C
:1007D0000BE04FF0FF300860002003E0069811990D
:1007E00008601098129908600020F5F773B80A683D
:1007F000A0F10803934284BF00207047F0B5B2FB1C
:10080000F3F04FF055346FF00307013804EA500558
:10081000401B4FF0333505EA900620F0CC303044D1
:100820004FF0013600EB101020F0F030704307EA73
:100830009050101A0838B0FBF3F004EA5004434318
:10084000041B05EA940524F0CC342C4404EB141466
:1008500024F0F0347443240E03EB8403D21A0A60AC
:10086000F0BD2DE9F04F89B0824612984FF0000B91
:10087000CDE90412A0B30138DDE913451F46089005
:10088000DAF86800C06908A9FFF7B1FF06462846F4
:100890003946A04718BB36B306F00109CDE9007B05
:1008A00006A8DDE90412C9F102084FEA8803CDE980
:1008B00002035046FFF732FE88B989F00107002194
:1008C000B94206D206992846A04701210028F7D050
:1008D00005E006A8A6EB080650F82770D7E7834680
:1008E0005846F5F739B94FF0000BF9E710B5044653
:1008F000806E416B19B9E068EFF773FDA06E816BF4
:1009000019B9E069EFF76DFDA06EC06B00B110BDC5
:10091000606EBDE81040EFF764BD7FB50C4605463C
:100920000126032E0AD006F0010004EB80012846C0
:10093000FFF7C2FB01360028F3D02AE0002026464C
:1009400021680422042346F8080FCDE90010CDE900
:100950000262284600212A46FFF7E0FD316810B107
:1009600010F1540215D1A86E406A012808DB01304D
:1009700040F0010001440139B1FBF0F1484330601F
:100980004FF0FF3100200422C4E90321C4E905012E
:10099000E16104B070BD10B5044601F023F80028F1
:1009A00005D405D02046002102F018FD00B110BD8D
:1009B000002010BD13460A46D0E9000100F00FB830
:1009C0000A4640F2FF336FF39F229A4208BF01317B
:1009D00002686FF39F2111440431F4F7FABE2DE948
:1009E000F04F87B0064610460C4640F2FF311746DE
:1009F0006FF39F20884208BF0137606861696FF319
:100A00009F2738440430884202D96FF01B000FE062
:100A1000A06822F0004A994615462146042380EA40
:100A20000A0000BA069006AA304600F021F908B183
:100A3000F4F750BFB5F1FF3F0BDD304621464A4683
:100A40003B4600F015F90028F2D10020C4F808A0B8
:100A5000EEE700254FF0010B0DF11708002FF4D041
:100A6000D9E9000132463B4629448DE80309304666
:100A7000F5F76FF80028DBD13046214642460123C6
:100A800000F0F6F8013F01350028E7D0D0E700007C
:100A90002DE9F04F8BB00446D1F804800D464FF09D
:100AA0000009A16E08F11400D1E90612904238BF86
:100AB000024650180138B0FBF1F000FB01F6A6F138
:100AC0001400069004F11000079008A80430049068
:100AD00000200590B04580F09B80FF2040F2FE3260
:100AE0008DF82B0008F10400311A914228BF1146FD
:100AF000069F0844B84238BF0746B04228BF0746A1
:100B0000B74205D3A06ED0E90630C01A874201D99A
:100B1000554838E0286800212246CDE900070DF14C
:100B20002B000290012003902046FFF7F7FC18B13C
:100B300010F1540140F095804FF0FF302B682146B2
:100B40000990A06E82690498029020460892CDE92F
:100B50000072FFF77DFB18B110F1540140F0818065
:100B6000424A2046294608ABFFF739FF002878D1D2
:100B70009DF82B0040B2B0F1FF3F3B48C8BF00F5E5
:100B80008010D5F80480A7EB08010DF1200B04229A
:100B9000043940EA010AD5E9021081EA0A0109BADA
:100BA00008915946FFF7BEFDE8600990286807994B
:100BB000224600238DE80109082003902046FFF714
:100BC000FBFB00284DD1B9F1000F04D16868E9683A
:100BD00000F1040905919DF82B008021B74221EA1C
:100BE00000008AEA0060C5E901704FF0FF30E8605C
:100BF00005D2A16E6069896A0844874206D30799C5
:100C000020462246FFF774FD58BB6F68B84661E77F
:100C100028694FF0FF312B6809F104020891A9EB14
:100C20000001CDE9000108AE204621460296FFF7FB
:100C30000FFBB0B908980599884210D12B680420A1
:100C4000214604220296CDE900902046FFF700FBE2
:100C500038B90898002818BF6FF0530001E06FF012
:100C600053000BB0BDE8F08F00FC0F5008FCFF5F95
:100C7000F0B585B016460D46D1E900121C46039327
:100C800000238DE8460000F110010246FFF794FBB7
:100C9000074640B9E86831462246FFF743FDE86061
:100CA000686820446860384605B0F0BD2DE9F04F13
:100CB0009BB00446806ECDE90A230D46406A00F0E1
:100CC00013FEAA46269E4FF000095AF8081F01316C
:100CD000CAF8001068B14FF001082846CDE919980C
:100CE00019A903F0BBF830B14FF0FF3001272061A4
:100CF000ADE04FF000084FF0000BA26E4FF0FF3058
:100D00006968CDF85C901690CDE91490D06C139181
:100D100000B9D069083818902046FFF7C7FA10F1DB
:100D2000540100F08380002840F0B78013AF2046C4
:100D3000524604233946FFF79BFF10F1540175D04A
:100D4000002840F0AA80CDE9114711A8259900227A
:100D50004FF0FF3307906448CDE9031606904842F0
:100D6000249900B20590614802900B9801900A986E
:100D70000090204601F01AFB10F1540156D00028D3
:100D800040F08B802B4653F8180F01300FD0E869E4
:100D900001300CD0E87D564941EA005213A92046A3
:100DA000FFF71DFE10F1540140D0002875D15FEA15
:100DB000CB704FF000024FF0000109904FF000009F
:100DC00008D104F13807D4E90C12666C89CF7A4057
:100DD0005940704004F14807C8CF784072401090E5
:100DE0000F9281EA030040F2FF31884329460E90BA
:100DF0000EAA204600F00AFC00284ED10E98269E2E
:100E000018B90F9808B9109848B13A4A13A90EAB0F
:100E10002046FFF7E4FD10F1540107D0E8BB13A909
:100E20002046FFF735FE10F1540139D14FF0FF3065
:100E3000012720615FEAC87009D12F486B683049EB
:100E40004FF4036200902D48EFF722FB00270120AA
:100E50000D9000200C900CA9284602F0FFFF291DE0
:100E600080B12046FFF728F94FF0010B4FF0000842
:100E700000283FF442AF10F11C010ED1002F7FF487
:100E80003CAF08E01C480B681D4940F63602009054
:100E90001CA0EFF7FDFA6FF01B001BB0BDE8F08F50
:100EA0000028FAD1F4F7A5FD18D11599C5E9030179
:100EB0002598301AA882D5E90001C5E90010002064
:100EC000C4E912002065099828B904F1300204F140
:100ED0003C0307CA07C30BF00100DEE717480849C7
:100EE00040F61E02EFF758FDB509010800FC0F405F
:100EF00008FC0F600CFCFF7F74BE0108E89B010832
:100F0000DCB2010825733A25643A7761726E3A20A3
:100F10005375706572626C6F636B20307825782032
:100F2000686173206265636F6D6520756E777269A5
:100F30007461626C6525730A0000000002AF01084D
:100F40001FB500234FF0FF34CDE90043CDE9023354
:100F50004FF0FF3300F002F804B010BD2DE9F04F60
:100F60009BB08146C06E164638B13268824280F02E
:100F7000D6817268824280F0D2814FF0000B0DF171
:100F8000600A00270024002504930E91CDE918BBC8
:100F9000022D1FD0F0590AEB070800214A4604230E
:100FA000CDF80880CDE9000B0420F4F7F8FC10F12F
:100FB00054010CD0002840F0B48185F00100D8F82D
:100FC00000105AF82000081A0028C8BF2C46043721
:100FD0000135DDE704F001010E9F4FF0FF3856F8B0
:100FE000213081F001024AEA810109683C463B60F8
:100FF00056F8220044F8081F002140F2FF364AEA62
:1010000082020894616044F8040C12AD0692022931
:1010100000F07C81099108994FF0FF3A4FF0FF30C2
:101020000422CDE916AAFFF77DFB834600200021AC
:101030004446C4460D900B90059001F00100D04647
:10104000CDF830C007910A904146D9F868006FF397
:101050009F21B1424146C369386840F2FF3708BF5B
:1010600001310D9A00266FF39F2111444A46043145
:101070008DE8230004200D9103904846F4F769FDA4
:10108000002840F00A81584629460422FFF74AFB0F
:1010900006461390129800BA80EA080ABAF1FF3F98
:1010A000CDF848A040F3078150466FF39F20B84227
:1010B000504608BF01300D99D9F868206FF39F2082
:1010C0000F1DD3693918994200F20E810AF0F041E0
:1010D000B1F1A04F40D10E9800214A460068CDE9F9
:1010E000000711A802900420F4F759FC002840F0F2
:1010F000D9801198864240F0D880D9F82C00129DF2
:1011000013A90422FFF70EFBC9F82C000E980B99C7
:101110000E9A40F2FF364FF0FF3B818205F48010BB
:101120000A998AEAC0280E98C0F810800E98C175F6
:10113000DDE91601C2E9060128466FF39F20B0429F
:1011400008BF01350C9CCDF84CB06FF39F25781982
:101150000E9FF86012AD77E70E991A460E68CDE93A
:10116000007013A84946029048463346FFF770F8CE
:10117000002840F0A980DDF848804FF4E06000EAE4
:101180001851B1F5C06F12D04FEA1850B1F5806F09
:101190001BD0DDF830C040F2FF3641BB0B9AC8F3DC
:1011A000892190B2814228BF4A1C0B9234E0F4F7A7
:1011B000A2FB16A802900820F4F7F1FB002840F0EB
:1011C0008A80C8F30050079022E00B99DDF830C008
:1011D000884A40F2FF3641FA80F10B91844901EAD6
:1011E0000C011143884545D14CF0004C14E06FF3DD
:1011F000DF2040F2FF5188420ED1F4F77CFB14A8A7
:1012000002900820F4F7CBFB54306ED001200590FB
:10121000DDF830C040F2FF3612992498049A484015
:10122000104205D012AD0E9F0799DDF84CB004E7CF
:1012300010970E9F269BE04638680F9027980FAABC
:10124000984700284DD4129911D06B4B81EA0802BF
:1012500012AD1A421BD0C4460228E5D1CCF3892036
:10126000C1F38922824298BF41F0004CDCE78C46F2
:1012700012ADD9E71CF101010CD0CCF38921C8F3E0
:1012800089228A429CBF00060CEBA03CC4E74FF0C9
:10129000FF3CC9E74FF0FF3CBEE710F15401A04608
:1012A0003FD124E010F154013BD10E9FA046F868D5
:1012B00012ADF8B165E008F0F040A04600F1304012
:1012C000B0FA80F0460912E010F1540112AD28D1B5
:1012D000A04600260BE010F15401A04612AD20D12B
:1012E00005E010F154011CD10026A04612AD0E9F5E
:1012F000F868C8B90699D7E9000340F2FF360968D3
:10130000C7E90030B9600999013180E63B4940F2F4
:101310006352CDE90001474939A0EFF7B9F86FF002
:1013200053001BB0BDE8F08F0021B9755EB3D9F84A
:1013300068108A69B0FBF2F303FB1202059BB2FA54
:1013400082F252091A40012A1DD14FF0FF323B6848
:101350001292CA6914998DE8230048464946FEF75F
:1013600077FF10B110F1540106D11599129A511A54
:10137000B1FA81F14909B97528B110F1540102D0CF
:10138000CFE70020B87509F13C053946284602F040
:10139000A3FB40B12968C8F38920C1F389218142A8
:1013A00019D148F000480E9A259B33B1918AC8F3B1
:1013B0008920884238BF01461980B8F1FF3F01DD1E
:1013C0004046AEE7918AC8F3892200208A4238BF9E
:1013D0006FF00100A5E718F10102259B0E9A04D0D9
:1013E000814238BFA8F58068DFE74FF0FF38DCE7BF
:1013F00000FC0F000000F04F00FCFF7F74BE0108EE
:1014000025733A25643A6572726F723A20436F729F
:1014100072757074656420646972207061697220ED
:101420006174207B307825782C20307825787D25D4
:10143000730A0000DCB201082DE9F04F8DB082463E
:10144000006A8946D2F800B00993079249F8180F4C
:10145000DAF82400C9F804009BF80000002800F026
:1014600092805048504D0C46CDE9049100F500168D
:10147000764806EA00070897B7F5001F04D15846DA
:101480002946EFF7FBFA834458462946EFF7D4FA8A
:101490008046022809D0B8F1010F0CD19BF800005A
:1014A0002E2808D10BF1010BE6E7BBF8000042F64D
:1014B0002E61884267D00BEB08045F464FF0010BAA
:1014C000069420462946EFF7D9FA04EB000929468D
:1014D0004846EFF7B1FA012803D0022806D058B9E0
:1014E00016E099F800102E2906D107E0B9F800108F
:1014F00042F62E62914204D00BF1010B09EB00047D
:10150000DFE7BBF1010BF9D1089F09F1020BB3E74B
:101510003878E8B3079807600898B0F5001F3BD10A
:10152000EF49DDE9049406EA010088420BD06A49DC
:10153000684ACDF8009040EA01035046214600F089
:1015400057F800282BD40DF1280B099821464A465C
:101550004FF0F043CDF83080CDE90AA7CDF80080F8
:1015600001901248CDE9020B5046FFF7F7FC064602
:1015700000280DD403D1E07D0028E6D106E0DDF897
:1015800018B0324875E76FF0150601E06FF00106FC
:1015900030460DB0BDE8F08F6FF01306F8E7064651
:1015A000F6E700BF00FC0F00F7AE0108B115010817
:1015B0007FB505460C460068D5E901166FF39F24F8
:1015C000A64228BF2646D2E900320296CDE9002184
:1015D00001463246FEF70CFE40B9A868A04201D190
:1015E000002003E04FF0020038BF012004B070BDBE
:1015F0001FB51C466FF39F240294069C019400249F
:10160000009400F0CBF804B010BD00007FB5144684
:1016100001AA00920D4A02F10C03FFF7E9FF01460F
:101620006FF00100081A18BF0846002900EAE170AF
:101630000AD4023108D094E8070001AE68CE6940B0
:101640007240584007C4002004B070BD0000F07F15
:101650002DE9FF41064640F2FF301C46824204D18C
:10166000022020702F2020812FE0306F0D4604F1E2
:101670000801174600912946013040EA8223CA48F2
:10168000804600F100623046FFF7B2FF00281DD40B
:10169000000DB9024246207002A80090C14841EAFC
:1016A000000330462946FFF7A3FF00280ED4010DA2
:1016B00040F20122914205D040F20220814204D141
:1016C000039801E06FF39F206060002004B0BDE844
:1016D000F08100BF00FC0F70080000202DE9F04FE2
:1016E00087B006468A461446119F139AB16ED019E8
:1016F000C969884203D96FF05300F4F7EBB8129828
:101700002549DDF840906FF001080690581E8B4681
:101710000490002A3ED0C51905922068023006D1F7
:10172000D4E9012081188F4201D297421ED2B06EB7
:10173000C4F800804169806A6B18B7FBF1F2B3FB13
:10174000F1F34A43594362604B46814238BF084631
:10175000E168A06002903046CDE9002151465A462A
:1017600000F01CF8B0F1FF3FD7DCC6E7B91AD21B76
:10177000E368151805981944A84238BF054606982D
:10178000F4F7B1F80698059A2F442844521B0690A6
:101790000498BEE70020B0E700FCF7FF2DE9F04F0A
:1017A00087B0D1E9035800F13C0704469A46164633
:1017B00005913846CDF8188002F08EF978490496E4
:1017C000314088B1A1B13968CAF38920C1F38921B8
:1017D000814262D04FF000064FF001013CBF4FF64E
:1017E0000046CFF6FF7605E0002918BF012100E092
:1017F0000021002681F00109474640F2FF306FF3D7
:101800009F278742404608BF01306FF39F2000F1B9
:1018100008018D4241D30599281A22460423C34664
:10182000051F0968CDE9001506A8002102900420D3
:1018300003902046FEF772FE88BB069800BA80EA45
:101840000B0020F000480BF0E040B0F18040CDF8F4
:10185000188018BF012050EA090013D1AAEB060036
:10186000CBF38922C0F389218A420BD84C49084026
:101870001C490843834510D04BF3912040F2FF31BF
:1018800088430644AAEB0600049980EA0B0008424C
:10189000B2D140F2FF30874203D16FF00100F4F77C
:1018A00019B8DDF8488010992246474528BF4746B9
:1018B00005982944119D3B4604310068CDE9025743
:1018C000CDE900012046F4F744F90028E7D1E819F2
:1018D000A8EB0701F0F75EF806EB0B00DFE700BFAF
:1018E00000FC0F00000010400128BCBF0020704722
:1018F0008968013040F001000131B1FBF0F202FBD8
:101900001010B0FA80F04009704700007FB505461E
:10191000806A1646F3F7E5FE3CD1039604F108060B
:1019200003AA284600233146FFF786FD00282FD45E
:1019300001466FF31301B1F5001F08D118490840A3
:10194000884207D1D5E90801CDE901010EE06FF029
:1019500013001DE001A9144A0091124940EA010355
:1019600028463146FFF744FE002811D401AA284634
:101970003146FFF7E5FA58B90221002004F12803A7
:10198000A171D4E9021207C3A080A96AAC622160E8
:1019900004B070BDF84905A041F6C702EEF7FCFFA0
:1019A00000FC0F000800002000FC0F70216C667323
:1019B0005F6D6C6973745F69736F70656E286C66B8
:1019C000732D3E6D6C6973742C202873747275636B
:1019D00074206C66735F6D6C6973742A2964697214
:1019E000290000002DE9F04FA7B000F128061F469E
:1019F00091460D4683460896366816B306F10800F0
:101A0000A842F9D0294602F029FA0028F4D1B07989
:101A10000128F1D196F83200C006EDD5DBF8681048
:101A2000F06A896A8842E7D95846314601F060FA7F
:101A300028B95846314600F08FFE0028DCD0804699
:101A40006BE1D5E900012022CDE925011DAC294635
:101A50002046F0F7F4FD15A821462A464B46CDE96D
:101A60000070584600F0E4F98046002800F15581E6
:101A700025A9284602F0F2F918B91DA92846F3F75E
:101A8000E6FEB8F1020F27D10BF14802584629466D
:101A9000FFF7BCFD8046002840F03F81DDE91501DD
:101AA000CDE9250105F11800A1491490E87D41EA2E
:101AB0000050012113900020CDE9001015A925AA9E
:101AC00013AB584600F0B4F98046002800F1258198
:101AD0001DA815A9F3F7BBFE0BF1300007900BF121
:101AE000240005900BF12000069025AD0020049005
:101AF000B8F1010F40F00D81DDE92530DDE91D125F
:101B00008DE807008D489C4940F6A81203908CA0F0
:101B1000EEF7BEFC0699284602F0A0F9DDE91D6744
:101B2000089C20B90698089C066005980760246800
:101B3000ACB104F10801284602F090F908B9C4E9F3
:101B40000267A0790228F2D104F12C01284602F0A4
:101B500085F90028EBD1E66204F13000E6E715AC28
:101B600058462946224601F015FE8146B0F1FF3F56
:101B700000F1020A03DCBAF1000F40F0CD80BAF1A7
:101B8000000F2BD05846012101F0A4FE07982146F2
:101B900001F0A2FF1DAE4FF0000720B3DBF83000CC
:101BA000DDE9153140F6D512C0F389246348CDE94B
:101BB0000014714902907148EEF76AFCDBF83000BE
:101BC0005D49CBE90D770840CBF83000C9F3892097
:101BD0008442484638BFA0F5806007E04FF0000817
:101BE0001DAE002722E040F2FF344846DDE9151221
:101BF000CDE90E7040F2FF30201ACDE9106112924B
:101C00004C4918BF41EA84200D900220CDE900071D
:101C100015AC11AA58460DAB214600F009F98046D3
:101C2000B0F1FF3F79DDB8F1010F64D05846294685
:101C3000224601F019FE10B1811C7FF400AFBAF109
:101C4000000F01D0811C6CD002303FF451AF0798D7
:101C50000088800509D06FF00100B9EB00015846FB
:101C600018BF4FF0FF3101F035FE0798214601F013
:101C700033FFC0B1DBF83000DDE9153140F6092251
:101C8000C0F389242D48CDE900143B4902903B481C
:101C9000EEF7FEFBDBF830002749CBE90D77084073
:101CA000CBF8300001E040F2FF34DDE915010A977E
:101CB0000C962A46CDE925019DF86B001C4941EAA6
:101CC00000501C490B9040F2FF30201A18BF41EA27
:101CD000842009900220CDE9000715AC584609ABD5
:101CE000214600F0A5F88046002816D4304621464B
:101CF000F3F7ADFDFCE6DDE911012022CDE9250178
:101D000030462146F0F79BFC03204FF00108049079
:101D1000EEE6DDF8108000E0C846404627B0BDE89A
:101D2000F08F154916A040F6F612EEF735FE00BF0B
:101D300008FC0F600000F04FFF03008074BE010834
:101D400025733A25643A64656275673A2052656C7A
:101D50006F636174696E67207B307825782C203042
:101D60007825787D202D3E207B307825782C2030FA
:101D70007825787D25730A00DCB201086E9A010887
:101D80002128686173706172656E74202626206553
:101D90007272203D3D204C46535F4552525F4E4F7C
:101DA000454E5429000000002DE9F0410C4606463E
:101DB00010464FF484711546F0F7D2F8A06A48B186
:101DC00001280CD142F62E602881022028700020C4
:101DD000A87225E02E2028810220287020E0A1880A
:101DE00004F1200804F10807A08B8AB2824209D1CD
:101DF000E07FD8B1304639464246FFF7A1F898B99E
:101E00000021A1808AB2304639462B46FFF720FCDC
:101E100008B1811C08D1A18801310230A180E3D032
:101E2000A06A0130A0620120BDE8F081F3F70CBE8A
:101E30002DE9F04F99B0DDE922989A4608928B4639
:101E40000446002040F2FF4140F201420023484591
:101E50002EDA5AF83050C5F30A568E4207D0964211
:101E60000FD1BBF814500135ABF814501EE0BBF88D
:101E70001430002B00F0F781013BABF81430012344
:101E800014E02D0D05F4E065B5F5C06F0ED10AEB39
:101E9000C0056D682E68CBF818606D68CBF81C50D3
:101EA0005AF83050C5F300558BF817500130CEE783
:101EB000D807CDE90A4B04D0BBF81400002800F085
:101EC00054819BF8160050B34FF0FF30DBE9032339
:101ED0001690DBF80000179213A90DC1A16EC86C13
:101EE00000B9C86913A9083811941291189011A863
:101EF0005946CDE900A90790DFF894030690002029
:101F0000CDE90400CDE90200204600F04FFA054675
:101F1000543018BF15F11C0040F0EE800A9C4FF0C1
:101F2000FF30DFF87C932061D848BBF8146080460E
:101F30000996B7B20026A7EB060BBBF1020F30D310
:101F40000020229AB1B2CDF800A04FF0FF330E90DE
:101F50007042CDE9031700B2CDE901280022CDE996
:101F600005090EA80B990790204600F01FFA0028DB
:101F700049D1A16EC86C00B9C869BBF1FE0F0DD87C
:101F8000896901EB50022838013AB2FBF1F2514362
:101F9000884238BF01460E98884202D906EB5B069C
:101FA000C9E7DDF82CB0BEB1B0B2229B594652460B
:101FB000F3F773FD0A9C0028BAD005461C3025D1E2
:101FC000DBE90030B74940F68A02CDE90001B349A8
:101FD000B5A0EEF75DFA0A9CA06E5946406AFFF77D
:101FE00083FC002800F0F480012000251490139554
:101FF00013A9584601F032FFDDF88890002800F060
:10200000F9800A9CE7E0DDF82CB00546DDF8889001
:10201000002D00F12181089804F12807D0E9000182
:10202000CDE90C0104F1200009900CAC40F201460E
:102030003F68002F00F0108107F108082146404654
:1020400001F00CFF0028F3D140465946F3F7FFFB9F
:10205000089840F2FF4480452ED0002048452BDAF6
:102060005AF83010C1F30A52C1F38921B24211D09B
:10207000A2421FD1BA888A4202D1BB79022B15D164
:102080008A4217D9511EB980B979022912D1B96A89
:10209000013909E0BA888A420CD3511CB980B97958
:1020A000022907D1B96A0131B96203E04FF0FF316B
:1020B000C7E902110130D1E74C4607F1200BBE8B76
:1020C000B7F80490B14511D3F87F78B10999584613
:1020D00001F0C4FE10B1A9EB0600B8800A98414691
:1020E0005A46FEF72DFF0028E9D003E0DDF82CB0BA
:1020F000A1469AE70546AFE0002D40F0AD800A9872
:10210000074657F8302FD7E90113D7E90456FC6981
:10211000694073403E464C40396A0F94594056F826
:102120000C3F10915A40BB695A4040F2FF339A432A
:102130000E9208BF002C2FD00EAA5946FFF766FA60
:102140000A9C0546002840F08780524A13A90EAB2E
:102150002046FEF744FC0546543018BF15F11C001C
:102160003FF4DCAE0A98CDB176E0B8F1000F00F094
:10217000808020465946424601F076FB0A9C05467F
:1021800002303FF49EAE002D66D198F8170000286B
:102190003FF497AE02253EE70029CDD113A9FEF703
:1021A00077FC0546543018BF15F11C003FF4B6AE5D
:1021B0000A9C002D50D1F3F71CFC60D11599002525
:1021C000CBE90301C4E91255256507CF07C622E70D
:1021D0000A9CDDF88890099880B2002152464B464F
:1021E000CDE900B1029020465946FEF75FFD0A9CFA
:1021F00005460DE70E950EAA0A9C36490023204697
:1022000001F0C8FB0E9D002818BF0546B5F1FF3F41
:1022100022DDE06E411BB1EBD00FDCD92148DBF8A9
:1022200008301E4940F69F0200902BA0EEF730F9CF
:102230000020594652464B46F3F72FFC80B10A9CCA
:1022400005461C307FF4E4AE1449164B2EA040F630
:10225000A902EEF71DF9D4E6284619B0BDE8F08FC3
:102260000A9C0120B8E734480C4940F6C202EEF758
:1022700093FB3048094940F6CF02EEF78DFB064844
:10228000064940F61912EEF787FB00BF00FC0F402D
:10229000B50901080CFCFF7F02AF0108DCB20108A0
:1022A000C109010874BE010825733A25643A7761B3
:1022B000726E3A20556E61626C6520746F20737087
:1022C0006C6974207B307825782C20307825787DD7
:1022D00025730A008D39010825733A25643A64652F
:1022E0006275673A20457870616E64696E67207325
:1022F00075706572626C6F636B20617420726576B5
:1023000020257525730A000025733A25643A776104
:10231000726E3A20556E61626C6520746F2065782C
:1023200070616E64207375706572626C6F636B258B
:10233000730A000006BA010828AF01082DE9F04130
:102340008CB00D4604A91E4617460446FEF7E5FA72
:1023500040BBEA7D1498DDE912188DF82720D5E9F5
:1023600006230290CDE900182046CDE90A2304A9EE
:102370003A463346FEF79AFC002813D4DDE9046799
:10238000012004F12001E8752846C5E9066701F03F
:1023900065FD01460020B8F1000F08BF002901D1FA
:1023A000C4E908670CB0BDE8F08100002DE9F04FEA
:1023B000AFB00D903F981E463E9BDDE938B94FF017
:1023C000000A14460F464FF00008CDE90EAA0B9004
:1023D000DDE93C0E08903B9809903A980C900C99D6
:1023E000CDE9063ECDF828A0A7480C9101EA000AE5
:1023F000304640F2FF316FF39F208842304608BFDD
:1024000001306FF39F202044051DF86885421DD2DE
:10241000386800210423CDE9000510A802900420AB
:1024200003900D980246FEF779F8002840F02181CC
:1024300010982A1D2C4600BA704040F000401090C1
:1024400006463968CDE90E120EAA07E0B9F1010F70
:1024500041DBFBE80202A9F10109109080EA0801C2
:102460001AEA010FC4D18749DDF830E01EEA010FF6
:1024700000F0F7800A9B032B80F0FE80C3EB031172
:1024800011AD013345F8217005EB8101DDE90EC581
:102490000A93C1F81880C1E9049E4FF00008C1E911
:1024A0000C2C8D630B9A069DC1E90952079A0A8488
:1024B000089ACA83099A8A830A1D41F82C0F0020C2
:1024C000079074480B9182E8500800210690002084
:1024D000CDE9080088E7DDF828A00020BAF1000F58
:1024E00011AE00F0C680AAF1010ACAEB0A1106EB90
:1024F000810356F82170D3E909C0D98B03F12C056B
:1025000003F1040BB3F820E0D3F818800B9035CD1D
:102510000891998BCDE90E459BE85008D3E90495C5
:102520001090099157490C950D420DD0099BC0F3AD
:1025300089219BB299426346FFF451AF089B9BB23D
:1025400099426346BFF44BAFC0F30A51634600297A
:102550003FF445AF40F20113994235D0B1F5817F88
:102560000FFA8EF1CDF81CE06ED18902101D4FF0EC
:10257000FF35CDF828A0CDF81480069110990135CB
:1025800000F10C0A0A466FF39F22954216D23D4A8B
:10259000E0461140069A1144D0E9002310F8040CDB
:1025A000194341EA005040F040510B98E0470028A1
:1025B0005FD4C446DDF814805046DFD0DDF828A093
:1025C000DDF81CE063460AE732498C450B463FF4D0
:1025D00006AFCAEB0A1111AB089D0AF1010A43F8D4
:1025E000217003EB810100231746CD83099DC1F8BB
:1025F0001090A1F820E0C1F824C0C1E90C338B632E
:102600004FF000098D830D1D85E850080C9C4FF09C
:10261000FF364FF0000BC1E905480B9C4FF0005806
:10262000C1E90A43C0F389216FF39F200024AEEB78
:102630000003099003EB010E1249634601F1C0410A
:102640000C91411C0891CAE600EB81210B9865466C
:10265000E04700280DD4DDF81CE02B467FF43EAFA8
:10266000BDE67546DDF818C0DDF828A0DDF81CE0F1
:1026700058E72FB0BDE8F08F7B4904A040F2BF328D
:10268000EEF78AF900FC0F000000F07F7370203C29
:102690002033000099260108B0B5194BCA001C462A
:1026A00058BFA4F17F64026882EA010525420DD07B
:1026B000144640F2FF356FF39F24AC4206D0114C14
:1026C000114D0B4014402C43A34204D101210022A0
:1026D00002600846B0BD01F0E043B3F1804F05D180
:1026E000C2F38923C1F389249C4201D90021F0E778
:1026F00041F3912140F2FF3399430A440021E7E777
:1027000000FCFF7F00FC0F000000F04FB0B5054655
:10271000806AF2F7E6FF05D028462146BDE8B040C2
:1027200000F008B80248504941F62402EEF734F9A7
:10273000FEA9010870B50C46064600F02BFD0546C3
:102740003046214601F026FA206D006810B9E06C91
:10275000EDF747FE284670BD2DE9F04798B00546D5
:10276000086B0C46410307D5C10220F480205CBFF2
:102770004FF0FF312164206381034BD5D4F83490AE
:10278000C1023BD40DF10C080027202108F10800FC
:102790008DF81270ADF810700397EFF7E1FB4FF072
:1027A000FF3695E80E1001201297CDE91097179784
:1027B0002E600F90D4E90A70CDE90D7013AF87E851
:1027C0000E100DF10B074946814227D2284641469B
:1027D0003A46012300F04AF800281CD42846214636
:1027E0003A46012300F0B6F8002814D428680130D6
:1027F0001CBF2E601396E06A616BE5E7E16A8945CC
:1028000088BF4946012262F31140A26BC4E90C095A
:10281000C4E90A21002018B0BDE8F087DFF8F4AE63
:10282000DFF89088104F04F14006284631462A46CA
:102830000123FDF75FFD10F154010FD1A36B40465A
:10284000394640F64B52CDF800A0EDF721FE284660
:10285000214600F0A3FB0028E7D0DCE70028DAD10E
:10286000D4E90C01CEE700BFDCB201082DE9F04F3E
:1028700087B00D460646C96A686B814263D9A1EBF1
:102880000009144605F13C0A05F1380B05F1080171
:1028900005F140074B4538BF99460691CDF8149095
:1028A000B9F1000F51D0296B4A0305D5B36EDAF8A0
:1028B0000020DB699A421BD1CA020DD4D5E90A2354
:1028C000CDE9000B30463946CDF808A0FDF744FFAE
:1028D000E0BB296BE86B05E06FF00102CAF800006D
:1028E000CBF80020B26E41F480212963D36900E067
:1028F0001046A3EB0008C14538BFC846C9020AD438
:10290000DBF800103A46CDE90248CDE90010304628
:10291000F3F71FF90CE0A9880D4ACDE9024842EA15
:1029200081213A46CDE9001006993046FEF7D6FEE1
:1029300060B9686BE96BA9EB080944444044414421
:102940006863E963ACE7002000E00598F2F7C2BFD6
:10295000000010202DE9F04F91B0074691F83200A9
:102960009B4616468A46C00612D5DAF83410DAF8C5
:102970002C005944814288BF0846F96F884207D924
:102980003846514600F0B4FA8046002840F03C81B9
:102990000AF140004FF0FF395D460C900AF1380013
:1029A0000890002D00F03A81DAF8300081034FEAF8
:1029B000C0201DD4DAF83440002824D444B3601E6B
:1029C000DAE90A230090089801900DA80C9902906A
:1029D0003846FDF7C1FE002840F01581B96EDAF8DF
:1029E0004C00F3F7A2F8DAF83440CAF8409010E04F
:1029F000B96EDAF83C40C9698C4240F0D980DAF807
:102A00003440002805D56FF00100CAE90E04C7E084
:102A1000002404A8099480E86008F86E3866601EF7
:102A20000A90089800680B90384610A9FDF744FBFF
:102A3000002840F0E880DDF840B038465946FDF700
:102A400035FC10F1540100F08380002840F096809E
:102A5000002C00F09E800A980F90B86EC6690FA9EE
:102A60003046FDF7C4FE0F9901F10109B1452DD1A2
:102A700001300B99002490FAA0F00E91B0FA80F08A
:102A8000042101EB80054FEA8009A54253D0CDE92E
:102A900000B40EA804260C993A460123CDE902069B
:102AA0003846FDF789FCA8BBA1450DD00E98002142
:102AB0003A460423CDE900040EA8029004200390B6
:102AC0003846FDF72BFDE0BB0434DEE70024CDF8EB
:102AD0001C90B9F1000F48D00B98012600213A460E
:102AE0004B46CDE900040EAD3846CDE90256FDF760
:102AF00015FD38BB01200C993A460123CDE900B4FD
:102B0000029503903846FDF757FC60B9A9F1010919
:102B10000134DEE7099C10F154014FF0FF391CBF6E
:102B20000126804612E0099C10F154011ABF0126CB
:102B30008046042608E0CAE90EB54FF000080126D9
:102B400001E001268046099C4FF0FF39042E16D182
:102B50003348E6494FF43C625B4600903148EDF75C
:102B600097FC0C98C0F800905EE7079C049D4FF01E
:102B7000FF39CAE90EB4DDE9056B11E080460DF1BD
:102B8000100BB8F1000F9BE860083DD1DAF83C402B
:102B900006E00024CAE90EB40DF1100B9BE86008B2
:102BA000DAF8300040F40030CAF83000B86EC1697D
:102BB0000C1BA54238BF2C46DAE90E013A46012328
:102BC00003948DE843000C993846FDF7F5FB8046E9
:102BD000543006D13846514600F0E0F90028EBD0D9
:102BE00011E0B8F1000F0FD1F86E2D1B26443866A6
:102BF000DAF83400DAF83C102044CAF83400081936
:102C0000CAF83C00CDE68046DAF8300040F40020F7
:102C1000CAF83000404611B0BDE8F08FD846F9E759
:102C200074BE0108E89B01082DE9F04F89B0824687
:102C3000806A1F461646F2F754FD40F02881B80717
:102C4000089606D5504600F0F1FC0646002840F0F4
:102C50001B819249002004F1040904F10808E06393
:102C6000C4E90C704B46C4E9130108AA504641461A
:102C7000FEF7E2FB0646B0F1FF3F00F1020512DD70
:102C80000120A071DAF82800CAF828402060ADB908
:102C9000F80510D5089E304601F000F9305C78B395
:102CA0006FF01306E8E0002D40F0E680089801F090
:102CB000E5F80028E4D16FF00106DDE0B80519D48D
:102CC00077483040B0F5801F17D1B9F80000800276
:102CD00079051FD404F12801744A0091724940EA31
:102CE000010350464146FEF783FC05460028064690
:102CF0003AD5C1E06FF01006BEE06FF01406BBE0FD
:102D0000304601F0CBF8DAF8701088420AD96FF03B
:102D10002306B1E0216B41F480312163614940EA2F
:102D2000010521E000215F4D0596032307910391E2
:102D3000B9F8001045EA812240EA8120069205F1A7
:102D4000005240F4801042EA8122049050464146ED
:102D5000029202AAFDF71FFE06461C3008BF6FF064
:102D60002306002E40F08880514801950027002559
:102D70008346216D886885422CD2206BC20719D00A
:102D80004868B9F80030C15D3844D0E901020090CC
:102D900042EA015041465A4640EA832040F04053FF
:102DA0005046FEF725FCB0F1FF3F02DC064602303C
:102DB00062D1206B81070AD5216DDAF87820496845
:102DC0003944896891420ED840F4803020630C3732
:102DD0000135CEE7086848B1E064DDF804B0DAF800
:102DE00068108E6A0CE06FF01B0645E0DAF86800A8
:102DF000866A3046EDF7C6FADDF804B0E064B8B391
:102E00003146FF22EFF760FC4FF0FF3025490026E6
:102E10002064234800EA0B00884235D16FF001009E
:102E20006FF39F2BA062C4E91006206BC4F82CB08E
:102E3000BBF1000F40F480102063DAF86800806A6C
:102E4000A06421D0E26CA188009240F2FE32904250
:102E500038BF024642EA81204146144A40F00053FE
:102E60005046FEF7C5FBB0F1FF3F04DD00260BE046
:102E70006FF00B0600E00646206B214640F4002070
:102E800020635046FFF756FC3046F2F765BEC04956
:102E900008A04FF4C052EDF77FFD00BF188E010867
:102EA0000000F07F000010200800002000FC0F70E0
:102EB00000FCFF7F216C66735F6D6C6973745F69E2
:102EC000736F70656E286C66732D3E6D6C697374DC
:102ED0002C2028737472756374206C66735F6D6C3C
:102EE0006973742A2966696C65290000DCB20108DF
:102EF00010B50C46496BE163C16E0166214600F0D6
:102F00004DF800B110BD216B21F48011216310BD7B
:102F1000F8B50746806A1C4615460E4600F030FE9E
:102F200098B1306BC10716D0800305D538463146BD
:102F3000FFF712FC00B1F8BD384631462A46234659
:102F400001B0BDE8F040FFF791BC0648064941F6E4
:102F50004602EDF721FD044904A040F6DF52EDF7EB
:102F60001BFD00BFFEA90108DCB201082866696CE0
:102F7000652D3E666C6167732026204C46535F4F7B
:102F80005F52444F4E4C5929203D3D204C46535FE3
:102F90004F5F52444F4E4C59000000002DE9F04F56
:102FA00089B0054600F1100601F140000C460DF114
:102FB000200A0DF11F08069001F10800059028462F
:102FC0005146FDF779F800286ED1089F284639460A
:102FD000FDF76CF98346543040D0BBF1000F65D14A
:102FE000CBF1000AE06B0121834544D20AEB0003D8
:102FF00094F83200C0060CD4A06BCDE9028106998A
:103000002A464FF00109CDE9000B2846FDF786FA64
:103010000EE0A088874ACDE902814FF0010942EA1B
:103020008020DDE90512CDE9000B2846FEF756FBAE
:10303000D0BB284631462A460123CDE9007BCDE9A5
:103040000289FDF7B9F920B9AAF1010A0BF1010BC8
:10305000C8E710F1540127D10DF1200A1448A54901
:1030600040F6FC423B4600901248EDF711FA4FF053
:10307000FF303060A3E7AA6EE06CE969926AEFF76F
:10308000DEFA05F1100304F14006E8690ECB0EC626
:10309000A96EF2F74AFD4FF0FF30A7632861206B5D
:1030A00040F4003020630020F2F756BD5846FBE79D
:1030B00074BE0108E89B01082DE9FC410646806AC0
:1030C0001F4614460D4600F05BFD002847D0686B94
:1030D0008FB1022F04D0012F14BF044604440AE02C
:1030E000E96A0A46884288BF024695F832309B0753
:1030F00058BF0A461444716F8C4284BF6FF01500AC
:10310000BDE8FC81A04224D095F8321049071BD5B8
:10311000B16ECF69E96BB94216D0019001A938466A
:10312000FDF765FB8046694638460094FDF75FFB76
:10313000804509D1696C0098884205D3AA6C114476
:10314000884201D2E86306E030462946FFF704FBD7
:1031500008B1BDE8FC8120466C63BDE8FC81644891
:10316000644941F66A02EDF717FC00BFB0B50546A9
:10317000806AF2F7B6FA05D028462146BDE8B0408D
:1031800000F008B85A485B4941F63402EDF704FCF8
:10319000DCB2010870B586B0054691F83200000730
:1031A00044D428460C46FFF7D7FA216B18B141F4F6
:1031B000002121633BE0C80338D5264656F8080FA6
:1031C000013033D0E068013030D0C80207D405F1B7
:1031D000100128462A46FDF78BFA40BB216BC80236
:1031E00006D4D4E90A01CDE90401134804A903E097
:1031F000E06A104AE16C10430191A188022340EA81
:1032000081200090206DD0E90102039042EA8120E4
:103210006A46314640F0815002902846FDF7BBFBDC
:10322000216B0028C3D121F480302063002006B038
:1032300070BD00BF00001020080020202DE9FC47D1
:103240000746806A99469046F2F74BFA44D0206BC5
:10325000810747D5410307D538462146FFF77CFA59
:1032600008B1BDE8FC87206B656B010504D5E16AF8
:103270008D423CBF61630D467A6F05EB09019142B7
:1032800084BF6FF01A00BDE8FC87800316D4E06AA3
:10329000854213D94FF0000A0DF107066063606B99
:1032A000A8420BD238462146324601238DF807A0AA
:1032B000FFF750FBB0F1FF3FF1DCD2E73846214683
:1032C00042464B46FFF746FB0028CAD4216B21F447
:1032D00000212163BDE8FC870548064941F65802F4
:1032E000EDF75AFB034904A040F64662EDF754FBA4
:1032F000FEA90108DCB201082866696C652D3E66EE
:103300006C6167732026204C46535F4F5F57524FC6
:103310004E4C5929203D3D204C46535F4F5F57523C
:103320004F4E4C590000000070B596B0044600F0B6
:10333000E1FB054600283FD1D4E91901C96AEEF73F
:1033400029FBD4E91A0100266665E6652166C06A94
:10335000B1EBC00F88BFC100A16520460EA9FDF7E3
:10336000DCFA08B1054625E0F94804F16805089043
:1033700008A80790F7480690154805901548CDE92C
:103380000360154802902FCD0AAE2EC60323C069F4
:1033900009900EA902AAF2F7C8FA054650B900260C
:1033A0002046002200238DF84E600EA9FDF7F3FAA7
:1033B000054620B1F2F79AFB284616B070BD0120F1
:1033C0006A46CDE900600EA92046FDF7B9FDC9E7C0
:1033D000CCBC01080800F00F000010402DE9F04FB0
:1033E000A9B0824605463AF8300F80054FF000003C
:1033F00000F0E88005F1480019AF4FF00008069092
:1034000081F0010007F1180B079021AC04F11806B8
:10341000B8F1010F00F3CE8020466DA1F2F717FA44
:10342000B8F101004FF0000918BF012007990843C7
:1034300008900020013000F0B3802898013000F09F
:10344000AF80284639463246FDF77AFD002840F025
:10345000B9809DF89B0028B120463946F2F7F7F96C
:103460002798E7E72846314611AA00F093F903466A
:10347000B0F1FF3F00F1020002DC002840F098802C
:10348000B8F1000F13D190B10FA8654A00902846FB
:1034900011A9FEF7ADF8002800F19480279B0F9842
:1034A00098422BD1289A10999142D5D028E06FF0FC
:1034B0000100181A18BF012008990843CCD1DDE992
:1034C00027304B4941F2D632CDE900019F4949A04E
:1034D000ECF7DEFF069A28463946FEF797F80028F3
:1034E00070D19DF87B003949CDF828B0012341EA1D
:1034F000005021460990284609AA46E01099289ACA
:10350000904208BF9942A7D0CDE9002038480291E7
:103510008E4941F2AD3203904248ECF7B9FF504674
:10352000214600F0D9FA08B3CDF814B0D346D5F847
:1035300030A0DDE9213041F2B732CAF38921CDE96B
:1035400000012B48814902903748ECF7A1FF002089
:103550008F49C5E90D00286B6FF39E2028630AEAA6
:103560000100DA46DDF814B0884201D1002001E004
:10357000854908430FA902230E9114490D9100219A
:10358000CDE90B01284621460BAAFEF72BFA0028AD
:1035900018D40338B0FA80F0400949EA00095FE71F
:1035A00008F101085FEAC97018BF4FF000082FE763
:1035B000184607E095F83000404241B2284600F036
:1035C00089F9002029B0BDE8F08F00BF08FC0F602A
:1035D00000000000000000000000000000000000EB
:1035E00000000000000000010000000001000000D9
:1035F00074BE010825733A25643A64656275673ABA
:1036000020466978696E67206F727068616E207BF2
:10361000307825782C20307825787D25730A0000B5
:1036200000FCFF7F3E9C0108AE9A010870B594B083
:10363000044690F83100800739D4E06B10F0E04F79
:1036400030D02546334AC0F3892055F8403F696899
:1036500002924FF49B52CDE900103C493EA0ECF79A
:1036600017FF494E55F8041C06F140500840B0427F
:103670004AD10CA920462A46FDF762FCE8BB00208F
:10368000E26B216B0123C4E90D00079040486FF302
:103690009E2110402163304306900CA906AAF2F740
:1036A00044F950BB20460121FFF798FE25E0606AEF
:1036B0001849254641F2373255F8203FCDE900013F
:1036C000224915A0ECF7E4FE0CA920462A46FDF796
:1036D00037FC90B91E4804F16805069006A80590CD
:1036E0001C4804902FCD08AE2EC60123C069079058
:1036F0000CA904AAF2F719F908B114B070BD206B37
:1037000020F40070206398E72048104941F26432A9
:10371000EDF742F974BE010825733A25643A6465F1
:103720006275673A20526577726974696E672073B3
:1037300075706572626C6F636B207B307825782CB6
:1037400020307825787D25730A000000DCB201085E
:10375000010002001800102025733A25643A6465C0
:103760006275673A20466978696E67206D6F766585
:10377000207B307825782C20307825787D20307893
:10378000257825730A0000000000F04F58B10108A9
:1037900000FC0F002DE9F04F8BB0064600201746C5
:1037A00014460D460DF11C0C0DF11C0847F8180FBE
:1037B00001207860C54890E80E00C0680A90C448AF
:1037C000ACE80E000021824619488346481C27D0E9
:1037D000E069013024D02046414601F04BF8002832
:1037E00020D4D5E90001CDF800A03A465B46CDE9EA
:1037F000046000200691214601900C48029004A824
:1038000003903046FDF7AAFB014610B1881C08461C
:1038100000D148468A1C00D021B939688146D5E7D5
:103820006FF001000BB0BDE8F08F00BF3538010824
:10383000FF03F07F70B586B0044600680825816EEE
:10384000CB69D2E9001204AE03958DE8460000F181
:1038500010010246FCF762FE18B9211D04A800F011
:10386000FDFA06B070BD00002DE9FF4106460020BC
:1038700017460D4601211446E84647F8180F7960AF
:10388000924991E80C10C9688DE80C100391013041
:1038900015D0E069013012D02046414600F0EAFF21
:1038A00000280FD43846294600F0D8FA68B13046CF
:1038B00021463A46FDF744FB40B93868E7E76FF028
:1038C000010003E06FF0530000E0002004B0BDE809
:1038D000F08100BF026B13466FF39F2353B1B3F522
:1038E000FF7F0AD9012908DB19490BA041F21C32DC
:1038F000EDF752F8B1F1FF3F08DD11448A0521F0E0
:10390000004118BF01F1004101637047104911A047
:1039100041F21B32EDF740F86C66735F7461675FCC
:1039200073697A65286C66732D3E6773746174657C
:103930002E74616729203C203078316666207C7CBB
:10394000206F727068616E73203C3D203000000073
:10395000DCB201086C66735F7461675F73697A65D6
:10396000286C66732D3E6773746174652E7461678D
:1039700029203E203078303030207C7C206F7270DF
:1039800068616E73203E3D20300000000168013107
:10399000F1F71FBF2DE9F04F93B004930D460BAF25
:1039A000494914468346F2F759F8484807AE07F1EB
:1039B00018080DF1140A90E80E00C0680A900EC6AF
:1039C000002007A9013055D01298013052D0384656
:1039D00000F050FF002872D40626082E07D057F8B2
:1039E00026102046A84701360028F6D069E0584640
:1039F00039464246FDF7A4FA002862D1CDF80C8082
:103A0000BDF840804FF00009C1452ED03048314A02
:103A10003946CDF800A040EA89235846FDF7E8FD75
:103A2000B0F1FF3F0BDD000D40F2022188420BD1C7
:103A3000DDE905300021F1F7EEFE10B141E0811C17
:103A40003FD109F10109DFE7B0F5007FF9D1049812
:103A50000028F6D00026022EF3D05AF82610204671
:103A6000A84701360028F6D02BE01198DDF80C802D
:103A700007A9A7E70BF128063668F6B1B079012847
:103A8000FAD1306B00F48811B1F5803F07D1D6E947
:103A90000A3006F14001F1F7BEFE90B9306B00F438
:103AA0009010B0F5003FE7D1D6E90D0306F14001D3
:103AB000F1F7B1FE0028DFD003E0002001E06FF055
:103AC000530013B0BDE8F08F58870108088701083C
:103AD0000800002000FC0F70C27812F0700F04BFC5
:103AE0000020704780B5043000F0B8F9B0FA80F0DB
:103AF000400980BD2DE9F041204904464FF4805033
:103B0000C4E91A104FF48070ECF73CFCE06078B325
:103B100005464FF48070ECF735FCE06140B3064693
:103B2000F1F7C4FFFF224FF48078FF27EEF7CCFDBA
:103B30004FF0FF3530464FF48071FF222560EEF7DD
:103B4000C3FD10202561ECF71DFC606680B140F2DA
:103B5000FE306FF00041C4E90855C4E91C71C4E9A6
:103B60001E0804F128002C21EEF7FAF9F1F76CBFDA
:103B7000F1F7BCFF6FF00B00BDE8F0815C8E01082F
:103B8000884218BF002801D00068F9E7002818BF54
:103B90000120704728300246006818B18842FAD1E7
:103BA00008681060704700002DE9F04F99B0044696
:103BB000FFF7A0FF0746002840F0F78011AE7D49CF
:103BC00020223046EEF73BFD7B480DAD06F1180B89
:103BD0004FF0000990E80E00C068109077480EC5BD
:103BE00004F13005824678488046179801307ED02F
:103BF000189801307BD030460DA900F03BFE00281C
:103C000073D40820CDE9008931465A4653460C90BA
:103C10006B48CDE90A406B4802900AA80390204601
:103C2000FDF79CF90746002800F1BD8055D06FF3E1
:103C30009F2740F2FF3087424FD0DDE91101634BEF
:103C40005246C4E9080104A8314600902046FDF719
:103C5000CFFC002849D404990B0C88B2022B6ED1FA
:103C600002286BD208B1002010E00220684941F21E
:103C7000C7120223CDF80090019001200290544811
:103C8000039054A0ECF704FC4FF400702968079BE4
:103C900021F40071084328601BB1206F834261D872
:103CA0002367089B1BB1606F834263D86367099BDE
:103CB00043B1A06F834264D8E06FA367984238BFD6
:103CC0000346E367A06E069B016A09B18B425FD190
:103CD000E366059BC06983423DD1204631462A46B2
:103CE000FDF794FC00283FF480AF07465BE0D4E981
:103CF0000C3053EA000102D1A16B002059B1A16B35
:103D000041F21222CDE90001314841490290524866
:103D1000ECF7BEFB206B00EBD070E16E04F13C06CB
:103D200000272063E06A2CCDC4E917712CC6B0FBD4
:103D3000F1F202FB1100C4E9150736E0022302226A
:103D40000121CDE9000222480291314941F2B81225
:103D50000390404823E01E494FF49052CDE9000102
:103D60003B481BE01A4941F2D212CDE90001284933
:103D700028A014E0164941F2DD12CDE900013148D6
:103D80000CE0134941F2E812CDE900012E4805E0AC
:103D90000F4841F2F712CDE900102C481C49ECF70E
:103DA00077FB6FF01507F1F7A1FE384619B0BDE8B3
:103DB000F08F00BF588701080887010800FCFF7FCB
:103DC000CCBC0108B11501080800F00F1800102044
:103DD00074BE010825733A25643A64656275673AD2
:103DE00020466F756E64206F6C646572206D696E1D
:103DF0006F722076657273696F6E207625642E254A
:103E000064203C207625642E256425730A0000007A
:103E1000DCB2010825733A25643A6572726F723A12
:103E200020556E737570706F72746564206E616D6D
:103E3000655F6D617820282575203E202575292530
:103E4000730A0000599B0108889B01082A9B0108FE
:103E5000FC9A0108B79B01080A9C01080A680368DC
:103E6000934205D049684068884218BF8B4201D10F
:103E700000207047801A18BF01207047B0B5044673
:103E800000F00CF8074905462044ECF7F7FD2844FC
:103E9000205CB0FA80F04009B0BD00BF0149ECF7EA
:103EA000CBBD00BFF7AE0108F0B599B0044616913E
:103EB000FFF7BCFB08B119B0F0BD0EA916AA204649
:103EC0000023FDF7B9FA0546002807D43D4805EA66
:103ED0000006864204D16FF01500ECE72846EAE7B9
:103EE000A06A6FF31305B5F5001F049028D117A839
:103EF000364A009034480EA946EA00032046FDF7F2
:103F000077FB0028D7D404AF17AA204607F1080191
:103F1000FDF716F80028CED1BDF82C106FF0260062
:103F20000029C8D19DF82F100029C4D120460121B5
:103F3000FFF7D0FC0020A762ADF814008DF8160042
:103F40000020012303902248304302900EA902AAC8
:103F5000F1F7EBFC04990028A162ACD1208E80051A
:103F600027D0B5F5001F26D1F1F7F5FB04AE0EAA58
:103F7000204606F108052946FFF776FC00289AD16D
:103F800004F1480220462946FDF740FB002892D163
:103F900006F120001949012318909DF82F0041EAED
:103FA000005017900EA917AAF1F7BFFC00287FF464
:103FB00082AF00207FE7104906A040F65D72ECF763
:103FC000EBFC00BF00FC0F000800002000FC0F709D
:103FD0000000F04F6C66735F7461675F74797065A1
:103FE000332874616729203D3D204C46535F545966
:103FF00050455F4449520000DCB2010808FC0F60E4
:1040000010B50C46B1F5805F06D31AA02146ECF737
:104010003FFA6FF0150010BD0948006840B1026911
:1040200032B1074821469047024610B9002010BD22
:10403000012204A02146ECF72BFA6FF0040010BD1A
:10404000FC03002053504920666C61736820657240
:10405000617365206572726F7220617420626C6F8B
:10406000636B20256C752C207265743D25640D0AE8
:10407000000000004C46532065726173653A206968
:104080006E76616C696420626C6F636B3D256C7544
:104090000D0A000010B512480068B8B10168A9B156
:1040A0000F4C20468847014688B92068A8B1016BAB
:1040B00099B10B48884701464FF6FF7081420DD0F9
:1040C00061B108A0ECF7E4F9002010BD012116A0B1
:1040D000ECF7DEF94FF0FF3010BD00210AA0F7E742
:1040E000FC03002053504920666C61736820696EA0
:1040F000697420737563636573732C2049443D3084
:1041000078253034580D0A0053504920666C61738D
:104110006820696E76616C69642049443A20307881
:10412000253034580D0A000053504920666C6173E5
:104130006820696E6974206661696C65642C207200
:1041400065743D25640D0A00B0B5114D002818BFF7
:1041500005462846FFF728FDA0B101460DA0ECF763
:1041600097F92846FFF7E0F810B1044614A005E0DF
:104170002846FFF719FD28B1044618A02146ECF7A0
:1041800087F903E01DA0ECF7F1FB00242046B0BD49
:10419000A88D00204C4653206D6F756E74206661AB
:1041A000696C656420286572723D2564292C20663F
:1041B0006F726D617474696E672E2E2E0D0A000089
:1041C0004C465320666F726D6174206661696C6540
:1041D000642C206572723D25640D0A004C46532004
:1041E00072656D6F756E74206661696C65642C20F4
:1041F0006572723D25640D0A000000004C46532094
:104200006D6F756E74656420737563636573736633
:10421000756C6C790D00000070B50020049CB0EB4B
:10422000113F03D1A018B0F5805F06D91FA0234627
:10423000ECF72EF96FF0150070BD0C4802EB01355C
:10424000006850B1C66846B108481A462946234658
:10425000B047034610B9002070BD012304A02946D1
:104260002246ECF715F96FF0040070BDFC03002046
:1042700053504920666C61736820777269746520B9
:104280006572726F7220617420616464722030788C
:104290002530386C582C2073697A6520256C752C74
:1042A000207265743D25640D0A0000004C465320C1
:1042B00070726F673A20696E76616C696420706114
:1042C00072616D732C20626C6F636B3D256C752C75
:1042D000206F66663D256C752C2073697A653D25D7
:1042E0006C750D0A0000000070B50020049CB0EB56
:1042F000113F03D1A018B0F5805F06D91FA0234657
:10430000ECF7C6F86FF0150070BD0C4802EB0135F4
:10431000006850B1866846B108481A4629462346C7
:10432000B047034610B9002070BD012304A0294600
:104330002246ECF7ADF86FF0040070BDFC030020DE
:1043400053504920666C6173682072656164206512
:1043500072726F72206174206164647220307825FB
:1043600030386C582C2073697A6520256C752C20A8
:104370007265743D25640D0A000000004C46532010
:10438000726561643A20696E76616C69642070615F
:1043900072616D732C20626C6F636B3D256C752CA4
:1043A000206F66663D256C752C2073697A653D2506
:1043B0006C750D0A0000000080B50948006838B12E
:1043C000C16929B106488847014610B9002080BD5F
:1043D000012104A0ECF75CF86FF0040080BD00BF81
:1043E000FC03002053504920666C61736820737988
:1043F0006E63206572726F722C207265743D256445
:104400000D0A0000B0B5054690F8F40058B168698F
:1044100005F11801FEF77AF938B101460748ECF7C3
:1044200037F8072407E0002405E0002404A085F8FD
:10443000F440ECF79BFA2046B0BD00BF809801081D
:104440004C465320736F7572636520636C6F7365A0
:10445000640D00003AB32DE9F041C2B0476904464B
:104460001FB304F118080E46542115464046EDF7D7
:1044700077FD012084F8F50026B104F16C00314687
:10448000F1F73AFB002004F16C066A4684F8EB0071
:104490003846314600F0B4F848B1024616A031461D
:1044A000EBF7F6FF1AE002207047022017E09DF8B4
:1044B000000001280ED10198414632460123C4F87C
:1044C000EC00286001256069FEF7AEFB50B10246A2
:1044D0001AA0E4E711A03146EBF7DAFF032042B05F
:1044E000BDE8F081D4F8EC201CA0314684F8F450EB
:1044F000EBF7CEFF0020F2E74C46533A2066696C9A
:1045000065206E6F7420666F756E642025732C2095
:104510007265733D25640D0A000000004C46533A55
:10452000206E6F74206120726567756C6172206601
:10453000696C652025730D0A000000004C46533A53
:10454000206F70656E206661696C65642025732C30
:10455000207265733D25640D0A0000004C4653200F
:10456000736F75726365206F70656E65643A2025A0
:10457000732C2073697A653D256C750D0A00000067
:10458000A1B1B0B51C469BB113460A4690F8F41091
:1045900081B1456900F118012846FEF7B9FC0146D2
:1045A000B0F1FF3F0ADD00202160B0BD022070475E
:1045B0000220B0BD0BA0ECF7D9F902E002A0EBF7A6
:1045C00067FF0520B0BD00BF4C46533A20726561BD
:1045D00064206661696C65642C207265733D256C8E
:1045E000640D0A004C46533A20726561642066618E
:1045F000696C65642C206E6F74206F70656E0D00A1
:1046000070B58AB00991144601A909AA002305468C
:10461000FCF712FF0646002815D409982F21ECF765
:1046200001FA28B130466FF31300B0F5001F08D12E
:10463000C6F3892201A928462346FDF709F8064654
:1046400001E06FF0130630460AB070BD70B5044645
:1046500090F8F40070B104F1180660693146FEF775
:1046600085FD054660693146FEF750F825B10AA080
:10467000294604E0002505E0014628B10D48EBF786
:1046800007FF0725284670BD00250BA084F8F450CD
:10469000ECF76CF9F6E700BF4C46533A2073796E9D
:1046A00063206661696C65642C207265733D2564C6
:1046B0000D0A0000809801084C465320746172670F
:1046C000657420636C6F7365640D00002DE9F84319
:1046D00046693EB300F118070C4605465421904642
:1046E0003846EDF73DFC4FF0000985F8F59024B110
:1046F00005F16C002146F1F7FFF905F16C04304635
:10470000394640F20253C5F8EC8085F8EB9022461A
:10471000FEF78AFA40B102460AA02146EBF7B8FE3E
:1047200004260CE002260AE001200026214642462B
:1047300085F8F4000BA0C5F8F060EBF7A9FE304651
:10474000BDE8F8834C46533A206372656174652076
:104750006661696C65642025732C207265733D2544
:10476000640D0A004C465320746172676574206FB3
:1047700070656E65643A2025732C2073697A653DF7
:10478000256C750D0A00000022B3F8B51C461BB35A
:10479000064690F8F40008B3D6F8F00017460D4628
:1047A000884209D0706906F118012A460023FEF7F5
:1047B00083FCB0F1FF3F19DD706906F118013A463C
:1047C0002346FEF73BFDA0420CD16019C6F8F0006D
:1047D0000020F8BD022070470220F8BD1DA0ECF7B4
:1047E000C5F808E0014610A0224602E0024603A0F8
:1047F0002946EBF74DFE0620F8BD00BF4C46533A64
:10480000207365656B206661696C65642061742046
:104810006F666673657420256C752C207265733D18
:10482000256C640D0A0000004C46533A20777269EB
:104830007465206661696C65642C207265733D2522
:104840006C642C2065787065637465643D256C75B7
:104850000D0A00004C46533A207772697465206651
:1048600061696C65642C206E6F74206F70656E0DCD
:1048700000000000B0B50B6882699A4204D14C6810
:10488000C569A54201D105E04C68A2420CD1C469BA
:104890009C4209D11649174B0AA041F27012EBF75E
:1048A000F7FD6FF05300B0BDD1E90234A34205D14A
:1048B0000A605A000023C069CA604860581C8860BA
:1048C0000020B0BD25733A25643A7761726E3A20B4
:1048D0004379636C652064657465637465642069FD
:1048E0006E207461696C206C69737425730A000012
:1048F000DCB2010874BE01088EB08C4D4FF6FF0289
:10490000D5F8000440F40070C5F80004D5F80004A0
:1049100040F48060C5F80004D5F8000440F48070CD
:10492000C5F80004824801681140824A11430160C1
:104930000F20EEF7F9FC00207F4E0990696C41F4DE
:1049400080416964696C01F4804109910999099079
:104950007246F0F733FF96467246F0F72FFF964601
:10496000306840F480403060306800F48040099046
:104970000998A86800F00C00042816D0A86800F078
:104980000C00082802D1686840020ED4286840F460
:1049900080302860DFF8FC0A816A2A68920305D417
:1049A000826A521A642AF8D98AE02868286CC00002
:1049B0000AD400210991296C41F080512964296CA5
:1049C00001F08051099109993168C9050ED4316807
:1049D00041F480713160DFF8BC1A8A6A3368DB0504
:1049E00004D48B6A9B1A022BF8D969E0296FDFF88F
:1049F000A47A41F2883241F001012967B96A2B6F2C
:104A00009B0704D4BB6A5B1A9342F8D958E000288C
:104A100003D4286C20F080502864A86800F00C00B3
:104A2000082835D16868454908404549884247D13A
:104A3000D5F8000400F00700042808D8052085F800
:104A40000004D5F8000400F0070005285DD1A8682F
:104A500040F4E050A860A86840F46040A860A868EE
:104A600020F0F000A860286880014ED5A8680221D7
:104A700061F3010041F28831A860B86AAA6802F0C7
:104A80000C02082A1ED0BA6A121A8A42F6D93CE0F1
:104A90002C4800210160B96A2A68920104D5BA6ADB
:104AA000521A022AF8D90BE02549696001210160F8
:104AB000B86A29688901BBD4B96A091A0229F8D9E8
:104AC00072B6FEE7D5F8000400F00600062808D10B
:104AD000052085F80004D5F8000400F0070005283B
:104AE00013D1A868052161F38C200421A860A8686F
:104AF00061F34F30A860A86800F00C011248082943
:104B000005D0042930D111482EE072B6FEE769685D
:104B10006B6801F03F0269685B02C1F3881117D42A
:104B2000A1FB00010023EDF712FD15E00038024063
:104B30000CED00E00003FA0500700040FF7F430F1A
:104B4000042A4007600047420024F40000127A0063
:104B5000CA484843B0FBF2F069680222C1F3014140
:104B600002EB4101B0FBF1F0A9680FF62C124FF0F7
:104B70001008C1F30311515CC840DFF82C194860DC
:104B8000387A00284FF0100018BF0F20EEF7CCFB4A
:104B90004FF00009BA494FF0010ACDF83490CDF832
:104BA0002090286B8B4640F004002863286B00F0AF
:104BB0000400F0F792FE40F080002863286B00F0BC
:104BC0008000F0F78AFE40F001002863286B00F0B7
:104BD0000100F0F782FE40F002002863286B00F02D
:104BE0000200F0F77AFE40F008002863286B00F01E
:104BF000080008900898A34841F800804FF48020EE
:104C000088610220CDE9098ADFF8A888CDE90B90F8
:104C10009D4809AC214600F580300690C04704202D
:104C20002146CDF83090CDE90AA909905846C047F1
:104C300008202146CDE90A9A09909448C047CDF84A
:104C40002490DFF878880021286B40F480002863E6
:104C5000286B00F48000099009983A20C0478C4CDA
:104C60004FF08060022160603B20C0474FF0006041
:104C7000022160604520C04720200021A06046201E
:104C8000C047844A40200C234FF4E131A246A06083
:104C9000DFF82C0802F51052C0E90021C0E90299A2
:104CA000C0E90493C0E90699EFF74AF9002840F0FB
:104CB000E280DFF81088744B802040F2CF715322DD
:104CC000C8E90032C8E90291C8E90499C8F8180097
:104CD0009B4698F83D00002800F0EA8002204FF043
:104CE000010C88F83D00DBF8001021F07000D8F8C6
:104CF00008105A4601435846D8F8103021F4407144
:104D00001943D8F80440D8F80C20D8F81830BCF172
:104D1000000FC262846204D15B4A02F58062904255
:104D200002D1D8F814200263026821F080011943EF
:104D300042F00402026001224261016088F84620CC
:104D400088F83E2088F83F2088F8402088F84120E5
:104D500088F8422088F8432088F8442088F84520C5
:104D600088F83D2098F83C10012900F08480022149
:104D70004FF6777488F83D108368A343836088F802
:104D80003D2088F83D1088F83C20B0F1804F426803
:104D9000816822F07002426014D03F4A904211D0E4
:104DA0003E4A90420ED03E4A90420BD03D4A90423D
:104DB00008D0354A904205D03B4A904202D03B4A47
:104DC000904202D121F0800181600120314B88F8AE
:104DD0003D00002088F83C0097F84510F9B997F895
:104DE000451007F13C02DFF8F836505497F84510AB
:104DF00002EB81014B60274B97F8451087F837008D
:104E00001144087242F63A71A7F8351097F8451028
:104E100001F13002013187F8342087F84510DFF8BE
:104E2000C446FF217F220B90CDE909000790C4E919
:104E30000030C4E90221C4E90400A061607F0028B9
:104E400040F0BD80002020770890286C40F0805012
:104E50002864286C00F0805008900898306840F46E
:104E600080703060B86A3168C90500F18880B96A1D
:104E7000091A0229F7D9EDF706FE00BF00127A00E1
:104E80000004024018FCFFFF00000140000C02403B
:104E900000E100E00028004000040040000800405D
:104EA000000C004000180040000401400040014098
:104EB000002000215C4688F83C000990686C40F0B6
:104EC00001006864686C00F00100099009981920DD
:104ED000EEF756FA4FF00070CAF80000022088F88A
:104EE0003D00D8F80000B0EB0B01B1FA81F14FEAB8
:104EF000511C01683FF4F9AEB0F1804F0BD06D4BFF
:104F0000984208D06C4B984205D06C4B984202D026
:104F10006B4B984204D1D8F8083021F07001194346
:104F2000B0F1804F3FF4E8AE624B98423FF4E4AEFC
:104F3000614B98423FF4E0AE614B98423FF4DCAEE7
:104F4000604B98423FF4D8AE5F4B98423FF4D4AEEA
:104F50005E4B98423FF4D0AE584B98423FF4CCAEF3
:104F60005B4B98423FF4C8AE5A4B98423FF4C4AEF4
:104F7000594B98423FF4C0AE4FF0000CC1E6286F89
:104F800040F4807000F440715448B1F5807F0BD03C
:104F9000296F01224260002221F44071426029679A
:104FA000296FC90740F06482A9684D4B21F4F811BC
:104FB000A960296F41F480712967012101600220F5
:104FC0006077D868C0062FD4CA20DFF81865586209
:104FD000532058623046F0F7D5FD002840F0548247
:104FE00096E803503F4B82681A4082603269114351
:104FF00072691143826811438160C0F810E0016951
:1050000041EA0C4101613046F0F7DEFD002840F036
:105010003B823068B169026C22F480220264026C27
:1050200011430164FF214162012060770020CDE936
:105030000C008DF82600ADF8240009A92046EEF7F3
:10504000EDFD00287FF417AF27480790DFF89404A0
:1050500007A9EEF781FD00287FF40DAFDFF8886423
:1050600000240A204FF0020E4FF4007101234FF488
:105070008272C6E90A401D48C6E90844C6E9034EE3
:10508000C6E90531F46100F5405086E8150096F850
:1050900051306BB300234FF000094FF001084FF07F
:1050A000020B4FF0000A4FF0000C0593CDE90333DB
:1050B00067E000BF00040040000800400004014019
:1050C000000C004000180040001C00400020004080
:1050D0000040014000480140004401403C0E47426E
:1050E00000280040BFFF8FFF0101010000000140C8
:1050F00086F850400994686C40F480506864686C8D
:1051000000F48050099009980894286B40F0010041
:105110002863286B00F0010008900520CDE90AE41F
:105120000D9003200C90E0200990089809A906989A
:10513000EEF728F8D6E90001B26A06F11C0ED6E9AE
:1051400003AB9EE800520EF010030291B16802F426
:1051500000524FF0020E0BF0020B0AF4006A0593A6
:1051600004920CF0800209F0380901910392D6E90B
:105170000581019A08F0010802F4044C029A02F435
:10518000827286F851E042EA0C02D0F800E042EA6E
:105190000A0242EA0B02DFF854B32EF0400342EA5F
:1051A0000802036001F400731A43039B42EA0902F8
:1051B0001A43049B1A430260042202EA1141059A31
:1051C0001143BB4A4160C16902F5805221F400617C
:1051D000C1610C2074654FF4E131CBE90244CBE9A5
:1051E0000644CBE904400120CBE9002186F85100B8
:1051F0005846EEF7A5FE00287FF43DAEDBF8000030
:10520000C16841F01001C160C16841F02001C16076
:10521000B748B86497F84D1061B9002187F84C1071
:105220000991696B41F040016963696B01F04001CC
:10523000099109994FF002094FF00108002487F8FD
:105240004D90016841F004010160994887F84D8054
:105250003C6500F53051A74802C01821ECF780FEEC
:10526000A548A94B9149A5A24FF080754FF4602E37
:105270004FF0040CC0E90F32A44AC0E9124106996C
:105280001023A0F850C0A0F84440C2E90746A24E3F
:10529000C2E909139EA31472A449C2E900634FF442
:1052A00080734FF4805613834FF48033C2E9035662
:1052B0009C4D9D4E5361994A994BC2E9031E9C49EE
:1052C00082E86800C2E9054C9562D46182F82C40FE
:1052D000C2E90C4482F83E409487984B984DDFF821
:1052E000E0C1A54EC2E908419249934A81E82C00E9
:1052F000C1E9044481F80C90C1E9B244A1F8D0425C
:10530000904991A29A4B9B4D40F8281F40E9051205
:1053100091A1954A40E9024C00F80C4CC0E9034BBE
:105320000472416041F2100154529049D060786992
:105330008B60C1E9044481F80C80C1E90065A1F8E3
:10534000F440C1E93B448D498DA31AC208B9904885
:1053500078619048C0F80CC1D0F81411C0F8101151
:10536000FEF798FE574991F83D00012828D1022008
:1053700081F83D000868C168B0F1804F41F001013B
:10538000C16014D05049884211D0504988420ED093
:10539000504988420BD05049884208D0444988423D
:1053A00005D04E49884202D04949884204D18168DB
:1053B00001F00701062903D0016841F001010160F5
:1053C000EDF7E0F90128794875A173A208BF1146ED
:1053D000EBF75EF8384877A10069000774A058BF62
:1053E000014676A0EBF754F87D487EA10122F7F73D
:1053F000D1F918B101467C48EBF74AF8BC6A3D4D3B
:10540000DFF8E8812846EEF77BFC0646B86A001B09
:1054100064280AD80120EDF773FD06F00E00062877
:10542000F0D0042E04D1DFF8C8814046EBF79EFA95
:10543000184C2348012240F2DC532146EEF7BEFE11
:1054400048B9207840F020006D2804D16948EBF776
:105450008DFAEFF75DF868480168B1F15A3F06D15F
:10546000002101606548EBF781FAEFF751F8FEE79C
:10547000B96A41F289322B6F9B073FF595ADBB6A44
:105480005B1A9342F7D3F6E43068FF214162EDF7EF
:10549000FAFA00BFD0010020000000000000000068
:1054A000010203040607080904000020000402406A
:1054B0000000014085310008000C024081330008E3
:1054C000608D0020D08C00200004004000080040C7
:1054D00000040140000C0040001800400040014062
:1054E000F4850108B0020020788C0020188D00207F
:1054F00000080650F48B00203C0200207374617495
:1055000075735F6C65640000E48B0108FC03002088
:10551000773235713132380074C10108045F0020E0
:10552000948C0108BFB8010800000208FFFF0F08B3
:10553000C08C0108305C00203C8B0108488B0108BE
:10554000D9BC01083CC1010875617274345F636F96
:105550006E736F6C650000007573617274315F6506
:1055600073703832363600001C4A0020445F002039
:10557000D5BC0108B08E0108508E0108B08A010820
:10558000657370383236365F7769666900000000EF
:10559000C89301080C00002050524553454E54005A
:1055A0004E4F542050524553454E54001B9901080C
:1055B0004C4F5700484947480000000053445F43A0
:1055C0004152445F4445545F50696E204750494FF3
:1055D000204C6576656C3A2025730D0A00000000AA
:1055E000B4040020303A00002C970108F89F01080D
:1055F0007E9C0108AB9D0108FCBF0120199D01089C
:1056000011F8013B013A00F8013BF9D1704730B184
:10561000006820B1016811B1896901B1084770477C
:1056200090F8202182B100EB8200D0F80C0138B153
:10563000027B012A04D109B1027E0A7040697047D9
:10564000002039B10870704711B190F80C210A7030
:10565000D0F80801704768B161B1006860B10268B4
:1056600052B1D2F80CC0BCF1000F05D001224FF0AE
:10567000FF3360470420704701207047F0B50D4AA2
:1056800000264FF00A0C0A24002594B1B1FBF2F772
:1056900007F1300307FB1211B2FBFCF28355FBB29A
:1056A0002B431F461CBF771C01231D44013C3E4673
:1056B000EBE7F0BD00CA9A3B2DE9F8438046002095
:1056C00000296CD00D468DF803000DF10301404612
:1056D000FFF7A6FF90B39DF80360814600240746BC
:1056E000A6422BD0386818B12946EBF78DFA10B1D5
:1056F00024370134F4E704EBC40009EB8000417B5C
:105700008A0718D4027B032A1BD0012A1DD0002A45
:1057100044D1054655F8103F002B3FD049072FD400
:1057200041F22C3058F8001041F2303008EB000202
:105730004046984732E022A1F0F7E8F80020BDE8A3
:10574000F883404600F076F828E098F82011022906
:1057500012D8C26908F588741AB14046904798F883
:105760002011481C44F82170002188F8200158FAC3
:1057700080F080F8211111E01AA1F0F7C7F80DE0D0
:1057800042681FA1404600F099F84046FFF73FFFEE
:105790000DF102014046FFF75EFF10B10120BDE8A8
:1057A000F8832049F0F77FF99DF8020040F02000CF
:1057B000792803D141F22C302B68B3E71AA1DCE73A
:1057C00054686973206974656D206973206375720C
:1057D00072656E746C792064697361626C65642EA5
:1057E000000000004D6178696D756D206D656E7506
:1057F00020646570746820726561636865642E005A
:10580000436F6E6669726D20657865637574696F44
:105810006E206F6620272573273F2028792F6E2959
:105820003A2000006B9A010843616E63656C6C65F9
:10583000642E0000B0B590F820418CB1054600EB15
:105840008400D0F80C0138B1016A204629B12846FD
:10585000884795F8200100E02046013885F82001AE
:10586000002C18BF01242046B0BD10B5A0B199B1DD
:1058700000239AB201338C5C002CFAD1006858B135
:1058800003684BB1D3F808C0BCF1000F04D04FF44B
:105890007A73BDE81040604710BD71B1F8B5144689
:1058A0000D4606460027A74205D230462946FFF797
:1058B000DCFF0137F7E7BDE8F840704782B0BCB5C0
:1058C000CDE90623C0B10D46B1B104460C4806AB84
:1058D0004FF480712A460193EAF7BCFD01280BDBE7
:1058E00023684BB1196839B18C682CB1044982B274
:1058F00018464FF47A73A047BDE8BC4002B0704729
:105900007476002010B50446FFF7AFFF0249204629
:10591000BDE81040FFF7A9BF6B9A01082DE9F843D5
:105920001D491E4D0446A8471D492046A8471D494C
:105930002046A8471C492046A8471C492046A8479E
:105940001BA12046A84721492046A847DFF88080B0
:1059500020464146A8471FA12046A84741F2336789
:10596000204E21A1DFF87890E05D324600282046E5
:1059700008BF4A46FFF7A2FFE01927A14078002898
:1059800008BF4E4620463246FFF798FF2046414664
:105990002A46BDE8F8431047E2AF0108055901085F
:1059A00059AF010806AB0108A8B901088EB9010872
:1059B0002020712020202020202D2045786974206F
:1059C0006D656E752073797374656D00D7A90108D4
:1059D00074BE010853657474696E67733A00000001
:1059E00090B10108D1B1010820206420202020209E
:1059F000202D20546F67676C65206465736372693E
:105A00007074696F6E202863757272656E743A20C7
:105A10002573290D0A00000020207320202020205B
:105A2000202D20546F67676C652073696E676C6505
:105A3000206B6579206D6F646520286375727265CF
:105A40006E743A202573290D0A000000B0B5054692
:105A5000006B884204BF0020B0BD28460C4600F011
:105A6000DBFF08B10120B0BD687805F134012246A2
:105A70000123F6F729F9002818BF4FF0FF342C63F3
:105A800018BF0120B0BD0000F0B599B011AE0D46B1
:105A9000044660313046F6F765FC09AF29463246C8
:105AA0003846F6F7A7FC05F1200101AD324628463D
:105AB000F6F7A0FC0A4E3846B0472846B0473846AD
:105AC000B0479DF8247020462946EFF7C0FE2046D7
:105AD000B047E07F40EAC710E07719B0F0BD00BFE3
:105AE00095C400082DE9F04702293ED30546806998
:105AF0000E46884239D928781446032839D002281E
:105B000056D0012831D1686A06EB560700EB5721C1
:105B1000EFF7BBFE002851D107F101096FF35F27B2
:105B200005F134085FEAC67A0FBFE0B218F8070043
:105B300000F00F0064F30B1008F80700686A0126F4
:105B40002F4607F8036F00EB5921EFF79EFE68B967
:105B50006FF35F29BAF1000F3BD118F80900C4F3C5
:105B6000032100F0F000084435E002263046BDE88D
:105B7000F087686A00EBD611EFF787FEF0B906F000
:105B80007F0005EB800606F13400006800BF210CA1
:105B900000F0704086F8344086F83610210A86F806
:105BA000351004F070610844000E86F837000BE0F1
:105BB000686A00EB1621EFF768FE08B10126D5E709
:105BC000F0B205EB40008486EF1C012000263870FF
:105BD000CCE7C4F3071008F80900F6E770B588B001
:105BE00000210AA26B460024202C08D0165D055D1A
:105BF0003144691A1955C1F300210134F4E7CBB2DD
:105C000069460246F8F75DF908B070BDEDD3F55C62
:105C10001A631258D69CF7A2DEF9DE1400000000C9
:105C2000000000000000000000000010022901D266
:105C3000022035E0F8B5056804460E46A86988429A
:105C40002BD9DAB1114628464FF0FF32FFF74AFF51
:105C500020BB13E0284631460022FFF743FFE8B996
:105C6000D5E90510821E914205D201316961297979
:105C700041F00101297187423E4613D22068314626
:105C8000F9F736FB074601300328E3D2064901EA5B
:105C9000C000064921FA00F000E00220BDE8F8400B
:105CA000C0B270470020F9E7F8FFFF0001000200D2
:105CB0002DE9F04FB7B004460020744D687044B130
:105CC000606830B1036823B10A4623A9204698478B
:105CD00030B170481F49FFF715FE37B0BDE8F08FAF
:105CE0000DF107090DF18C0803AE0DF1080A4FF014
:105CF000000B69786068132922D80028EDD08768E6
:105D000007B32046414632465346CDF80090B84787
:105D1000A8B99DF807000028EBD13046F1F708FE3E
:105D20000128E6D16F78664831467F2200EBC71024
:105D3000EAF73EFF791C80F87FB06970D9E76068A8
:105D40000028CAD04268002AC7D023A9204690471D
:105D5000C3E700BFADA701082DE9F04FCFB01E4F3C
:105D60004FF000091D4A044687F8019042A9FBF74D
:105D7000CDFD20B11A481BA1FFF7C4FD29E0EB4679
:105D8000DFF83CA10DF584780BF10806787813282C
:105D90001BD8204641465A46FCF706F8012814DB7A
:105DA0009DF800000128F1D13046F1F7C1FD00282F
:105DB000ECD07D7831467F220AEBC510EAF7F8FE79
:105DC000691C80F87F907970E0E742A92046FDF7D2
:105DD000E1FE4FB0BDE8F08FD0010020F7AE010822
:105DE0003C6000204572726F723A2043616E6E6FA4
:105DF00074206F70656E2053504920466C61736843
:105E0000206469726563746F727921002DE9F0472F
:105E1000D4B01E4F4FF000081D4987F8018047A8F5
:105E2000F6F700FE20B11B481BA1FFF76BFD29E030
:105E300001ACDFF88C900DF58E7A04F116057878B8
:105E400013281CD850462146F6F7EDFEB8B99DF848
:105E50001A00A0B19DF80C00C006F0D42846F1F756
:105E600067FD0028EBD07E7829467F2209EBC6101B
:105E7000EAF79EFE711C80F87F807970DFE747A803
:105E8000F6F76DFB54B0BDE8F08700BFD0010020ED
:105E9000F5AE01083C6000204572726F723A2043F3
:105EA000616E6E6F74206F70656E20534420636165
:105EB0007264206469726563746F727921000000F6
:105EC000582F0020002219B100F8012B0139FAE700
:105ED000704770B50546806E0C4680222918382818
:105EE00081F8282007D205F129010022372815D092
:105EF0000A540130FAE729300021A0F128023F2A94
:105F000002D829540130F8E705F128062846314621
:105F100000F03AF830463821ECF722F8D5E90801CC
:105F2000AA6E10EBC20041F10001020A85F8670079
:105F300085F86620020CC5E90801000E85F863109B
:105F400085F86400080A85F8652085F86200080C69
:105F500085F86100080E05F1280185F860002846E3
:105F600000F012F80020202808BF70BD2918CA7858
:105F700022542218498851702958090A91702958C9
:105F80000430D170EFE700002DE9F04FC9B00023D5
:105F900009AA402B04D0CC5824BAD4500433F8E7D3
:105FA0000021C02916D053185C689E6B5D6A4FEAC9
:105FB000F41787EAB44787EAD4044FEA764787EABA
:105FC000F64787EA962635445658043135442C4422
:105FD0001C64E6E7D0E903AC90E84009D0E9057E0F
:105FE000C369089058460024CDF814B0CDF8188045
:105FF0005046CDF810A0CDF80CC00297CDF804E0C3
:10600000009307966046384670461846404630462C
:106010007146BE466746D946402C2BD088EA090017
:1060200008EA09054FEAB712C346B046304082EA93
:10603000F72268404FEAB60582EA776285EA76354C
:1060400085EAB65528440EEA07052A441A4421EA8F
:1060500007031A44184B53F824301A4409AB53F879
:10606000243001341A440B46104402EB0A0CCA4691
:106070000646CDE7009803EB000C01980144029816
:106080000EEB000203983B1804980AEB00040598F5
:1060900009EB0005069808EB0007079806440898E6
:1060A000C0E90067C0E90254C0E90432C0E9061C37
:1060B00049B0BDE8F08F00BFCC8C01082DE9F0415C
:1060C00014460D46064600F128074FF00008D4B1EB
:1060D000B06E2978304480F82810B06E0130402826
:1060E000B0660DD130463946FFF74EFFD6E90801BC
:1060F000C6F8688010F5007041F10001C6E908019A
:10610000013C0135E3E7BDE8F08100002DE9F04FE7
:10611000C3B00022802A0AD08B181C685B6822ADAD
:106120001BBA24BAAB50AB1808325C60F2E7016AC4
:1061300000F13007C26BD0E90AAE8369C469D0E9C7
:1061400004C8D0E902B90D90E0CF08971A970996D4
:106150000F91416ACDF830A0CDF880A0CDF82CE0A9
:10616000CDF87CE00293CDF80C800792199201944F
:106170001B94CDF810C0CDF818B0CDF814900A9546
:1061800021950E9101681091416800201191A74955
:1061900017913946114629461D46314651467146EA
:1061A000DDE90EEA19464346214661464146594615
:1061B0004946DDE910811891502800F0EC80411C1F
:1061C0001D93CDF850C0169122AF01F00F031E961B
:1061D0001595CDF87090CDF84CB007EBC30157F88A
:1061E000333049681E06DD0746EA112645EA5105A7
:1061F000CA0775400E0642EA530246EA1326DB0937
:1062000085EAD11C724043EA416100F10906514020
:1062100000F00F0206F00F0607EBC60307EBC209FA
:1062200057F8324057F83660D9F804505B68361991
:1062300012946B412C46891943EB0C0B0E3000F085
:106240000F0007EBC00557F830006D68C6004FEA35
:10625000453C46EA55764CEAD0437340860946EA07
:1062600085667340C91847F832104FEA40314FEA4B
:10627000C50242EA507041EAD5411A9A80EA01000B
:10628000219980EA95104FEA8E4540EB0B0021EAF8
:106290000A0145EA9A35C9F804001E988918199A26
:1062A00020EA0E005041209B1F9A03EA0A0302EAEB
:1062B0000E02C9184FEA8A4350414FEA8A3243EA34
:1062C0009E3342EA9E425A404FEACE5343EA5A2353
:1062D0005A404FEA8E3343EA9A436B404FEACA551D
:1062E00045EA5E256B40C9185041129ADDF85CB052
:1062F000891840EB0402FBE8020340185341DDE932
:106300001C24DDE9139702EA04016240189C89EA23
:10631000070606EA08062240A50782EA010C4FEAB2
:10632000081245EA9805210142EA147241EA1871FF
:106330006A40650645EAD8156A4009EA07057540CE
:106340004FEA887646EA940671404FEA486646EA84
:10635000D4167140491942EB0C020918CC46A146EB
:106360005A41159D2D181B984341219E1698CDF832
:106370005CB0C346884618921A961E9E1996209EB7
:1063800021961F9ECDE91FEA9E461D9BAA463D46CB
:106390001B931C9B10E706981B9910EB0B001E909B
:1063A000059849EB000B04981CEB0009039843EB9C
:1063B0000007029840191D9001984841209A1F9BA0
:1063C0001C900F981AEB000C0E984EEB00010C98E5
:1063D00012180B9843410A98219D15EB000E09985D
:1063E0001A9D46EB000A0898199E2D1807984641F9
:1063F000109818EB00040D98C0E908C100F12801BD
:10640000C0E90DA5C663A1E80C40189A1199514145
:10641000C0E90497C0E900411E99C0E9021B1D991B
:1064200081611C99C16143B0BDE8F08F48900108BB
:106430002DE9F043A1B001AE0F46804680211546FC
:106440004FF080093046EBF78BFD15F07F0412D03A
:10645000304639462246ECF7F2F8702C06F80490E4
:106460000BD301AC40462146FFF750FE2046782171
:10647000EBF776FD01E08DF8049000201F90E80016
:1064800000BA209001A94046FFF740FE21B0BDE8C8
:10649000F083B0B56FF03F0292B184188B180832C8
:1064A000D4E9104524BA83F843505C642C0A83F87D
:1064B00042402C0C83F841402C0E83F84040EBE71F
:1064C000B0BD10B500220023202B08BF10BDC45C56
:1064D0008C402243C254C4F307220133F4E7000086
:1064E000B0B5A0B00A466D46054904462846F5F702
:1064F0007FFC20462946FFF7C7FA20B0B0BD00BF99
:10650000BC880108FEB5764A8DF80210956A046AC7
:1065100094F85130012B55D194F8500001285CD0EB
:10652000012084F8500094F85130042B1CBF05233F
:1065300084F8513000260DF101036665E087E0869E
:10654000A3630DF10203A087A086C4E9106620684A
:1065500023630668760603D4066846F040060660A4
:10656000E668B6F5006F3AD1BDF802100126C160A9
:10657000991C2163E38E013BE3860DF10103E78E55
:1065800017B9E78F002F5AD08768BF070BD5E78E62
:106590004FB1012E07D131F8026BC6602163E68E40
:1065A000013EE68600268768FF0709D0E78F3FB1E6
:1065B000C66823F8026BA363E68F013EE6870126D7
:1065C000976ADCE76068B0F5827F06D1FF20042B74
:1065D0006FD1A368002B9FD06BE0FF2069E00173AF
:1065E000206B01302063E08E0138E0860120E18ECF
:1065F00009B9E18F19B321688B689B070ED5E38E2B
:1066000063B101280AD1206B00780873206B2168E0
:1066100001302063E08E0138E08600208B68DB07C4
:106620000BD0E38F4BB1A06BC9680170A06B013038
:10663000A063E08F0138E0870120916AD7E7204608
:10664000022101222B46F0F79BFA1B481B494068A8
:10665000B0FBF1F04FF47A71484302906068B0F5F6
:10666000827F06D12046802100222B46F0F788FA4F
:1066700008E0029830B102980138029020688068E2
:106680000006F6D4A06838B9002001902068C168DF
:106690000191806801900198012084F85100002048
:1066A00084F85000616D9DF80100002918BF4FF07B
:1066B000FF30C0B2FEBD00BF0400002000366E01F6
:1066C0004A830078032803D1100E4875100C087512
:1066D0007047ECF715BC0000EB48806A704700BFBC
:1066E000D00100202DE9FE4FD2F80090DFF84CA237
:1066F000DFF84CC2DFF84C824FF0000B002502910E
:106700000092CDF80490A94540F20281DAE90640F2
:106710008442C0F0E4809AF80400002840F0F88039
:106720006646CAE906BBD8F85400E0B10CF5005043
:10673000864280F0C78008F140030FCB1C180F1A67
:10674000BB4228BF641A135D13540130884228BF2E
:106750005846C8F8400006F8013BD8F85400013804
:10676000C8F85400E1E7D8F85800C8B30CF5005059
:10677000864280F0A780F0F715FED8F84010D8F8D0
:106780004820DFF8BCC150540131D8F84420914270
:1067900028BF594606F8010BD8F85800C8F8401031
:1067A0000138C8F85800E0E7DFF894C1DDF804903C
:1067B0000CF5005086427ED2F0F7F4FDD8F8401078
:1067C000D8F8482050540131D8F84420914228BFCD
:1067D000594606F8010BC8F840100120C8F86400BB
:1067E0000120F0F7F9FDC007DED157464FF0000A4F
:1067F0000220F0F7F1FD00F00101800741EA4A09AB
:1068000009F1010AF4D4D8F8640020B10120F0F7AE
:10681000E3FDC0070ED1F0F7C5FD802805D340F099
:106820008004F0F702FE04EBC010C109142988BFF0
:10683000D14601E0D8F85000DFF804C1BA46C8F8E4
:1068400064B058B9B9F1010F16D00120C8F860B092
:10685000B9F1020FC8F85000C2D01AE009F10201E4
:10686000DDF80490C8E91401D8F8441081425AD3E5
:10687000081AC8F84C0056E70120C8F86400F0F781
:10688000D4FD0F30DDF80490DFF8B4C0C8F858002C
:1068900049E7B9F1030F09D1DDF804908AF8040043
:1068A000B6EB0C00CAF81C0017D131E0D8F8300064
:1068B000DDF804900CE0D8E9170140000131013007
:1068C000C8E917010CF50050864231D1D8F83000E4
:1068D00048B34FF40050CAF81C00DAF81840A9EB8E
:1068E0000501061BB14238BF0E4602980CEB0401AD
:1068F00032462844EBF7A3FE3019DFF844C0354494
:10690000CAF81800DAF820003044CAF82000FAE685
:106910000098002D0560B9FA89F018BF01254009DB
:106920002843BDE8FE8F009805600020BDE8FE8F7B
:106930000D4905A04FF4A572EAF72EF8D00100200A
:10694000D8D40020FC0300206375725F6F75745FFC
:1069500064617461203D3D206F75745F6461746192
:106960005F656E6400000000C9B2010810B5002127
:106970000022D2B2435C0131540844EAC2120B290E
:106980001A44F6D1D0B210BDB0B5044600F044F8B8
:1069900008B10120B0BD2078032827D12079012833
:1069A00024D104F138004FF4FD71EAF7F3FF1848E1
:1069B0002546012345F8340F1648C5F8E4014AF688
:1069C0005520A5F8FE0155E90910C5F8E80155F86C
:1069D000140CC5F8EC112946421C15F8330C45F887
:1069E000042CF5F787F9002005F8300CF64861789B
:1069F00000F13C02501802EB810100224968007A44
:106A00000B6900219847002818BF0120B0BD00BFC6
:106A10005252614172724161F8B50446C078F0B1DA
:106A2000256B04F1340660780123012731462A469C
:106A3000F5F760F9A0B9616AE0690027E770691AA3
:106A400081420DD2A778022F09D3E0693146012394
:106A5000054460782A46F5F74DF9013FF3E7002732
:106A60003846F8BDB0B5D8481446406A40B10A4629
:106A7000016829B18D681DB123680449A84700E069
:106A80000120EFF726B800BFD0010020002D002024
:106A900010B50469002C4AD0EEF710FE20F4F07017
:106AA00041E80302002AF7D1EEF727FEFCD1206B64
:106AB000012802D1EEF7ECFDFCD120684069000608
:106AC00014D5206850E8050F216820F0800041E8C7
:106AD0000502002AF5D1A06B40B100210165ECF759
:106AE00027F818B1A06B406D202811D020684069AC
:106AF000400611D5EEF73BFEFCD1E06B60B1002102
:106B00000165ECF715F838B1E06B406D202803D132
:106B100010206064002010BD00202021E084E0856A
:106B2000606484F8421084F84110206310BD042092
:106B300010BD82B00069A0B110290AD0082910D177
:106B4000002101910068016801914068019001985D
:106B500007E0002100910068016800914068009002
:106B6000009802B07047000010B50469C4B1242039
:106B700084F841002068C16821F40051C1601A49BD
:106B800088420FD01949884222D11948016821F45E
:106B9000002101600320ECF791FA4FF4801011E01E
:106BA000042010BD1248416821F0100141604FF4EB
:106BB000C060ECF783FAE06BECF707F8A06BECF73A
:106BC00004F820200B490860BFF34F8FBFF36F8F8D
:106BD0000020606484F8410084F84200206384F857
:106BE0004000606310BD00BF00100140004C004039
:106BF0004038024084E100E00069B0B1012908D0CA
:106C0000102909D004290AD002290ED16FF0800181
:106C100007E06FF0200104E06FF0100101E06FF079
:106C200040010068C2681140C1607047006990B1BE
:106C3000012907D0102907D0042907D002290AD139
:106C4000802104E0202102E0102100E040210068C2
:106C5000C2681143C1607047006918B1006840689C
:106C6000002070470420704710B5026962B14B1EC6
:106C70000020072B0AD82021DFE803F00F04140CB2
:106C80001414140E802108E0002010BD102909D131
:106C9000102102E0402100E008211068006808404F
:106CA00018BF012010BD0069B0FA80F040098000D3
:106CB0007047006910B10068406800E00020C0B271
:106CC0007047006928B121B11AB180B5EDF776FAA5
:106CD00080BD04207047036923B319B312B393F83E
:106CE000420020281AD110B500241C63DA855C64A8
:106CF000996222219A8583F842101A6919681AB19B
:106D0000CA6842F48072CA604A6942F001024A616C
:106D1000CA6842F02002CA60BDE81040203818BF9F
:106D200001207047042070472DE9F0410469E4B167
:106D3000D9B1D2B194F8410020281CBF0220BDE88F
:106D4000F08100201D466064212084F841001E4827
:106D5000A284866AE284A068B0F5805F01D12069D0
:106D600030B14FF000080F4604E00420BDE8F08188
:106D700000278846E08CA8B120468021EEF7A5FECA
:106D8000E0B927B117F8010B2168486006E038F830
:106D9000021B206800276FF35F214160E08C0138FF
:106DA000E084E7E720464021EEF78FFE202184F8BB
:106DB0004110002818BF0320BDE8F081202084F88E
:106DC00041000320BDE8F081D00100200069D0B16E
:106DD000C9B1C2B190F84130202B0FD110B50024B9
:106DE000C2844464212480F84140828401620068A6
:106DF000C16841F08001C160BDE81040B3F12000DE
:106E000018BF0120704704207047006908B100686E
:106E1000416070472DE9F04FC1B091F81FB001AC4F
:106E2000804620222046EBF70AFC9DF82300DFF87D
:106E300064A12146224600F07F008DF8230009ADB1
:106E40002846D04711AC544A29462046D047534FD4
:106E500019AE214630463A46F5F74CFA20463146FF
:106E6000F5F780FA304629463A46F5F749FB2846B9
:106E700031462246D047002129A80022202A06D0E8
:106E8000AB5C5B0003EB112181540132F6E79DF806
:106E9000C320C90902F07F028DF8C32013224A43A0
:106EA0000021202902D0EEF70FFDFAE739AD29AC19
:106EB000284621462246F5F79DFA21AE294622466C
:106EC0003046F5F797FAF827284631463246F5F767
:106ED00091FA37B1304629462246F5F78BFA013F41
:106EE000F2E721AC39ADEEF7FAFD29AF284621468D
:106EF0003A46D047EEF7F3FD31AE394622463046EA
:106F0000D0472046F5F766FA304631462246F5F777
:106F1000F7FA0DF12409384629464A46D04719ACFC
:106F2000394632462046D04711AE21463046F5F765
:106F30009AFA9DF8640039AD2146324600F001000E
:106F400080EADB132846F5F7D2FAEEF7C8FD2046B3
:106F5000F5F7A0FA4846F5F79DFA20464946F5F7B9
:106F6000E9F9044640462946EEF771FC01AE08F106
:106F7000200020223146EBF762FB08F16000F5F7B4
:106F800029FA08F1400029463246D047204641B050
:106F9000BDE8F08FF5C300083C890108E48A0108C8
:106FA000B0B50C4680B10546006868B1017859B1AA
:106FB000C188AA888A4207D14078F4F78FFEC007BB
:106FC00002D12968002001E0002109202160B0BD24
:106FD0000020704770B5FF2901D9042518E00D463F
:106FE000044600F03BF9EEF79DFC218D606A804E6F
:106FF000EEF760FBD821B047E9B22046B047204603
:1070000000210025B04720460021B047EEF7EEFBF7
:10701000284670BD10B5044600F020F9EEF782FC5A
:10702000218D606AEEF746FBC721FFF76BFAEEF79A
:10703000DDFB002010BD000070B504460020B0EB61
:10704000113F01D004251AE020460D4600F006F954
:10705000EEF768FC218D606A654EEEF72BFB202170
:10706000B047C5F307112046B0472801C1B22046FA
:10707000B047204600210025B047EEF7B7FB284671
:1070800070BD00BF4FF4803070474FF48070704780
:107090004FF4805070474FF080707047B0B5044691
:1070A000406A0022524D218D81610904628581610F
:1070B00020469021A84720460021A84720460021CD
:1070C000A84720460021A8472046FF21A847618DF8
:1070D00041EA0020FF2160852046A847616A228D91
:1070E0008A61618D0843608581B2012019B14FF634
:1070F000FF72914200D1B0BD4FF480704FF48051C7
:107100004FF0807220834FF48030C4E90321606126
:107110000020B0BD2DE9F04105460F465818E9683A
:10712000884284BF0420BDE8F081298D686ADFF8B9
:10713000C0801C4616460904816128460321C047C9
:10714000C7F307412846C047C7F307212846C04771
:10715000F9B22846C0473CB12846FF21FFF7D2F9D3
:1071600006F8010B013CF6E7686A298D8161EEF7AC
:107170006BBC00BF408D704780B500F03BF800202D
:1071800080BD80B500F036F8002080BD2DE9F041CB
:1071900004460F465818E168884284BF0420BDE8C1
:1071A000F08120461D46164600F058F8EEF7BAFB6F
:1071B000218D606ADFF83880EEF77CFA0221C04743
:1071C000C7F307412046C047C7F307212046C04701
:1071D000F9B22046C04735B116F8011B2046FFF72B
:1071E00091F9013DF7E7EEF701FBEEF72DBC00BF8B
:1071F0000565010810B5028D416A044610048861D6
:1072000020460521FFF77EF92046FF21FFF77AF996
:10721000616A228DC0078A61F0D110BD82B0BCB511
:10722000054641F21200CDE9062306AA2C18019268
:107230002046E9F7FDF82046E9F79BFC0146E8689F
:1072400040B1026832B1956825B18AB221464FF04B
:10725000FF33A847BDE8BC4002B0704710B50446F4
:10726000406A218DEEF726FA0621FFF74BF9606A96
:10727000218D816110BD5FEA400C08BF91F0000FC5
:107280004FEA8C234FEAC12243EA51514FEA1C5086
:1072900018BF00F5F0404FEA300018BF41F0004140
:1072A0005FEA6C5C00F02980BCF1FF3F08BF40F052
:1072B00080407047130C06BF12044FF0100C4FF0C3
:1072C000000C130E04BF12020CF1080C130F04BFC4
:1072D00012010CF1040C930F04BF92000CF1020C8C
:1072E000D30F04BF52000CF1010C11464FF0000205
:1072F000A0F11F00A0EB0C00704711F0004F08BF79
:10730000704731F000413FF4D5AF0B0C06BF0904C4
:107310004FF0100C4FF0000C0B0E04BF09020CF1E3
:10732000080C0B0F04BF09010CF1040C8B0F04BFF8
:1073300089000CF1020CCB0F04BF49000CF1010CC9
:10734000CCF1200322FA03F341EA030102FA0CF222
:10735000A0EB0C0000F101007047000023F07F4714
:1073600020F07F4C80EA030000F00040ACEB070304
:1073700003F57C5303F1FF032DE9804909B44FEA7B
:10738000144324EA03484FEA154B25EA0B4E0FF24B
:10739000042606EB13273E7803FB0667C7F50007B4
:1073A00007FB06F64FEAD64606F102064FEA5437C7
:1073B00007FB066CCCF1005C4FEA1C472CEA074C3B
:1073C0000CFB06F507FB06F404EB15464FEA961690
:1073D00049085FEA320234BF00204FF000404FEA14
:1073E000D13706FB07FC4FEA1C4C0CFB0BF7D21BFA
:1073F00003FB0CF761EB07010CFB0EF7B0EB07404A
:1074000072EB17420CFB08F734BFA2EB0742B2EB5A
:10741000074261EB17414FEA0C444FEA910706FB24
:1074200007FC4FEA1C4C0CFB0BF7B0EBC74072EBB0
:10743000573203FB0CF734BFA2EBC742B2EBC74293
:1074400061EB57310CFB0EF7B0EBC70072EB5772D4
:107450000CFB08F734BFA2EBC702B2EBC70261EB2B
:1074600057714FEA816141EA92114FEA826242EA22
:1074700090124FEA806004EBCC04039F4FEAD137AF
:1074800006FB07FC4FEA1C4C0CFB0BF7D21B03FB63
:107490000CF761EB07010CFB0EF7B0EB074072EB4A
:1074A00017420CFB08F734BFA2EB0742B2EB0742CE
:1074B00061EB17414FEA8C5504EB9C244FEA91078E
:1074C00006FB07FC4FEA1C4C0CFB0BF7B0EBC7406C
:1074D00072EB573203FB0CF734BFA2EBC742B2EB9F
:1074E000C74261EB57310CFB0EF7B0EBC70072EBF4
:1074F00057720CFB08F734BFA2EBC702B2EBC7020E
:1075000061EB57714FEA816141EA92114FEA826261
:1075100042EA90124FEA806015EB4C2544F10004DA
:107520004FEAD13706FB07FC4FEA1C4C0CFB0BF76C
:10753000D21B03FB0CF761EB07010CFB0EF7B0EB62
:10754000074072EB17420CFB08F734BFA2EB07426F
:10755000B2EB074261EB17414FEA813141EA9241B8
:107560004FEA823242EA90424FEA80304FEA0C768C
:1075700015EB1C1544F1000448EA03434EEA0B489E
:107580004FF0000EB2EB080C71EB030724BF62460C
:1075900039464EEB0E0E4FF0000B00185241494198
:1075A0004BEB0B0BB2EB080C71EB03077BF1000B01
:1075B00024BF624639464EEB0E0E4FF0000B00180A
:1075C000524149414BEB0B0BB2EB080C71EB03073B
:1075D0007BF1000B24BF624639464EEB0E0E51EA9A
:1075E000020718BF46F0010616EB0E7655F10002B1
:1075F00054F1000103D5BDE88901BDE80088BDE86C
:107600008901BDE80048B619524141EB0101A3F1DF
:107610000103704780807F7E7D7C7B7A79787776E6
:1076200076757473727171706F6E6E6D6C6C6B6A5F
:107630006A696868676666656464636362616160FD
:10764000605F5F5E5E5D5D5C5C5B5B5A5A5959587A
:1076500058575756565555555454535352525251E4
:10766000515050504F4F4F4E4E4D4D4D4C4C4C4B3A
:107670004B4B4A4A4A494949484848474747474681
:1076800046464545454444444443434343424242BD
:107690004241414110B546EA06464FEA164646EADF
:1076A00042564FEAD22242EA41524FEAD121A3F593
:1076B0007053A3F1010300F02FF820F0004000F018
:1076C000004700F1020CBCF5006F01EB00501146C1
:1076D00040EA070000D210BDBAF1000F0AD01CB575
:1076E00003B44FF004004FF004014FF000000FBC52
:1076F000BDE810404FF00001BBF1010FB9BF0448D5
:107700004FF0FF310348002140EA070010BD00BFE1
:10771000FFFFEF7F0000F07F9C46002B30D4770006
:107720002BD04FEA37071CB503B44FF010004FF0D1
:107730001001BAF1000F06D0BCF1000FDCBF40F021
:10774000080040F008014FF000000FBCBDE81040F9
:107750000BF1010BBBF1010F08BF5FEA170722BF56
:1077600012F1010211F101014FF0004143F1000358
:1077700000F0004043EA00007047F9D35708D0E713
:1077800046EA06464FEA164613F1400F1FDD13F195
:10779000200FDFBF16430A46002120335B42BED0D4
:1077A000C3F1200746EA06464FEA164602FA07F7F3
:1077B00046EA070622FA03F2C3F1200701FA07F7A7
:1077C00042EA070221FA03F14FF00003A7E746EA75
:1077D000020646EA06464FEA164646EA0106BCBFDE
:1077E00046EA0646360C4FF000034FF000024FF019
:1077F000000194E72DE9804C70B49A46934691E8D5
:10780000380007C831EA400C48BF34EA430C03D5BE
:10781000FFF7A4FDFFF780FFF0BCBDE8008C2DE969
:10782000804C70B49A46934691E8380007C831EA14
:10783000400C48BF34EA430C03D5FFF78FFDFFF738
:1078400029FFF0BCBDE8008C2DE9804C70B49A464D
:10785000934691E8380007C810F0804F08BF13F036
:10786000804F03D100F01AF8FFF756FFF0BCBDE8D7
:10787000008C2DE9804C70B49A46934691E838000C
:1078800007C810F0804F08BF13F0804F03D100F0FD
:1078900005F8FFF7FFFEF0BCBDE8008C20F07F4745
:1078A00023F07F4C80EA030000F0004007EB0C035C
:1078B000A3F57C53A3F1FE0392F0000F00F0B38018
:1078C00095F0000F00F077802DE901494FEA114053
:1078D00021EA00484FEA144624EA064700FB06FC6A
:1078E00008FB06F607FB08F818EB06484CEB164CAD
:1078F00000FB07F718EB07484CEB17404FEA124B19
:1079000022EA0B4E4FEA154625EA06470BFB06FC1A
:107910000EFB06F607FB0EFE1EEB064E4CEB164C5E
:107920000BFB07F71EEB074E4CEB174B18EB0B0846
:1079300040F1000018EB0E0B58EB000840F100007E
:107940008F1A4FF000014FF000063CBFC943661B81
:1079500014BFB5EB040C00213CBFC943F61B4FEA32
:10796000174427EA04454FEA1C472CEA074C04FB5E
:10797000076205FB07F70CFB05F616EB074642EB23
:10798000174204FB0CFC16EB0C4642EB1C421BEBB3
:10799000060658EB020241414EEA8E0E46EA9E066A
:1079A00001D5BDE80189B619524141EB0101A3F1AE
:1079B0000103BDE801894FEA144524EA05464FEA70
:1079C000114721EA074C05FB07F406FB07F70CFB00
:1079D00006F111EB074144EB174405FB0CFC11EBDE
:1079E0000C4144EB1C444FEA124722EA074C05FBCA
:1079F00007F206FB07F70CFB06F616EB074642EB11
:107A0000174205FB0CFC16EB0C4642EB1C456A18B2
:107A100054F1000148BF7047B619524141EB0101D2
:107A2000A3F10103704795F0000F37D04FEA1142E0
:107A300021EA02464FEA144724EA074C02FB07F109
:107A400006FB07F70CFB06F414EB074441EB174168
:107A500002FB0CFC14EB0C4441EB1C414FEA1547B4
:107A600025EA074C02FB07F506FB07F70CFB06F6B9
:107A700016EB074645EB174502FB0CFC16EB0C46D4
:107A800045EB1C42121951F1000148BF7047B6196D
:107A9000524141EB0101A3F1010370474FEA144544
:107AA00024EA05464FEA114721EA074C05FB07F196
:107AB00006FB07F70CFB06F212EB074241EB1741FE
:107AC00005FB0CFC12EB0C4251EB1C414FF0000685
:107AD00048BF7047921841EB0101A3F101037047C1
:107AE00003B401984100009850EAC12018BF042057
:107AF0004A0D18BF40F0010040F2FF72B2EB515F37
:107B000008BF40F00200012808BF052002B07047FE
:107B100030B52DED048B81B0B0EE408AF0EE608A76
:107B20006A4651EC180B00F013F900989FED329B58
:107B30007E300090002821DC53EC192B51EC180BFF
:107B400000F0BEF91AD0002140F608004FF0000006
:107B5000044651EC180B00F06DF908EE100A40F6DF
:107B6000080004EA00014FF00000B5EEC08AF1EE13
:107B700010FA04BF0220EAF745FA2DE00098FF282A
:107B800030DB002108464FF0000000F4400553ECC4
:107B9000192B51EC180B00F009FB8CBF00240124B9
:107BA0000220EAF72FFA9FED168A4DB1002C0CBF88
:107BB0004FF400004FF48000A84218BF9FED118AD7
:107BC000042108464FF00000002C01BFB1EE480A26
:107BD00001B0BDEC048B30BDB0EE480A01B0BDEC85
:107BE000048B30BD51EC180B00F024F901B000EE0D
:107BF000100ABDEC048B30BD000000000000000046
:107C00000000807FFFFF7F7F30B540F2FF742DEDD5
:107C1000048BF0EE608A18EE901A85B0B0EE408AC0
:107C20009FED2B9B05468DED008B34EA115147D01B
:107C300053EC192B51EC180B00F042F940D02A46B6
:107C400051EC180B00F033FB41EC180B18EE900AC6
:107C50008DED008B34EA10501CD053EC192B51ECF5
:107C6000180B00F02DF92BD10220EAF7CBF900F028
:107C700043F810EE901A18EE900A8DED020B8DED80
:107C8000008B61F31E0003909DED020B05B0BDEC6F
:107C9000048B30BD0220EAF7B5F900F01DF810EEB4
:107CA000901A18EE900A8DED020B8DED008B61F3AA
:107CB0001E0003909DED020B05B0BDEC048B30BDA2
:107CC00005B0B0EE480AF0EE680ABDEC048B30BD9A
:107CD00000000000000000009FED050B10B553EC04
:107CE000102B51EC100B00F063F941EC100B10BDA0
:107CF00000000000000000709FED050B10B553EC74
:107D0000102B51EC100B00F053F941EC100B10BD8F
:107D1000000000000000001010B5044691ED000BBB
:107D2000FFF7F6FE84ED000A10BD10B5044690ED95
:107D3000000B0846FFF768FF84ED000B10BD3038DC
:107D40000A2801D20120704700207047000000007F
:107D500010B582B01446CDE900010023009A2360DB
:107D6000194B21F0004098422ADA024328D0B0F59E
:107D7000801FA8BF226810DA9FED150B53EC102B63
:107D80009DED000B51EC100B00F012F9CDE9000154
:107D90006FF0350221F0004022600F4B6FF31E514F
:107DA00003EB20501044206041F0FF5040F00050A1
:107DB00001909DED000B00BF02B051EC100B10BD07
:107DC0009DED000BF8E700000000F07F00000000D0
:107DD000000000000000504302FCFFFF10B5002926
:107DE0000AD00878002807D005487844E8F70CFF47
:107DF000002801D0002010BD0248784410BD0000CA
:107E000002440000FA43000010B500290AD00878A7
:107E1000002807D005487844E8F7F6FE002801D08E
:107E2000002010BD0248784410BD0000E644000068
:107E3000DE44000021F0004201F00043A2F1605254
:107E4000B2F5801F28BFD2F17F6C0BD95FEA001C0E
:107E500043EAC20242EB507018BF704728BF20F0BF
:107E600001007047B2F5801FBCBF184670474FEA4B
:107E7000410C1CF5001F02D2084600F0DAB970B5BB
:107E800000F040F900000089FFF7F6BF4FF0004016
:107E9000A0F580007047000002494FF0000000F09C
:107EA000D4B900BF0000F87F491058BFC1F140416C
:107EB0005B1058BFC3F140438B42EFF30080704723
:107EC00051EA030C17D41CF5801F58BFBCF5801F66
:107ED00000F10680994218BF704708BF9042704772
:107EE00007D711F5801F58BF13F5801F19D4994289
:107EF0007047894270471CF5801F08D5BCF5801F6C
:107F0000F7D58B4218BF704708BF824270474FF4C5
:107F1000001C1CEB410F38BF1CEB430F01D28B42FE
:107F2000704770B500F0EEF8922449004FF0005110
:107F30004FF08053FFF7B8BF51EA030C17D41CF57C
:107F4000801F58BFBCF5801F00F10680994218BF02
:107F5000704708BF9042704707D711F5801F58BF80
:107F600013F5801F19D499427047894270471CF558
:107F7000801F08D5BCF5801FF7D58B4218BF70470E
:107F800008BF824270474FF4001C1CEB410F38BF02
:107F90001CEB430F01D28B42704770B500F0B2F872
:107FA000922449004FF000514FF08053FFF77CBFFF
:107FB00070B5DFF848C11CEA111E1EBF1CEA13157C
:107FC0009EEA0C0F95EA0C0F00F06F8081EA030423
:107FD0004EEAD47EAE4421EA4C1123EA4C1341F41C
:107FE000801143F48013AEF17F7EA1FB024CA0FB15
:107FF0000365361955EB0C05A1FB034C4CF100034E
:10800000A0FB021C16EB0C06654153F1000309426C
:1080100018BF46F0010613F4007F0BD14FEA03317D
:108020004FEA053041EA155140EA165034036FF02B
:1080300003020AE04FEAC3214FEAC52041EA555145
:1080400040EA5650F4026FF0020202EB2E4201EBBE
:10805000025585EACE710AD05FEA440C18BF24F0BD
:10806000004450F1000041F1000120EAD47040F2D8
:10807000FE7C624500D270BDA84214BF4FF0804420
:108080004FF04044002E08BF0024BEF1806FA8BF0F
:10809000A1F1C041BDE8704080F2828001F1C04191
:1080A00001F000414FF0000070470CEA13159EEA02
:1080B0000C0F18BF95EA0C0F06D081EA030E4FF0A3
:1080C00000000EF0004170BD00F01CF88900013E78
:1080D00000F007B800F009B84FEA430C5FEA5C5CB7
:1080E00008D081EA030100F05BB84FEA410C5FEA77
:1080F0005C5CF6D102494FF0000070470000FF07BA
:108100000000F87F0EF1020E2EF0030E5EF8046BF5
:10811000364205D4012A43EB030515F5001F12D89A
:10812000012841EB010C1CF5001F0CD80ED14FEAC1
:10813000D17C0CEB4C0C0CF1020C15F5001F08BFA8
:108140004CEBD37C04E04FF0080C01E04FEAD37C09
:108150000CEB4C0526FA05F606F00706B6F1040C02
:1081600006D20EEB860CBDE870404CF0010C604767
:10817000DFE80CF0090B02024FF00041A1F50021ED
:108180004FF0000070BD19461046012851EB010464
:1081900018BFD4F5001484BF002001F0004170BD69
:1081A0000808A0F500114FEA3101704753EA010CAD
:1081B00017D41CF5801F58BFBCF5801F00F1068046
:1081C0008B4218BF704708BF8242704707D713F52C
:1081D000801F58BF11F5801F19D48B4270479B42F6
:1081E00070471CF5801F08D5BCF5801FF7D5994254
:1081F00018BF704708BF904270474FF4001C1CEB3B
:10820000430F38BF1CEB410F01D2994270470FB4A6
:108210000CBC03BCFFF7C1BEF1EE100A4FF6FF71B4
:10822000C0F2C03120EA010040F04070E1EE100AD7
:108230007047FF2141EAD050C00570474FF0000061
:108240007047E8F7C5BEE9F749BC0CF00F03092BEE
:1082500008BF082000F05F800A2B0BD0082B18BF46
:10826000704708BF1CF0400F0AD04FF000004FF0DD
:10827000000170471CF0400F18BF4FF000407047DE
:108280001CF0100F08D000F07F4220F0704342EA4B
:10829000D3014FEA4370704700F0604021F07F4205
:1082A00042EA000201F07F4040EA727070474FF0EE
:1082B000FF0C4CF4E06C1CEA11531CBF9CEA030C4D
:1082C0009445C2BFDA4201EB02517047002B0DD03A
:1082D000BCF1000F0FD001F00041002AA4BF41F013
:1082E000E04141F07F614FF00000704701F0004134
:1082F0004FF00000704750EA01334FF09B0C18BF5D
:108300004CF0806C7FF4C8AD7047E9F75FB9E9F7CE
:108310008DBEEAF71BB81CF4801F11D01CF4E02FAF
:1083200003D06FEACC31490070474FF04050EFF373
:10833000008222F0704242EA000282F30088704715
:108340004FF0000070470000000000000000000037
:10835000303132333435363738394142434445467B
:108360004030580030313233343536373839616275
:108370006364656640307800040000080000000077
:108380000000000200010000103031323334353675
:108390003738396162636465667870003031323332
:1083A0003435363738394142434445465850000049
:1083B00002400000000000A0000000000540000096
:1083C000000000C8000000000C4000000000409CBD
:1083D00000000000194000000020BCBE00000000AA
:1083E00034400000BFC91B8E00000004B5400000EF
:1083F000504BCFD06607E2CF010000006C41000077
:108400003E8251AADFEEA73401000000D9420000ED
:10841000DCB5A0E23A301F97FFFFFFFFB445000034
:10842000FD25A0C8E9A3C14FFFFFFFFFFF3F0000EC
:108430000000008000000000FF3F000000000080FE
:10844000000000008F8B6ECB0778A9B7109794B609
:10845000E231CDF3C3402E1D4F2AA314E05660161F
:10846000ACE45CE0C1B7952D38E60EBD33306DDF6E
:10847000492B7A5894B40108F5AE0108F5AE01080D
:108480000000000001B80108F7AE010874BE010841
:108490000000000004BE010833B301087FAA0108F0
:1084A0004EB50108ECB401086CB5010805B501082A
:1084B000F4B9010889B301080EB9010816BA010818
:1084C00022BA01080BBA0108F4B901082EBA010852
:1084D000C6B60108A7B3010877B3010851B3010874
:1084E0001AB3010834B90108CAB90108C5B10108B5
:1084F00019A8010837A801085CA80108EBA7010822
:1085000006A8010824A8010849A80108F4B901082F
:1085100065BA0108DBB901084DBA010839BA01088A
:10852000D9B501081EB501088AB50108BCB5010816
:1085300036B50108A3B5010810BD010800F6FFFE1D
:10854000FDFCFBFAF8F7809A45418E418F80454546
:10855000454949498E8F9092924F994F5555599957
:108560009A9B9C9D9E9F41494F55A5A5A6A7A8A94A
:10857000AAABACADAEAFB0B1B2B3B4B5B6B7B8B9E3
:10858000BABBBCBDBEBFC0C1C2C3C4C5C6C7C8C9D3
:10859000CACBCCCDCECFD0D1D2D3D4D5D6D7D8D9C3
:1085A000DADBDCDDDEDFE0E1E2E3E4E5E6E7E8E9B3
:1085B000EAEBECEDEEEFF0F1F2F3F4F5F6F7F8F9A3
:1085C000FAFBFCFDFEFF645D283B17A85607382127
:1085D00000E959EA5542BE577FCB7D9846CCBDA0F5
:1085E000E6B11BDB878901030507090E101214167B
:1085F000181C1E00456100087D6A00088569000896
:10860000816A000839690008C700FC00E900E2003F
:10861000E400E000E500E700EA00EB00E800EF001E
:10862000EE00EC00C400C500C900E600C600F4007E
:10863000F600F200FB00F900FF00D600DC00A2000B
:10864000A300A500A7209201E100ED00F300FA00CD
:10865000F100D100AA00BA00BF001023AC00BD0099
:10866000BC00A100AB00BB009125922593250225FB
:108670002425612562255625552563255125572535
:108680005D255C255B251025142534252C251C250E
:1086900000253C255E255F255A255425692566253C
:1086A000602550256C256725682564256525592595
:1086B0005825522553256B256A2518250C25882514
:1086C00084258C2590258025B103DF009303C0030A
:1086D000A303C303B500C403A6039803A903B4030B
:1086E0001E22C603B50329226122B100652264223D
:1086F00020232123F7004822B0001922B7001A22B4
:108700007F20B200A025A000FFFFFFFFFFFFFFFFBB
:10871000010000000100000059891C719ED1A19543
:108720007B6F1E776E1FF0F6FFF3C36062E7CC220B
:108730008CA176880EE72BDE0102030405060708EC
:10874000090A0B0C0D0E0F10111213141516171821
:10875000191A1B1C1D1E1F20000000000000000035
:108760000000000000000000000000000000000009
:10877000000000000100000037AF010843B8010805
:108780009BB8010800000000197B000800000000F1
:1087900000000000000000000000000039AF0108E8
:1087A0006EB801089BB8010800000000317D000888
:1087B00000000000000000000000000000000000B9
:1087C00035AF0108CEB80108ECBD01080300000078
:1087D0000000000000000000000000000000000099
:1087E0000000000000000000000000000000000089
:1087F0000000000000000000000000000000000079
:10880000000000000000000037AF010862AA010864
:10881000D8B8010800000000E5A30008000000002F
:1088200000000000000000000000000039AF010857
:10883000A9A80108E6B301080000000019A2000879
:108840000000000000000000000000000000000028
:108850003BAF0108EAA8010820B7010800000000AA
:10886000F5AA000800000000000000000000000061
:108870000000000035AF0108CEB80108ECBD0108CA
:1088800003000000000000000000000000000000E5
:1088900000000000000000000000000000000000D8
:1088A00000000000000000000000000000000000C8
:1088B0000000000000000000000000001AD5258F15
:1088C000602D56C9B2A7259560C72C695CDCD6FD22
:1088D00031E2A4C0FE536ECDD33669215866666678
:1088E0006666666666666666666666666666666628
:1088F000666666666666666666666666A3DDB7A5D4
:10890000B38ADE6DF5525177809FF0207DE3AB6432
:108910008E4EEA6665768BD70F5F87670100000091
:108920000000000000000000000000000000000047
:10893000000000000000000000000000A3785913B0
:10894000CA4DEB75ABD841414D0A700098E8797774
:108950007940C78C73FE6F2BEE6C035259F1B2262F
:10896000949BD6EB56B183829A14E00030D1F3EE9B
:10897000F2808E19E7FCDF56DCD9062437AF0108F8
:1089800065B4010801B40108000000001D8A000858
:1089900000000000000000000000000000000000D7
:1089A00039AF01089DB701083DB70108000000007C
:1089B0009D8A000800000000000000000000000088
:1089C000000000003BAF010858BD010853BE01087C
:1089D00000000000B5870008000000000000000053
:1089E000000000000000000035AF0108CEB801080B
:1089F000ECBD0108030000000000000000000000C2
:108A00000000000000000000000000000000000066
:108A10000000000000000000000000000000000056
:108A20000000000000000000000000000000000046
:108A30000000000000000000000000000000000036
:108A40000000000000000000000000000000000026
:108A50000100000000000000000000000000000015
:108A60000000000000000000000000000000000006
:108A700000000000000000000000000000000000F6
:108A800000000000000000000000000000000000E6
:108A900001000000000000000000000000000000D5
:108AA00000000000000000000000000000000000C6
:108AB000B1C20008ADC2000809C0000859C20008D0
:108AC000A5C100081DC1000835C0000881C000080C
:108AD00099C00008E5C0000855C2000889C2000816
:108AE00091C100080100000000000000000000002B
:108AF0000000000000000000000000000000000076
:108B00000000000001CF0008F1CE000813CF0008DC
:108B1000DDD00008E1CE000805D10008E9D7000843
:108B200043D2000849D4000875D2000839D400089F
:108B300025D1000853CF000869CF0008C9D200082A
:108B4000BDD3000879D20008D5D40008F9D60008B2
:108B50004DD4000837AF0108C7A8010830B101089B
:108B600000000000118F000800000000000000005D
:108B7000000000000000000039AF010886A80108CD
:108B80009CB10108000000002992000800000000CC
:108B900000000000000000000000000035AF0108E8
:108BA000CEB80108ECBD0108030000000000000081
:108BB00000000000000000000000000000000000B5
:108BC00000000000000000000000000000000000A5
:108BD0000000000000000000000000000000000095
:108BE0000000000045F500083BF500084DF50008C1
:108BF000000000000000000029F50008000000004F
:108C00000000000037AF0108CAB3010824B401080E
:108C10000000000041950008000000000000000076
:108C2000000000000000000039AF0108E6B60108AE
:108C300062B7010800000000C595000800000000B0
:108C400000000000000000000000000035AF010837
:108C5000CEB80108ECBD01080300000000000000D0
:108C60000000000000000000000000000000000004
:108C700000000000000000000000000000000000F4
:108C800000000000000000000000000000000000E4
:108C90000000000095FA0008B9F80008B1FA0008D1
:108CA00091FE0008C5F8000831F9000849FA0008EB
:108CB00051FA000891FA00087DF90008DDFA000871
:108CC00061FC000849FD000865FB0008982F8A42F6
:108CD00091443771CFFBC0B5A5DBB5E95BC256390E
:108CE000F111F159A4823F92D55E1CAB98AA07D826
:108CF000015B8312BE853124C37D0C55745DBE7249
:108D0000FEB1DE80A706DC9B74F19BC1C1699BE4C8
:108D10008647BEEFC69DC10FCCA10C246F2CE92D58
:108D2000AA84744ADCA9B05CDA88F97652513E987C
:108D30006DC631A8C82703B0C77F59BFF30BE0C683
:108D40004791A7D55163CA0667292914850AB72711
:108D500038211B2EFC6D2C4D130D385354730A65AE
:108D6000BB0A6A762EC9C281852C7292A1E8BFA285
:108D70004B661AA8708B4BC2A3516CC719E892D1ED
:108D8000240699D685350EF470A06A1016C1A41970
:108D9000086C371E4C774827B5BCB034B30C1C396F
:108DA0004AAAD84E4FCA9C5BF36F2E68EE828F742E
:108DB0006F63A5781478C8840802C78CFAFFBE9048
:108DC000EB6C50A4F7A3F9BEF27871C60000000066
:108DD0006410B71DC8206E3BAC30D9269041DC76BC
:108DE000F4516B6B5861B24D3C7105502083B8ED66
:108DF00044930FF0E8A3D6D68CB361CBB0C2649B8A
:108E0000D4D2D38678E20AA01CF2BDBD05DF0008EB
:108E1000F9DE000815DF0008000000000000000077
:108E200000000000A1E00008E9DE0008D9E0000829
:108E30007DE10008F9E0000855E1000811E10008B3
:108E400045E10008E9E0000853DF000869DF000899
:108E5000554401088145010805440108000000004F
:108E6000E94201081942010801400108B94301081B
:108E700001000000000100000010000000100000D0
:108E8000F4010000000100001000000000000000DC
:108E900000000000000000000000000000000000D2
:108EA00000000000000000000000000000000000C2
:108EB000CD460108894701084D46010837AF010832
:108EC0000BB80108DFBC0108010000000000000031
:108ED00008880108040000000000000000000000F5
:108EE0003BAF010817B2010818BD010801000000DE
:108EF00000000000109501080600000000000000BE
:108F0000000000003DAF01086FB9010827B6010855
:108F100000000000D58E00080000000000000000E6
:108F2000000000000000000041AF0108FFB501088B
:108F3000F9BC01080100000000000000788701086A
:108F400003000000000000000000000043AF010823
:108F500044B4010880B4010800000000817F0008CB
:108F60000000000000000000000000000000000001
:108F700045AF0108B5B401085BB601080100000067
:108F800000000000048C0108030000000000000045
:108F90000000000062B001083ABE01084FB90108A4
:108FA00001000000000000007C89010804000000AE
:108FB000000000000000000064B001086CA8010877
:108FC00017BE0108000000009D9E00080000000080
:108FD00000000000000000000000000056B1010881
:108FE000D4B10108E8B1010800000000B5B20008E2
:108FF0000000000000000000000000000000000071
:1090000087B1010844B6010835BD01080100000020
:1090100000000000548B0108030000000000000065
:109020000000000000000000000000000000000040
:109030000000000000000000000000000000000030
:10904000000000000000000022AE28D7982F8A42BE
:10905000CD65EF23914437712F3B4DECCFFBC0B56D
:10906000BCDB8981A5DBB5E938B548F35BC256396D
:1090700019D005B6F111F1599B4F19AFA4823F9257
:1090800018816DDAD55E1CAB420203A398AA07D8FB
:10909000BE6F7045015B83128CB2E44EBE853124F5
:1090A000E2B4FFD5C37D0C556F897BF2745DBE724F
:1090B000B196163BFEB1DE803512C725A706DC9BB4
:1090C000942669CF74F19BC1D24AF19EC1699BE499
:1090D000E3254F388647BEEFB5D58C8BC69DC10FB3
:1090E000659CAC77CCA10C2475022B596F2CE92D13
:1090F00083E4A66EAA84744AD4FB41BDDCA9B05CAB
:10910000B5531183DA88F976ABDF66EE52513E989B
:109110001032B42D6DC631A83F21FB98C82703B08B
:10912000E40EEFBEC77F59BFC28FA83DF30BE0C668
:1091300025A70A934791A7D56F8203E05163CA061A
:10914000706E0E0A67292914FC2FD246850AB727AC
:1091500026C9265C38211B2EED2AC45AFC6D2C4DE5
:10916000DFB3959D130D3853DE63AF8B54730A65DF
:10917000A8B2773CBB0A6A76E6AEED472EC9C2813B
:109180003B358214852C72926403F14CA1E8BFA296
:10919000013042BC4B661AA89197F8D0708B4BC235
:1091A00030BE5406A3516CC71852EFD619E892D1BD
:1091B00010A96555240699D62A20715785350EF4D5
:1091C000B8D1BB3270A06A10C8D0D2B816C1A419E9
:1091D00053AB4151086C371E99EB8EDF4C77482713
:1091E000A8489BE1B5BCB034635AC9C5B30C1C395F
:1091F000CB8A41E34AAAD84E73E363774FCA9C5B9C
:10920000A3B8B2D6F36F2E68FCB2EF5DEE828F7416
:10921000602F17436F63A57872ABF0A11478C884F0
:10922000EC39641A0802C78C281E6323FAFFBE902B
:10923000E9BD82DEEB6C50A41579C6B2F7A3F9BE86
:109240002B5372E3F27871C69C6126EACE3E27CAA0
:1092500007C2C021C7B886D11EEBE0CDD67DDAEAC1
:1092600078D16EEE7F4F7DF5BA6F1772AA67F00660
:10927000A698C8A2C57D630AAE0DF9BE04983F1139
:109280001B471C13350B711B847D0423F577DB28EA
:109290009324C7407BABCA32BCBEC9150ABE9E3CF4
:1092A0004C0D109CC4671D43B6423ECBBED4C54C8A
:1092B0002A7E65FC9C297F59ECFAD63AAB6FCB5FCE
:1092C0001758474A8C19446C52096AD53036A5386C
:1092D000BF40A39E81F3D7FB7CE339829B2FFF879E
:1092E000348E4344C4DEE9CB547B9432A6C2233D82
:1092F000EE4C950B42FAC34E082EA16628D924B233
:10930000765BA2496D8BD12572F8F6648668981653
:10931000D4A45CCC5D65B6926C704850FDEDB9DAB2
:109320005E154657A78D9D8490D8AB008CBCD30AA0
:10933000F7E45805B8B34506D02C1E8FCA3F0F027C
:10934000C1AFBD0301138A6B3A9111414F67DCEA4B
:1093500097F2CFCEF0B4E67396AC7422E7AD3585C4
:10936000E2F937E81C75DF6E47F11A711D29C589CE
:109370006FB7620EAA18BE1BFC563E4BC6D27920B0
:109380009ADBC0FE78CD5AF41FDDA8338807C731B9
:10939000B11210592780EC5F60517FA919B54A0DB1
:1093A0002DE57A9F93C99CEFA0E03B4DAE2AF5B026
:1093B000C8EBBB3C83539961172B047EBA77D62642
:1093C000E169146355210C7DD3660108D966010853
:1093D000637C777BF26B6FC53001672BFED7AB7672
:1093E000CA82C97DFA5947F0ADD4A2AF9CA472C01D
:1093F000B7FD9326363FF7CC34A5E5F171D831158A
:1094000004C723C31896059A071280E2EB27B275AA
:1094100009832C1A1B6E5AA0523BD6B329E32F8422
:1094200053D100ED20FCB15B6ACBBE394A4C58CF1A
:10943000D0EFAAFB434D338545F9027F503C9FA8EE
:1094400051A3408F929D38F5BCB6DA2110FFF3D2BC
:10945000CD0C13EC5F974417C4A77E3D645D197370
:1094600060814FDC222A908846EEB814DE5E0BDB6A
:10947000E0323A0A4906245CC2D3AC629195E479A1
:10948000E7C8376D8DD54EA96C56F4EA657AAE08FB
:10949000BA78252E1CA6B4C6E8DD741F4BBD8B8A96
:1094A000703EB5664803F60E613557B986C11D9EFC
:1094B000E1F8981169D98E949B1E87E9CE5528DF73
:1094C0008CA1890DBFE6426841992D0FB054BB169F
:1094D00008C9BCF367E6096A3BA7CA8485AE67BBC7
:1094E0002BF894FE72F36E3CF1361D5F3AF54FA5F2
:1094F000D182E6AD7F520E511F6C3E2B8C68059BCE
:109500006BBD41FBABD9831F79217E1319CDE05B85
:1095100037AF01089CB40108BAB701080000000089
:1095200039B000080000000000000000000000004A
:109530000000000039AF01082CB80108D4B70108B9
:1095400000000000E5AC0008000000000000000082
:1095500000000000000000003BAF0108F6BB01085E
:1095600084B7010800000000C9A90008000000003D
:109570000000000000000000000000003DAF0108F6
:10958000D1B4010804B701080000000011860008EA
:1095900000000000000000000000000000000000CB
:1095A0003FAF0108F4B80108FAB701080000000055
:1095B000E18400080000000000000000000000003E
:1095C0000000000035AF0108CEB80108ECBD01086D
:1095D0000300000000000000000000000000000088
:1095E000000000000000000000000000000000007B
:1095F000000000000000000000000000000000006B
:10960000000000000000000000000000082008002A
:109610002009000D0A0D0A0066775F706B673A201B
:1096200063697068657274657874206E6F74206108
:109630006C69676E656420746F2041455320626CCD
:109640006F636B2028256C75202525202564203D1F
:1096500020256C75290D0A0066775F706B673A20CC
:10966000736563757269747920636F756E74657262
:10967000204F4B2028256C75203E3D20256C7529F8
:109680000D0A00556E6B6E6F776E206B65793A2010
:10969000272563272E2054797065202768272066A8
:1096A0006F722068656C702E0D0A00556E6B6E6FC0
:1096B000776E20636F6D6D616E643A202725732786
:1096C0002E20547970652027682720666F722068E5
:1096D000656C702E0D0A00496E7465726E616C20A7
:1096E000666C6173682070726F6772616D2066616D
:1096F000696C65642061742030782530386C580DB1
:109700000A00496E7465726E616C20666C617368E4
:1097100020766572696679206661696C656420618E
:10972000742030782530386C580D0A00665F6D6FF4
:10973000756E74206661696C65643A2025640D0A53
:109740000066775F706B673A20756E737570706F27
:1097500072746564206865616465722076657273F1
:10976000696F6E2025640D0A00626F6F746C6F6103
:109770006465725F646F776E6C6F61643A207372B8
:10978000632072656164206661696C65642065723E
:10979000723D25640D0A00626F6F746C6F616465C1
:1097A000725F646F776E6C6F61643A2073726320CE
:1097B000636C6F7365206661696C656420657272A5
:1097C0003D25640D0A00626F6F746C6F6164657291
:1097D0005F646F776E6C6F61643A207467742063A6
:1097E0006C6F7365206661696C6564206572723D9B
:1097F00025640D0A00626F6F746C6F616465725F3F
:10980000646F776E6C6F61643A207467742077724E
:10981000697465206661696C6564206572723D25B6
:10982000640D0A00626F6F746C6F616465725F64CF
:109830006F776E6C6F61643A20737263206F70652E
:109840006E206661696C6564206572723D25640DE9
:109850000A00626F6F746C6F616465725F646F772A
:109860006E6C6F61643A20746774206F70656E204F
:109870006661696C6564206572723D25640D0A003D
:109880004C46533A20636C6F7365206661696C6562
:10989000642C207265733D25640D0A0046415446D0
:1098A000533A20636C6F7365206661696C65642C44
:1098B000207265733D25640D0A0046415446533AB3
:1098C000207472756E63617465206661696C65648D
:1098D0002C207265733D25640D0A0066775F706BFE
:1098E000673A207369676E617475726520616C6791
:1098F0006F202575206E6F7420737570706F727491
:1099000065640D0A0053696E676C65206B6579208C
:109910006D6F64653A2025730D0A0053442043613E
:10992000726420446574656374696F6E2050696E5B
:109930002053746174653A2025730D0A00446573E1
:109940006372697074696F6E3A2025730D0A006640
:10995000775F706B673A20756E737570706F727495
:10996000656420656E6372797074696F6E20616CD6
:10997000676F2025750D0A0066775F706B673A2068
:10998000686561646572204F4B2C207625752E2505
:10999000752E25752C207061796C6F61643D256C86
:1099A000752C206369706865723D256C752C206587
:1099B0006E633D25752C207369673D25750D0A0082
:1099C00066775F706B673A207061796C6F616420B5
:1099D000746F6F20736D616C6C20256C750D0A00BF
:1099E000626F6F746C6F616465725F646F776E6CC9
:1099F0006F61643A2070726F677265737320256CB3
:109A0000752F256C750D0A0046415446532074612C
:109A100072676574206F70656E65643A2025732CDB
:109A20002073697A653D256C750D0A0066775F7055
:109A30006B673A20524F4C4C4241434B2064657453
:109A400065637465642120706B675F636F756E7406
:109A500065723D256C75203C2073746F7265645F80
:109A6000636F756E7465723D256C750D0A00257304
:109A70003A25643A64656275673A20466978696E8A
:109A800067206D6F7665207768696C652072656CFC
:109A90006F636174696E67207B307825782C203085
:109AA0007825787D20307825780A25730A0025737B
:109AB0003A25643A64656275673A20466978696E4A
:109AC00067206D6F7665207768696C6520666978B8
:109AD000696E67206F727068616E73207B307825C5
:109AE000782C20307825787D20307825780A2573E9
:109AF0000A004E616D653A2025730A0025733A25E8
:109B0000643A6572726F723A20496E76616C69646C
:109B100020626C6F636B2073697A6520282575203D
:109B2000213D2025752925730A0025733A25643ABD
:109B30006572726F723A20496E76616C6964206258
:109B40006C6F636B20636F756E7420282575202100
:109B50003D2025752925730A0025733A25643A6549
:109B600072726F723A20556E737570706F72746591
:109B7000642066696C655F6D617820282575203EDC
:109B80002025752925730A0025733A25643A6572E4
:109B9000726F723A20556E737570706F727465646F
:109BA00020617474725F6D617820282575203E20D5
:109BB00025752925730A0025733A25643A65727262
:109BC0006F723A20496E76616C69642076657273B3
:109BD000696F6E207625642E256420213D20762530
:109BE000642E256425730A0025733A25643A64655A
:109BF0006275673A2042616420626C6F636B20611A
:109C000074203078257825730A0025733A25643A44
:109C100064656275673A20466F756E642070656E84
:109C200064696E67206773746174652030782530CD
:109C30003878253038782530387825730A00257330
:109C40003A25643A64656275673A20466978696EB8
:109C5000672068616C662D6F727068616E207B3062
:109C60007825782C20307825787D202D3E207B307B
:109C70007825782C20307825787D25730A00544685
:109C80002063617264206465746563746564206137
:109C90006E642072656164790D0A0D004641544678
:109CA000533A20696E76616C696420706174682033
:109CB000286E756C6C206F7220656D707479290D3B
:109CC00000626F6F746C6F616465725F646F776E52
:109CD0006C6F61643A20636C6F73696E6720736F99
:109CE000757263652E2E2E0D00626F6F746C6F613E
:109CF0006465725F646F776E6C6F61643A20737431
:109D0000617274696E6720646F776E6C6F61642036
:109D10006C6F6F702E2E2E0D000D0A4669726D77D6
:109D20006172652075706461746520726571756516
:109D300073746564206279204170702E2E2E0D00A0
:109D40005363616E6E696E6720666F722062696E22
:109D500020616E64206165732066696C65732E2EC8
:109D60002E0D005363616E6E696E6720666F722000
:109D70002E62696E2E6165732066696C65732E2E86
:109D80002E0D00626F6F746C6F616465725F646F3B
:109D9000776E6C6F61643A20636C6F73696E6720D5
:109DA0007461726765742E2E2E0D000D0A456E7457
:109DB000657220426F6F746C6F61646572204D65CF
:109DC0006E752E2E2E0D0066775F706B673A2048F9
:109DD0004D414320766572696669636174696F6E8F
:109DE000204641494C45440D0066775F706B673AE9
:109DF0002045643235353139207369676E61747579
:109E0000726520766572696669636174696F6E2038
:109E10004641494C45440D0066775F706B673A20B8
:109E2000414553206B6579206465726976656420CD
:109E300076696120484B44460D0066775F706B671A
:109E40003A20484D414320766572696669636174C2
:109E5000696F6E204F4B0D0066775F706B673A201D
:109E600045643235353139207369676E61747572B6
:109E70006520766572696669636174696F6E204FEB
:109E80004B0D00496E7465726E616C20666C617377
:109E90006820636C6F7365640D0046415446533A05
:109EA000206673206E6F74206D6F756E7465640D1F
:109EB0000066775F706B673A2041455320636F6E91
:109EC00074657874206E6F7420696E697469616C52
:109ED000697A65640D0066775F706B673A2041456B
:109EE000532D3235362D45434220636F6E746578AD
:109EF0007420696E697469616C697A65640D0066C5
:109F0000775F706B673A204145532D3235362D43CC
:109F1000424320636F6E7465787420696E6974695A
:109F2000616C697A65640D0066775F706B673A20D3
:109F30004145532D3235362D43545220636F6E7494
:109F400065787420696E697469616C697A65640DFD
:109F500000626F6F746C6F616465725F646F776EBF
:109F60006C6F61643A2062797465735F72656164D5
:109F70003D302C20627265616B696E670D00626F07
:109F80006F746C6F616465725F646F776E6C6F6124
:109F9000643A20706172616D206E756C6C0D0050BA
:109FA000726F67726573733A202575202F202575AF
:109FB0002062797465730D00626F6F746C6F6164F9
:109FC00065725F646F776E6C6F61643A206D697360
:109FD00073696E67206F70730D00626F6F746C6FC2
:109FE000616465725F646F776E6C6F61643A207351
:109FF0007563636573730D0054462063617264205A
:10A00000646574656374696F6E2074696D656F75DE
:10A01000740D0045643235353139207369676E61DE
:10A020007475726520766572696669636174696FBB
:10A030006E204641494C45442120004275666665C4
:10A040007220766572696679207465737420464162
:10A05000494C45442120000D0A456E746572206606
:10A06000696C656E616D65202877697468202E6261
:10A07000696E2C202E62696E2E6165732C202E680D
:10A0800064696666206F72202E7369672065787434
:10A09000656E73696F6E293A200055494420286225
:10A0A00079746573293A20004465766963652055A3
:10A0B00049443A200053746F7265206661696C658B
:10A0C0006421204572726F7220636F64653A2000CC
:10A0D0004669726D77617265207570646174652080
:10A0E0006661696C656421204572726F7220636FCE
:10A0F00064653A200044656372797074696F6E20FC
:10A100006661696C656421204572726F7220636FAD
:10A1100064653A20004572726F723A20534420639E
:10A12000617264206D6F756E74206661696C656420
:10A1300021204572726F7220636F64653A20004877
:10A140005061746368207570677261646520666130
:10A15000696C656421204572726F723A20000D0AA5
:10A1600053656C6563742066696C6520746F206448
:10A1700065637279707420616E6420646F776E6CB1
:10A180006F61642028312D256429206F722027619A
:10A190002720746F2061626F72743A20000D0A5399
:10A1A000656C6563742066696C652028312D2564B3
:10A1B00029206F722027612720746F2061626F72DF
:10A1C000743A20000D0A53656C656374206F6C64EB
:10A1D000206669726D776172652066696C652074AE
:10A1E0006F207570646174652028312D25642920E5
:10A1F0006F722027612720746F2061626F72743A3A
:10A200002000446576696365204B65793A200044F7
:10A2100065764B65793A200025303258200054612C
:10A220006D7065726564207369676E6174757265BF
:10A230002074657374204641494C45442028736856
:10A240006F756C642068617665206265656E20724A
:10A25000656A656374656429210054616D70657277
:10A260006564207369676E617475726520746573C7
:10A2700074205041535345442028636F72726563C4
:10A28000746C792072656A6563746564292100566F
:10A290006572696669636174696F6E3A2046414907
:10A2A0004C454421004641494C45443A20456432DE
:10A2B00035353139207369676E6174757265207642
:10A2C0006572696669636174696F6E204641494CC5
:10A2D0004544210045643235353139207369676E54
:10A2E0006174757265207665726966696361746907
:10A2F0006F6E2050415353454421004669726D777B
:10A30000617265206D61792062652054414D504530
:10A31000524544206F7220434F5252555054454489
:10A3200021004572726F723A204661696C65642043
:10A33000746F207265616420495621004572726F06
:10A34000723A20577269746520746F206F7574704B
:10A3500075742066696C65206661696C65642100AE
:10A360004572726F723A205772697465206661692E
:10A370006C656421004572726F723A204F54502010
:10A380007772697465206661696C656421000A0AE8
:10A39000566572696669636174696F6E206661698A
:10A3A0006C656421004641494C45443A20484D4182
:10A3B0004320766572696669636174696F6E2066B1
:10A3C00061696C656421004572726F723A20524E69
:10A3D000472067656E65726174696F6E206661699A
:10A3E0006C656421004572726F723A204B6579206A
:10A3F00064657269766174696F6E206661696C6507
:10A400006421004572726F723A2053504920466CA5
:10A4100061736820696E697469616C697A617469D5
:10A420006F6E206661696C656421004572726F729F
:10A430003A2044656372797074696F6E2066616951
:10A440006C656421004572726F723A205350492046
:10A45000466C61736820696E6974206661696C6519
:10A460006421004572726F723A2041455320636F38
:10A470006E7465787420696E6974206661696C65B4
:10A480006421004572726F723A204C6974746C6575
:10A490004653206D6F756E74206661696C6564212A
:10A4A000004572726F723A2052656D6F756E74203E
:10A4B0006661696C656421004641494C45443A2017
:10A4C000526F6C6C6261636B206465746563746564
:10A4D0006421004E6F202E62696E2E6165732066C6
:10A4E000696C657320666F756E64206F6E205344CF
:10A4F000206361726421004E6F2062696E2C2061BE
:10A5000065732C206864696666206F7220736967C2
:10A510002066696C657320666F756E64206F6E20AF
:10A520005446206361726421004572726F723A2052
:10A5300046696C6520746F6F20736D616C6C20745C
:10A540006F20626520612076616C696420706163B0
:10A550006B61676521004572726F723A2043616ECC
:10A560006E6F74206F70656E20736F7572636520F7
:10A5700066696C6521000A4661696C656420746FC8
:10A580002072656365697665207468652066696C0C
:10A590006521000D4572726F723A20456D707479B5
:10A5A0002066696C656E616D6521004572726F721F
:10A5B0003A204661696C656420746F20726561643D
:10A5C000207369676E617475726521000D45727242
:10A5D0006F723A20496E76616C69642073697A659E
:10A5E00021004572726F723A2043616E6E6F742063
:10A5F0006D6F756E742053504920466C61736821ED
:10A60000004F5450207772697465207375636365D9
:10A61000737366756C21004572726F723A204661E1
:10A62000696C656420746F2072656164206865617F
:10A6300064657221004E6F202E686469666620662C
:10A64000696C657320666F756E64206F6E2025736C
:10A6500021004E6F202E62696E2066696C65732042
:10A66000666F756E64206F6E2025732100457272CF
:10A670006F723A204661696C656420746F20726560
:10A6800061642073616C7421000A0A50726F6772F2
:10A69000616D6D696E6720436F6D706C6574656484
:10A6A000205375636365737366756C6C7921000D57
:10A6B000496D6167652073746F726564207375639B
:10A6C0006365737366756C6C792100496D616765AC
:10A6D0002064656C6574656420737563636573736A
:10A6E00066756C6C79210044656372797074696F6A
:10A6F0006E20616E6420646F776E6C6F616420639E
:10A700006F6D706C657465642073756363657373D6
:10A7100066756C6C792100485061746368207570AF
:10A72000677261646520636F6D706C657465642029
:10A730007375636365737366756C6C792100466924
:10A74000726D776172652075706461746520636FE6
:10A750006D706C657465642073756363657373668F
:10A76000756C6C79210044656372797074696F6EE1
:10A7700020636F6D706C65746564207375636365C9
:10A78000737366756C6C79210046696C652073790A
:10A790007374656D20666F726D6174746564207387
:10A7A00075636365737366756C6C792100457272AD
:10A7B0006F723A2043616E6E6F74206F70656E2009
:10A7C0006469726563746F727921005465737420D3
:10A7D0006D6573736167653A202248656C6C6F2CF8
:10A7E00020456432353531392122004E6F6E6520A7
:10A7F0002830783030290045643235353139202809
:10A800003078303129004145532D3235362D4342C1
:10A81000432028307830312900417070202830786A
:10A82000303129004145532D3235362D45434220E4
:10A8300028307830322900426F6F746C6F61646524
:10A840007220283078303229004145532D32353678
:10A850002D43545220283078303329005265736FCD
:10A8600075726365202830783033290047656E653E
:10A870007261746520446576696365204B65792053
:10A8800028524E4729005061727365207061636BD6
:10A890006167652066726F6D2053504920466C6178
:10A8A000736820284C46532900446F776E6C6F61A3
:10A8B000642066726F6D20534420636172642028A7
:10A8C000464154465329005061727365207061639C
:10A8D0006B6167652066726F6D20534420636172FF
:10A8E00064202846415446532900446F776E6C6FAC
:10A8F00061642066726F6D2053504920466C61730D
:10A900006820284C6974746C654653290046414997
:10A910004C45443A20485720636F6D706174206D38
:10A9200069736D617463682028706B673D307825AA
:10A9300030386C582C20626F6172643D307825305D
:10A94000386C5829002876203E20302920262028DF
:10A95000282876203E3E203829202620307846467A
:10A9600029203D3D2073617665645B315D29202699
:10A970002028282876203E3E2031362920262030E7
:10A9800078464629203D3D2073617665645B325DE3
:10A9900029202620282876203E3E20323429203DBA
:10A9A0003D2073617665645B335D29004669726D95
:10A9B00077617265207061636B6167652070617299
:10A9C0007365204641494C45443A2025732028654B
:10A9D00072723D256429002020636C65617220201D
:10A9E0002D20436C6561722073637265656E20284B
:10A9F000696E206C696E65206D6F646529006C66F8
:10AA0000735F6D6C6973745F69736F70656E286CCA
:10AA100066732D3E6D6C6973742C20287374727587
:10AA20006374206C66735F6D6C6973742A29666940
:10AA30006C65290020205075624B65793A202020F2
:10AA400020202020202020204E554C4C20286E6FA6
:10AA5000207369676E617475726520636865636BE6
:10AA60002900446F776E6C6F6164207669612053B2
:10AA7000657269616C2028596D6F64656D290049A4
:10AA80006E76616C6964207369676E617475726556
:10AA90002066696C652073697A6520286578706521
:10AAA00063746564203634206279746573290048C4
:10AAB0004D414320766572696669636174696F6EA2
:10AAC0003A20534B495050454420286E6F2044652E
:10AAD000764B657929005369676E617475726520DC
:10AAE000766572696669636174696F6E3A20534B6B
:10AAF000495050454420286E6F207075626C696320
:10AB0000206B6579290020203C6B65793E20202D43
:10AB10002053656C656374206D656E75206974657E
:10AB20006D20286C6F77657263617365206F6E6C42
:10AB30007929002D2D2D2055736572204461746193
:10AB4000202835313220627974657329202D2D2D0E
:10AB5000002D2D2D20446576696365204B65792095
:10AB600028313620627974657329202D2D2D002D12
:10AB70002D2D2D2D2D2D2D2D2D2D2D2D2D2D2D2D05
:10AB80002D2D2D2D2D2D2D2D2D2D2D2D2D2D2D0022
:10AB900052656164696E67207369676E617475726E
:10ABA0006520283634206279746573292E2E2E0094
:10ABB00052656164696E67204956202831362062EB
:10ABC00079746573292E2E2E0052656164696E6753
:10ABD0002044796E616D696353616C74202831364D
:10ABE000206279746573292E2E2E0056657269666F
:10ABF00079696E6720484D41432E2E2E00446572C0
:10AC00006976696E6720414553206B6579207669C6
:10AC10006120484B44462E2E2E0057726974696E8F
:10AC20006720746F204F54502E2E2E004D6F756E7E
:10AC300074696E67204C6974746C6546532E2E2EB1
:10AC4000005075626C6963206B65793A202530325B
:10AC5000582530325825303258253032582E2E2E75
:10AC6000004F70656E696E67206F75747075742023
:10AC700066696C6520666F722064656372797074B2
:10AC8000656420646174612E2E2E005374617274A9
:10AC9000696E672064656372797074696F6E206194
:10ACA0006E6420646F776E6C6F61642E2E2E004987
:10ACB0006E697469616C697A696E672054462063B5
:10ACC0006172642E2E2E005374617274696E672057
:10ACD00048506174636820646966666572656E7465
:10ACE00069616C20757067726164652E2E2E005646
:10ACF0006572696679696E67204564323535313928
:10AD0000207369676E61747572652E2E2E00537400
:10AD1000617274696E67206669726D776172652011
:10AD20007570646174652E2E2E00566572696679A1
:10AD3000696E672E2E2E00496E697469616C697A9E
:10AD4000696E672053504920466C6173682E2E2E21
:10AD50000053746F72696E6720696D616765207456
:10AD60006F2053504920466C6173682E2E2E000DC3
:10AD700053746F72696E672066726F6D20496E74CE
:10AD800065726E616C20466C61736820746F20532D
:10AD9000504920466C6173682E2E2E000D466F724E
:10ADA0006D617474696E672053504920466C6173FD
:10ADB000682066696C652073797374656D2E2E2E1C
:10ADC000002020484D41433A2020202020202020F0
:10ADD000202020202025732E2E2E0020205075624A
:10ADE0004B65792028257542293A202020202025EE
:10ADF000732E2E2E0020205369676E617475726564
:10AE00003A2020202025732E2E2E005363616E6E73
:10AE1000696E6720666F72202E6961702E62696E9E
:10AE20002066696C65732E2E2E0050726F636573F9
:10AE300073696E6720636970686572746578742ED3
:10AE40002E2E0045786974696E67206D656E752ECB
:10AE50002E2E004669726D7761726520696E746589
:10AE6000677269747920636F6E6669726D65642EAE
:10AE700000596F752063616E206E6F77206578656D
:10AE80006375746520746865206170706C696361B6
:10AE900074696F6E2E000A0A41626F7274656420D5
:10AEA000627920757365722E000D41626F72746550
:10AEB0006420627920757365722E00557067726127
:10AEC000646564206669726D77617265207361766E
:10AED000656420746F2025732E00416C7265616477
:10AEE0007920617420746F70206C6576656C206DBC
:10AEF000656E752E00303A2F00657272203C3D2041
:10AF00003000636F6D6D69742E6F66662025206C4E
:10AF100066732D3E6366672D3E70726F675F73695F
:10AF20007A65203D3D2030006469722D3E636F7567
:10AF30006E74203E20300031003200330034003582
:10AF4000003600370038005261772076616C7565F5
:10AF5000732028686578293A00417661696C6162DE
:10AF60006C6520636F6D6D616E64733A00466F753A
:10AF70006E64206669726D776172652066696C65C2
:10AF8000733A00466F756E642062696E20616E646C
:10AF9000206165732066696C65733A003D3D3D2014
:10AFA0004F5450204D656D6F72792028353238200E
:10AFB000627974657329203D3D3D003D3D3D204350
:10AFC00068697020556E697175652044657669639E
:10AFD00065204944202839362D62697429203D3D79
:10AFE0003D000D0A3D3D3D2048656C70203D3D3DD6
:10AFF000003D3D3D3D3D3D3D3D204669726D7761E3
:10B000007265205061636B616765204865616465A6
:10B0100072203D3D3D3D3D3D3D3D003D3D3D3D3D85
:10B020003D3D3D2053756D6D617279203D3D3D3D47
:10B030003D3D3D3D003D3D3D3D3D3D3D3D3D3D3D7D
:10B040003D3D3D3D3D3D3D3D3D3D3D3D3D3D3D3D30
:10B050003D3D3D3D3D3D3D3D3D3D3D3D3D3D3D005D
:10B060003F004200430020205369676E617475728F
:10B07000653A20202020564552494649454400451E
:10B08000643235353139207369676E617475726564
:10B090003A205645524946494544002020536967A5
:10B0A0006E61747572653A20202020534B495050D0
:10B0B0004544002020484D41433A202020202020B4
:10B0C00020202050415353454400536563757269F5
:10B0D000747920636F756E74657220636865636B45
:10B0E0003A2050415353454400485720636F6D70D8
:10B0F000617420636865636B3A2050415353454443
:10B1000000566572696669636174696F6E3A2050B2
:10B11000415353454400484D41432076657269666A
:10B1200069636174696F6E3A20504153534544001E
:10B130005061727365202E6961702E62696E2061A4
:10B140006E642073617665206465637279707465DE
:10B150006420746F205344006C66735F7461675F92
:10B160007479706533286C66732D3E676469736B00
:10B170002E74616729203D3D204C46535F54595041
:10B18000455F44454C455445002E484449464600D9
:10B190004F4646001B5B324A1B5B4800506172738E
:10B1A00065202E6961702E62696E20616E64207365
:10B1B0006176652064656372797074656420746F6C
:10B1C00020535049004F4B002E4941502E42494ECA
:10B1D000004F4E005772697465204465764B65795F
:10B1E00020746F204F54500047656E65726174651E
:10B1F00020616E64207772697465203132382D6267
:10B200006974206B657920746F204F5450002E4272
:10B21000494E2E4145530053746F726520696D612C
:10B22000676520746F205350492D466C6173682008
:10B230004C4653002020526573756C743A202020D0
:10B2400020202020535543434553530041540025AB
:10B25000303258002530386C582D2530386C582D38
:10B260002530386C580020204D616769633A2020F2
:10B270002020202020202020202030782530386CED
:10B2800058002020485720436F6D7061743A202089
:10B2900020202020202030782530386C58002020B5
:10B2A000486172647761726520436F6D7061743AB2
:10B2B000202030782530386C580020205225643A00
:10B2C0002030782530386C58002E2E2F5574696C3C
:10B2D000732F74757A5F6465632E63002E2E2F4D75
:10B2E0006964646C6577617265732F546869726410
:10B2F0005F50617274792F4C6974746C6546732F5A
:10B300006C66732E630064657363005F48646966EE
:10B3100066557067726164656400484D41432076EC
:10B320006572696669636174696F6E206661696CD4
:10B330006564005369676E61747572652076657225
:10B34000696669636174696F6E206661696C6564C2
:10B350000045643235353139207369676E61747523
:10B36000726520766572696669636174696F6E20C3
:10B370006661696C65640044656372797074696FB5
:10B380006E206661696C6564005369676E617475EF
:10B39000726520766572696669636174696F6E2093
:10B3A00070617373656400536563757269747920A5
:10B3B000636F756E74657220726F6C6C6261636B23
:10B3C00020646574656374656400485061746368E3
:10B3D00020757067726164652066726F6D205344DA
:10B3E00020636172640052656164206669726D77E2
:10B3F0006172652066726F6D2053442063617264D0
:10B4000000566572696679202E62696E20736967DD
:10B410006E61747572652066726F6D20534420638F
:10B42000617264004170706C79202E686469666690
:10B430002070617463682066726F6D2053442063CE
:10B440006172640044656372797074202E62696E63
:10B450002E6165732066696C65206F6E20534420F1
:10B460006361726400566572696679206669726DFF
:10B4700077617265206F6E205344206361726400AF
:10B480004465637279707420616E642073617665BF
:10B4900020746F20534420636172640053746F7290
:10B4A0006520696D6167652066726F6D2054462066
:10B4B0006361726400485061746368206469666601
:10B4C0006572656E7469616C207570677261646520
:10B4D0000044656C6574652073746F7265642069DF
:10B4E0006D6167650073696E676C65004661696CC4
:10B4F000656420746F2072656164206461746120EA
:10B5000066696C65004661696C656420746F206FC4
:10B5100070656E20646174612066696C65004661C7
:10B52000696C656420746F2072656164206F6C645F
:10B530002066696C65004661696C656420746F20E3
:10B540006F70656E206F6C642066696C6500466183
:10B55000696C656420746F2072656164207369672B
:10B560006E61747572652066696C65004661696C10
:10B57000656420746F206F70656E207369676E61FB
:10B58000747572652066696C65004661696C6564F6
:10B5900020746F2072656164206469666620666944
:10B5A0006C65004661696C656420746F206F70651E
:10B5B0006E20646966662066696C65004661696C28
:10B5C000656420746F20637265617465206F7574A3
:10B5D0007075742066696C65004661696C656420ED
:10B5E000746F207772697465206F7574707574203C
:10B5F00066696C6500686F6D65004E6F6E6500442E
:10B6000065637279707420616E6420646F776E6C0C
:10B610006F616420656E6372797074656420666919
:10B62000726D77617265004A756D7020746F20616C
:10B6300070706C69636174696F6E206669726D7792
:10B64000617265004669726D776172652050616351
:10B650006B61676520506172736500446966666559
:10B6600072656E7469616C206669726D776172656E
:10B6700020757064617465002E6864696666000DEB
:10B680004572726F723A20496E76616C6964206609
:10B69000696C6520657874656E73696F6E21204DE5
:10B6A000757374206265202E62696E2C202E62698B
:10B6B0006E2E6165732C202E6864696666206F7239
:10B6C000202E736967004861726477617265206338
:10B6D0006F6D7061746962696C697479206D6973EA
:10B6E0006D617463680048506174636820757067A9
:10B6F000726164652066726F6D2053504920466CFC
:10B700006173680052656D6F766520696D6167656C
:10B710002066726F6D2053504920466C617368003B
:10B7200052656164206669726D7761726520667228
:10B730006F6D2053504920466C61736800566572E6
:10B74000696679202E62696E207369676E6174750F
:10B7500072652066726F6D2053504920466C61738C
:10B7600068004170706C79202E686469666620708C
:10B77000617463682066726F6D2053504920466C77
:10B78000617368004C69737420696D61676573202B
:10B79000696E2053504920466C617368005665728B
:10B7A000696679206669726D77617265206F6E20B7
:10B7B00053504920466C61736800436F707920666E
:10B7C000726F6D20534420746F2053504920466C93
:10B7D00061736800436F70792066726F6D20696EC7
:10B7E0007465726E616C20466C61736820746F20A2
:10B7F00053504920466C61736800466F726D6174E6
:10B800002053504920466C61736800446F776E6C1A
:10B810006F616420696D61676520746F20696E7463
:10B8200065726E616C20466C6173680053746F7250
:10B830006520696D6167652066726F6D20466C6179
:10B84000736800446563727970742066726F6D204E
:10B850005344206361726420616E6420646F776E6C
:10B860006C6F616420746F20466C6173680044657E
:10B8700063727970742066726F6D20535049204650
:10B880006C61736820616E6420646F776E6C6F61A9
:10B890006420746F20466C6173680044656372793C
:10B8A0007074202E62696E2E61657320616E642053
:10B8B000777269746520746F20466C6173680069E3
:10B8C0006E7465726E616C5F666C61736800426174
:10B8D000636B006261636B00526563656976652026
:10B8E0006669726D776172652076696120596D6F46
:10B8F00064656D0044656C65746520656E7469727D
:10B90000652066696C652073797374656D00556E8A
:10B91000737570706F7274656420616C676F7269A3
:10B9200074686D002E6961702E62696E0025732E39
:10B9300062696E00556E737570706F727465642005
:10B940006865616465722076657273696F6E004622
:10B9500069726D77617265207369676E6174757263
:10B960006520766572696669636174696F6E00450A
:10B9700078656375746520746865206C6F616465B3
:10B9800064206170706C69636174696F6E0020205F
:10B990003F2020202020202D2053686F77207468BE
:10B9A00069732068656C70002020682020202020AA
:10B9B000202D2053686F7720746869732068656C48
:10B9C00070007100636C65617200426164206D619A
:10B9D000676963206E756D62657200496E76616C91
:10B9E000696420646966662066696C6520686561C3
:10B9F00064657200496E76616C6964207061726181
:10BA00006D657465720070646972005265616420CE
:10BA10006572726F72004572617365206572726F34
:10BA200072005772697465206572726F7200536993
:10BA30007A65206572726F72004465636F6D707213
:10BA4000657373696F6E206572726F7200506174F6
:10BA50006368206170706C69636174696F6E2065E2
:10BA600072726F72004D656D6F727920616C6C6FD0
:10BA7000636174696F6E206572726F7200556E6BD0
:10BA80006E6F776E206572726F7200202049563A91
:10BA9000202020202020202020202025730020206E
:10BAA0005369676E61747572653A202020202020EA
:10BAB00020202573002020496D616765205479702E
:10BAC000653A202020202020202573002020456E6C
:10BAD0006372797074696F6E3A20202020202020D4
:10BAE00025730020204F75747075743A2020202033
:10BAF00020202025730020204145532D323536204B
:10BB00004B65793A20202573004572726F723A2096
:10BB10004865616465722070617273652066616951
:10BB20006C65643A202573000D0A53656C65637477
:10BB300065643A202573000D53656C656374656414
:10BB40003A20257300446174612066696C653A206F
:10BB50002573005369676E61747572652066696C40
:10BB6000653A202573000D446966662066696C6538
:10BB70003A202573004F75747075742066696C6582
:10BB80003A202573004572726F723A2043616E6EDF
:10BB90006F7420637265617465206F75747075745D
:10BBA0002066696C653A202573004F6C64206669D5
:10BBB000726D776172653A20257300202044796E9A
:10BBC000616D696353616C743A202573004F75741D
:10BBD0007075743A2025730020205B25645D202554
:10BBE0007300303A2F25730025732573002E626988
:10BBF0006E2E6165730053686F772073746F726582
:10BC00006420696D61676573005772697474656E4D
:10BC10002073697A653A202564206279746573001F
:10BC200020205061796C6F61642053697A653A20F5
:10BC300020202020256C75206279746573002020F7
:10BC40004465637279707465643A20202020256C05
:10BC5000752062797465730020204369706865728D
:10BC6000746578743A202020256C7520627974659B
:10BC7000730020204369706865727465787420537E
:10BC8000697A653A2020256C7520627974657300A5
:10BC9000202050726F67726573733A20256C75208F
:10BCA0002F20256C7520627974657300446563727A
:10BCB0007970746564206461746120736176656471
:10BCC0003A20256C75206279746573006C69747410
:10BCD0006C656673006C667300666174667300461B
:10BCE00069726D7761726520646F776E6C6F6164E5
:10BCF000206F7074696F6E730041455320646563F3
:10BD000072797074696F6E206F7074696F6E7300F2
:10BD1000537563636573730053504920466C6173B8
:10BD2000682073746F72616765206D616E6167650D
:10BD30006D656E74005061727365202E6961702E9E
:10BD400062696E207061636B61676520616E64205B
:10BD500064656372797074004275666665722076F8
:10BD60006572696679207465737400202046697273
:10BD70006D776172653A20202020207625752E256A
:10BD8000752E25750020204669726D7761726520D9
:10BD900056657273696F6E3A20207625752E25756B
:10BDA0002E257500202053746F72656420436F75D3
:10BDB0006E7465723A202020256C75002020427533
:10BDC000696C642054696D657374616D703A2020EC
:10BDD000256C750020205365637572697479204362
:10BDE0006F756E7465723A20256C750052657475B6
:10BDF000726E20746F2070726576696F7573206D36
:10BE0000656E7500496E76616C6964207075626C50
:10BE10006963206B65790047656E657261746520A2
:10BE20003132382D6269742072616E646F6D2064E6
:10BE30006576696365206B65790045643235353117
:10BE400039205369676E6174757265205665726931
:10BE500066790053656C662D746573742045643291
:10BE600035353139207369676E20616E64207665DF
:10BE700072696679000000002E64656372797074DF
:10BE8000656400002E6465632E62696E00007D1D8E
:10BE90000100632C001E9601A01E5A01001F080617
:10BEA000101F0606201F0806301F0806401F060642
:10BEB000511F0700591F521F5B1F541F5D1F561F44
:10BEC0005F1F601F0806701F0E00BA1FBB1FC81F30
:10BED000C91FCA1FCB1FDA1FDB1FF81FF91FEA1F7C
:10BEE000EB1FFA1FFB1F801F0806901F0806A01FEC
:10BEF0000806B01F0400B81FB91FB21FBC1FCC1F1B
:10BF00000100C31FD01F0206E01F0206E51F01004B
:10BF1000EC1FF21F0100FC1F4E2101003221702195
:10BF20001002842101008321D0241A05302C2F0413
:10BF3000602C0201672C0601752C0201802C640123
:10BF4000002D260841FF1A03000061001A03E000DB
:10BF50001703F8000703FF0001007801000130011A
:10BF600032010601390110014A012E017901060151
:10BF700080014D004302810182018201840184011C
:10BF800086018701870189018A018B018B018D015F
:10BF90008E018F0190019101910193019401F601AD
:10BFA00096019701980198013D029B019C019D011A
:10BFB00020029F01A001A001A201A201A401A401ED
:10BFC000A601A701A701A901AA01AB01AC01AC011F
:10BFD000AE01AF01AF01B101B201B301B301B501CF
:10BFE000B501B701B801B801BA01BB01BC01BC0180
:10BFF000BE01F701C001C101C201C301C401C501F5
:10C00000C401C701C801C701CA01CB01CA01CD01E2
:10C010001001DD0101008E01DE011201F3010300B8
:10C02000F101F401F401F8012801220212013A029F
:10C030000900652C3B023B023D02662C3F02400298
:10C040004102410246020A01530240008101860179
:10C05000550289018A0158028F015A0290015C023F
:10C060005D025E025F02930161026202940164025A
:10C07000650266026702970196016A02622C6C02F1
:10C080006D026E029C01700271029D0173027402C6
:10C090009F0176027702780279027A027B027C02A3
:10C0A000642C7E027F02A60181028202A901840221
:10C0B000850286028702AE014402B101B201450247
:10C0C0008D028E028F0290029102B7017B03030062
:10C0D000FD03FE03FF03AC0304008603880389030A
:10C0E0008A03B1031103C2030200A303A303C40321
:10C0F0000803CC0303008C038E038F03D8031801BD
:10C10000F2030A00F903F303F403F503F603F7035C
:10C11000F703F903FA03FA0330042003500410076D
:10C12000600422018A043601C1040E01CF0401001B
:10C13000C004D0044401610526040000A76C010876
:10C14000696B0108296D0108C36C0108CD6D0108F8
:10C15000D76C0108596C0108916A0108696C0108E3
:10C16000336B01082D6C0108F96B0108B36C0108F1
:10C170000B6E01089D700108D16F0108157101084F
:10C180008D71010839700108D56F0108157001081B
:10C190007971010891700108857001089770010894
:10C1A0008B700108757101088371010818C30108BB
:10C1B0000000002070010000EC01000830C30108FD
:10C1C000FCBF0120040000002802000830C3010861
:10C1D000700100206875010048020008000000009E
:10C1E0000000F07FFFFFFFFFFFFFEF7F1001000067
:10C1F00043000000F8FFFFFF004040404040404047
:10C200004040414141414140404040404040404029
:10C2100040404040404040404005020202020202CD
:10C22000020202020202020202202020202020201C
:10C230002020200202020202020290909090909030
:10C2400010101010101010101010101010101010EE
:10C250001010101002020202020288888888888862
:10C26000080808080808080808080808080808084E
:10C270000808080802020202400000000000000056
:10C2800000000000000000000000000000000000AE
:10C29000000000000000000000000000000000009E
:10C2A000000000000000000000000000000000008E
:10C2B000000000000000000000000000000000007E
:10C2C000000000000000000000000000000000006E
:10C2D000000000000000000000000000000000005E
:10C2E000000000000000000000000000000000004E
:10C2F0000000000000000000000000001C00000022
:10C3000043000000F8FFFFFF0C0000000E000000DB
:10C310000F0000002E00000051520103FF24F40121
:10C320001A0739020825FF0008021001000000006A
:04C330000000000009
:040000050800018965
:00000001FF
